rival_0_wins,rival_0_miniseries_wins,rival_0_losses,rival_0_miniseries_losses,rival_0_tier,rival_0_league_points,rival_0_champion_level,rival_0_champion_experience,rival_1_wins,rival_1_miniseries_wins,rival_1_losses,rival_1_miniseries_losses,rival_1_tier,rival_1_league_points,rival_1_champion_level,rival_1_champion_experience,rival_2_wins,rival_2_miniseries_wins,rival_2_losses,rival_2_miniseries_losses,rival_2_tier,rival_2_league_points,rival_2_champion_level,rival_2_champion_experience,rival_3_wins,rival_3_miniseries_wins,rival_3_losses,rival_3_miniseries_losses,rival_3_tier,rival_3_league_points,rival_3_champion_level,rival_3_champion_experience,rival_4_wins,rival_4_miniseries_wins,rival_4_losses,rival_4_miniseries_losses,rival_4_tier,rival_4_league_points,rival_4_champion_level,rival_4_champion_experience,ally_0_wins,ally_0_miniseries_wins,ally_0_losses,ally_0_miniseries_losses,ally_0_tier,ally_0_league_points,ally_0_champion_level,ally_0_champion_experience,ally_1_wins,ally_1_miniseries_wins,ally_1_losses,ally_1_miniseries_losses,ally_1_tier,ally_1_league_points,ally_1_champion_level,ally_1_champion_experience,ally_2_wins,ally_2_miniseries_wins,ally_2_losses,ally_2_miniseries_losses,ally_2_tier,ally_2_league_points,ally_2_champion_level,ally_2_champion_experience,main_player_win,main_player_miniseries_wins,main_player_losses,main_player_miniseries_losses,main_player_tier,main_player_league_points,main_player_champion_level,main_player_champion_experience,ally_3_wins,ally_3_miniseries_wins,ally_3_losses,ally_3_miniseries_losses,ally_3_tier,ally_3_league_points,ally_3_champion_level,ally_3_champion_experience
96,0,88,0,BRONZE_IV,58,18,18614,309,0,321,0,BRONZE_III,62,16,15496,33,0,35,0,BRONZE_III,0,17,17649,186,0,166,0,BRONZE_III,72,16,16250,18,0,32,0,BRONZE_III,13,15,14124,32,0,42,0,BRONZE_III,70,18,21500,109,0,118,0,BRONZE_III,15,18,19260,232,0,231,0,BRONZE_III,60,17,17685,63,0,59,0,BRONZE_III,55,15,14338,97,0,111,0,BRONZE_III,37,16,15684
552,0,509,0,BRONZE_III,34,16,14957,21,0,18,0,IRON_I,100,16,15175,183,0,159,0,BRONZE_III,40,16,15405,106,0,113,0,BRONZE_III,43,14,12270,349,0,323,0,BRONZE_III,72,14,12355,18,0,32,0,BRONZE_III,21,13,11095,160,0,170,0,BRONZE_III,27,12,9798,186,0,167,0,BRONZE_III,68,14,12092,63,0,59,0,BRONZE_III,55,14,11577,311,0,311,0,BRONZE_III,80,12,9552
113,0,126,0,BRONZE_III,42,15,13739,7,0,5,0,BRONZE_IV,10,16,15704,237,0,253,0,BRONZE_III,21,15,13227,81,0,87,0,BRONZE_III,25,16,15068,98,0,121,0,BRONZE_III,32,15,13094,53,0,83,0,BRONZE_III,75,18,20103,18,0,24,0,BRONZE_IV,46,17,17824,53,0,63,0,BRONZE_IV,88,17,18120,63,0,59,0,BRONZE_III,55,16,16292,24,0,28,0,BRONZE_IV,58,15,13159
358,0,352,0,BRONZE_III,50,17,16593,201,0,173,0,BRONZE_III,60,18,18725,281,0,269,0,BRONZE_II,22,15,14038,159,0,153,0,BRONZE_III,82,17,16906,135,0,130,0,BRONZE_III,51,14,12260,186,0,207,0,BRONZE_III,75,16,14760,23,0,37,0,BRONZE_III,12,15,13768,225,0,220,0,BRONZE_III,44,16,15379,63,0,59,0,BRONZE_III,55,15,13241,37,0,40,0,BRONZE_III,9,13,11171
113,0,114,0,BRONZE_II,46,18,24949,8,0,14,0,BRONZE_II,78,18,24347,31,0,44,0,BRONZE_III,75,18,18417,182,0,179,0,BRONZE_III,58,18,19886,77,0,87,0,BRONZE_II,19,17,17566,173,0,143,0,BRONZE_IV,57,16,16371,272,0,284,0,BRONZE_II,79,18,19732,176,0,133,0,SILVER_IV,16,18,20406,63,0,59,0,BRONZE_III,55,17,18286,394,0,368,0,BRONZE_III,15,16,15767
32,0,42,0,BRONZE_II,43,15,13525,25,0,36,0,BRONZE_II,29,15,14135,25,0,36,0,BRONZE_II,29,14,11526,15,0,12,0,BRONZE_III,5,13,10158,15,0,11,0,BRONZE_III,9,13,10535,26,0,20,0,BRONZE_III,89,16,16288,32,0,33,0,BRONZE_II,0,15,14495,14,0,10,0,BRONZE_I,25,17,17018,8,0,6,0,BRONZE_III,75,15,14315,56,0,51,0,SILVER_IV,16,13,11198
47,0,46,0,BRONZE_III,54,15,13213,9,0,18,0,BRONZE_IV,22,13,10800,30,0,42,0,BRONZE_III,89,13,11185,15,0,12,0,BRONZE_III,5,13,10202,15,0,11,0,BRONZE_III,9,12,9602,106,0,137,0,IRON_I,75,14,12009,40,0,60,0,BRONZE_IV,0,12,8744,40,0,60,0,BRONZE_IV,0,12,9139,162,0,167,0,BRONZE_IV,28,11,8225,56,0,55,0,BRONZE_I,32,11,8130
73,0,81,0,BRONZE_II,51,18,21023,241,0,258,0,BRONZE_IV,64,18,22653,386,0,398,0,SILVER_IV,0,18,23383,15,0,12,0,BRONZE_III,5,18,18778,15,0,11,0,BRONZE_III,9,17,17710,31,0,37,0,BRONZE_III,0,16,16235,31,0,37,0,BRONZE_III,0,17,17185,159,0,160,0,BRONZE_IV,14,15,14690,195,0,201,0,SILVER_IV,39,15,14197,79,0,78,0,BRONZE_I,10,16,15225
82,0,91,0,BRONZE_I,6,15,14286,82,0,91,0,BRONZE_I,6,14,12979,83,0,73,0,GOLD_I,56,15,13822,15,0,8,0,BRONZE_I,86,15,13833,17,0,12,0,SILVER_IV,62,12,9765,19,0,18,0,SILVER_III,64,14,11606,188,0,208,0,IRON_II,36,13,10191,9,0,5,0,BRONZE_III,51,14,12348,6,0,7,0,BRONZE_IV,47,12,9316,22,0,27,0,BRONZE_I,71,11,8569
22,0,27,0,BRONZE_I,71,18,21400,22,0,27,0,BRONZE_I,71,18,20065,22,0,27,0,BRONZE_I,71,18,18893,7,0,12,0,BRONZE_IV,36,17,18235,7,0,9,0,BRONZE_I,14,14,12852,5,0,11,0,BRONZE_III,59,15,14298,22,0,23,0,SILVER_III,65,18,19453,9,0,5,0,BRONZE_III,51,18,20078,5,0,5,0,BRONZE_III,25,16,16215,5,0,5,0,BRONZE_III,25,16,15432
30,0,32,0,SILVER_II,15,17,17622,30,0,32,0,SILVER_II,15,18,18742,7,0,4,0,BRONZE_I,75,17,16657,28,0,50,0,BRONZE_IV,58,16,15012,28,0,50,0,BRONZE_IV,58,15,13034,9,0,22,0,BRONZE_II,75,16,15855,25,0,34,0,BRONZE_II,99,16,14753,9,0,5,0,BRONZE_III,51,16,15531,9,0,5,0,BRONZE_III,51,14,11653,6,0,16,0,BRONZE_IV,42,13,10815
28,0,50,0,BRONZE_IV,58,13,10869,8,0,8,0,BRONZE_I,6,10,6897,26,0,21,0,BRONZE_I,86,11,7935,26,0,21,0,BRONZE_I,86,11,8121,6,0,12,0,BRONZE_III,65,11,7455,73,0,88,0,IRON_II,61,11,7498,2,0,8,0,BRONZE_II,2,9,5837,9,0,5,0,BRONZE_III,51,13,10815,9,0,5,0,BRONZE_III,51,9,5383,6,0,8,0,SILVER_IV,1,9,5380
21,0,35,0,BRONZE_IV,56,15,13294,25,0,37,0,SILVER_IV,16,15,13495,8,0,15,0,BRONZE_III,47,15,13370,29,0,22,0,SILVER_IV,94,14,12627,22,0,16,0,SILVER_IV,1,13,11366,88,0,98,0,SILVER_IV,10,15,14529,102,0,113,0,SILVER_III,50,14,11808,9,0,5,0,BRONZE_III,51,16,15027,6,0,10,0,BRONZE_I,1,15,13727,7,0,7,0,BRONZE_II,78,13,11186
145,0,127,0,BRONZE_III,58,15,14231,108,0,113,0,BRONZE_II,0,12,9196,83,0,115,0,BRONZE_IV,47,12,9916,179,0,201,0,BRONZE_III,39,10,7011,131,0,135,0,BRONZE_III,8,12,8583,144,0,162,0,BRONZE_III,3,15,14317,161,0,187,0,BRONZE_IV,32,13,10417,363,0,366,0,BRONZE_IV,79,14,12910,21,0,23,0,BRONZE_IV,69,15,14644,66,0,77,0,BRONZE_III,48,12,9655
6,0,9,0,BRONZE_IV,32,17,16948,55,0,71,0,BRONZE_IV,11,16,16319,26,0,37,0,BRONZE_III,79,15,14031,157,0,182,0,BRONZE_IV,75,16,16358,131,0,135,0,BRONZE_III,8,14,12089,136,0,156,0,BRONZE_III,41,18,19295,17,0,28,0,BRONZE_III,30,18,18782,170,0,180,0,BRONZE_III,92,17,16892,196,0,192,0,BRONZE_II,41,16,16371,38,0,50,0,BRONZE_III,79,17,16516
81,0,110,0,BRONZE_IV,50,13,10156,10,0,21,0,BRONZE_III,0,13,10612,30,0,37,0,BRONZE_IV,6,13,10142,25,0,21,0,BRONZE_III,67,12,8889,131,0,135,0,BRONZE_III,8,10,7216,41,0,57,0,BRONZE_II,0,13,10174,100,0,119,0,BRONZE_II,75,10,6838,306,0,303,0,BRONZE_IV,0,12,9838,159,0,144,0,IRON_I,43,9,6033,42,0,48,0,BRONZE_IV,75,11,7738
139,0,121,0,BRONZE_I,51,18,18653,245,0,218,0,BRONZE_III,88,16,15410,59,0,46,0,BRONZE_III,33,15,13867,91,0,111,0,BRONZE_III,48,16,15781,131,0,135,0,BRONZE_III,8,14,12876,301,0,287,0,BRONZE_III,64,16,15231,330,0,321,0,BRONZE_IV,75,14,11744,323,0,337,0,BRONZE_II,0,15,14109,318,0,292,0,BRONZE_II,89,14,12686,225,0,238,0,BRONZE_III,8,12,8963
192,0,161,0,BRONZE_IV,0,12,9119,247,0,313,0,IRON_III,21,10,6760,5,0,23,0,BRONZE_IV,0,11,8512,5,0,23,0,BRONZE_IV,0,11,8543,131,0,135,0,BRONZE_III,8,11,8526,94,0,96,0,BRONZE_III,15,15,13654,372,0,394,0,IRON_III,29,12,8822,167,0,197,0,BRONZE_IV,8,13,10748,27,0,52,0,BRONZE_IV,0,11,7981,149,0,160,0,IRON_IV,22,11,7603
218,0,202,0,BRONZE_III,33,18,25238,52,0,68,0,BRONZE_III,61,18,26116,10,0,16,0,BRONZE_IV,37,18,19730,305,0,320,0,BRONZE_II,21,18,19044,4,0,22,0,BRONZE_III,25,16,16275,11,0,8,0,BRONZE_III,14,18,23704,155,0,146,0,SILVER_IV,24,18,20976,158,0,175,0,BRONZE_III,94,18,20853,116,0,142,0,BRONZE_III,34,18,25938,158,0,146,0,BRONZE_II,37,18,22525
218,0,202,0,BRONZE_III,33,18,29713,63,0,83,0,BRONZE_IV,75,18,27318,676,0,657,0,BRONZE_IV,62,18,21262,207,0,189,0,BRONZE_III,70,18,24827,111,0,108,0,BRONZE_III,51,18,23802,299,0,311,0,BRONZE_I,12,18,28987,14,0,17,0,BRONZE_III,85,17,18351,36,0,48,0,BRONZE_III,70,18,20637,39,0,60,0,BRONZE_III,13,18,20482,20,0,31,0,BRONZE_III,73,17,16603
218,0,202,0,BRONZE_III,33,11,7614,181,0,213,0,BRONZE_IV,88,13,10451,65,0,52,0,BRONZE_III,79,10,6438,92,0,107,0,BRONZE_III,9,8,4643,238,0,231,0,BRONZE_III,0,8,4392,198,0,220,0,BRONZE_IV,44,12,8739,102,0,116,0,BRONZE_II,15,12,9265,530,0,516,0,BRONZE_III,74,11,7516,107,0,115,0,BRONZE_III,45,11,8104,133,0,114,0,BRONZE_III,28,10,6519
218,0,202,0,BRONZE_III,33,16,14739,67,0,81,0,BRONZE_III,57,16,15043,18,0,19,0,BRONZE_IV,76,17,18184,287,0,281,0,BRONZE_III,91,13,11056,66,0,78,0,BRONZE_III,80,13,11196,173,0,180,0,BRONZE_II,35,15,13229,101,0,82,0,SILVER_IV,70,17,17375,93,0,80,0,BRONZE_III,22,15,13078,22,0,19,0,BRONZE_IV,71,14,13006,76,0,67,0,BRONZE_II,21,14,11720
218,0,202,0,BRONZE_III,33,16,15079,43,0,30,0,BRONZE_III,36,14,12985,280,0,298,0,BRONZE_II,0,15,13495,102,0,114,0,BRONZE_IV,44,14,11684,157,0,186,0,BRONZE_III,74,13,11183,456,0,443,0,BRONZE_III,63,13,11418,325,0,329,0,BRONZE_III,54,13,11412,380,0,383,0,BRONZE_IV,36,14,12039,309,0,288,0,BRONZE_II,5,13,10251,33,0,51,0,BRONZE_III,57,13,10805
343,0,352,0,BRONZE_II,69,18,22950,59,0,54,0,BRONZE_I,100,18,21782,142,0,136,0,BRONZE_II,6,18,21306,210,0,233,0,BRONZE_IV,36,17,18262,341,0,345,0,BRONZE_I,87,18,20572,225,0,227,0,BRONZE_III,67,18,25545,92,0,106,0,BRONZE_II,70,18,20909,232,0,236,0,BRONZE_III,63,18,18981,25,0,15,0,BRONZE_III,4,17,17329,324,0,382,0,BRONZE_III,16,17,17063
259,0,262,0,BRONZE_IV,5,18,23521,25,0,29,0,BRONZE_III,8,18,20856,350,0,318,0,BRONZE_III,77,18,18635,60,0,85,0,BRONZE_IV,0,15,14512,121,0,139,0,BRONZE_IV,90,16,16181,145,0,130,0,IRON_I,18,18,22733,16,0,16,0,BRONZE_I,3,18,21108,207,0,219,0,BRONZE_II,74,18,20676,25,0,15,0,BRONZE_III,4,18,19259,191,0,185,0,BRONZE_II,51,17,17050
27,0,44,0,BRONZE_III,0,12,8956,160,0,160,0,BRONZE_III,2,16,16231,159,0,154,0,SILVER_IV,25,16,16395,259,0,265,0,SILVER_IV,0,16,15132,551,0,538,0,SILVER_IV,0,15,13732,85,0,75,0,BRONZE_I,31,16,16431,155,0,149,0,BRONZE_IV,75,15,14162,60,0,52,0,SILVER_II,22,15,14462,152,0,161,0,BRONZE_I,49,14,11640,183,0,170,0,BRONZE_IV,54,14,12100
27,0,44,0,BRONZE_III,0,14,12702,103,0,121,0,SILVER_IV,10,14,12379,54,0,76,0,BRONZE_II,1,14,11709,101,0,98,0,SILVER_II,57,14,12541,91,0,88,0,SILVER_III,64,13,10594,158,0,149,0,SILVER_IV,0,18,18530,258,0,241,0,SILVER_IV,28,15,13726,508,0,508,0,SILVER_IV,47,15,13236,312,0,300,0,SILVER_II,0,13,10849,405,0,417,0,BRONZE_I,87,14,11807
27,0,44,0,BRONZE_III,0,15,14352,21,0,29,0,BRONZE_II,79,14,12520,345,0,326,0,BRONZE_IV,56,14,12648,78,0,80,0,BRONZE_II,0,13,11267,72,0,72,0,BRONZE_II,0,12,9698,58,0,56,0,BRONZE_II,39,15,14396,101,0,81,0,SILVER_III,0,13,10869,86,0,75,0,BRONZE_II,32,12,9170,10,0,30,0,IRON_I,11,14,11465,201,0,216,0,BRONZE_III,79,12,9201
27,0,44,0,BRONZE_III,0,13,10268,235,0,205,0,SILVER_III,79,13,10138,123,0,136,0,BRONZE_III,30,15,13793,199,0,203,0,SILVER_IV,10,13,11075,55,0,44,0,BRONZE_III,64,11,8075,139,0,135,0,BRONZE_I,43,13,11226,204,0,180,0,SILVER_IV,96,11,7855,217,0,239,0,BRONZE_IV,90,13,10696,95,0,67,0,BRONZE_II,38,12,8820,53,0,46,0,BRONZE_IV,0,11,7522
6,0,7,0,BRONZE_III,27,14,11550,55,0,58,0,SILVER_IV,0,14,12136,23,0,43,0,BRONZE_III,69,14,12006,270,0,295,0,BRONZE_IV,75,11,7773,38,0,38,0,BRONZE_I,70,13,11315,56,0,39,0,SILVER_IV,54,17,16967,104,0,102,0,SILVER_IV,13,15,13257,29,0,18,0,BRONZE_I,70,15,13574,63,0,66,0,BRONZE_II,89,13,10111,176,0,169,0,SILVER_IV,76,12,9761
6,0,7,0,BRONZE_III,27,14,12563,126,0,127,0,SILVER_III,16,14,12623,56,0,52,0,SILVER_II,45,16,15226,370,0,341,0,GOLD_IV,60,13,10495,154,0,152,0,BRONZE_I,61,13,10207,164,0,145,0,SILVER_III,43,15,14499,265,0,264,0,SILVER_II,29,15,13741,245,0,259,0,SILVER_II,70,16,15394,21,0,24,0,BRONZE_I,73,16,15014,46,0,49,0,SILVER_IV,74,15,13095
6,0,7,0,BRONZE_III,27,16,15990,56,0,52,0,SILVER_II,45,15,13966,44,0,46,0,SILVER_III,47,15,14280,44,0,46,0,SILVER_III,47,16,14788,87,0,78,0,GOLD_IV,0,13,10451,5,0,14,0,BRONZE_II,16,15,14469,13,0,15,0,BRONZE_I,14,13,11226,280,0,289,0,BRONZE_III,76,14,12706,74,0,63,0,SILVER_II,33,13,10601,56,0,62,0,SILVER_IV,0,12,8602
6,0,7,0,BRONZE_III,27,18,18819,6,0,7,0,BRONZE_III,27,12,8810,6,0,12,0,BRONZE_IV,92,18,19197,6,0,6,0,BRONZE_IV,23,15,13682,20,0,29,0,BRONZE_III,75,15,13276,14,0,28,0,BRONZE_III,4,17,17117,58,0,37,0,SILVER_I,41,18,19545,4,0,9,0,IRON_I,51,15,14548,15,0,12,0,BRONZE_II,46,17,16546,18,0,18,0,BRONZE_III,63,15,14160
689,0,721,0,BRONZE_II,33,16,14968,30,0,55,0,IRON_III,96,15,13126,274,0,258,0,BRONZE_III,82,15,14621,27,0,35,0,SILVER_III,17,17,17136,273,0,266,0,BRONZE_III,46,15,14236,20,0,27,0,BRONZE_III,0,14,12106,196,0,204,0,BRONZE_II,28,15,14023,80,0,90,0,BRONZE_III,61,14,11824,494,0,527,0,BRONZE_IV,55,14,12255,190,0,171,0,BRONZE_II,81,13,10499
57,0,45,0,BRONZE_II,43,16,15096,5,0,13,0,BRONZE_III,9,13,11330,4,0,6,0,IRON_I,69,11,8098,16,0,43,0,IRON_II,26,11,8374,107,0,118,0,IRON_I,3,11,8208,20,0,27,0,BRONZE_III,0,15,13414,20,0,27,0,BRONZE_III,0,14,12847,600,0,603,0,BRONZE_III,63,15,14313,45,0,39,0,BRONZE_II,77,15,13476,57,0,45,0,BRONZE_II,43,14,12044
40,0,48,0,BRONZE_IV,22,10,6612,6,0,20,0,BRONZE_IV,11,9,5258,113,0,133,0,BRONZE_II,8,10,6385,40,0,59,0,IRON_I,18,7,3562,17,0,55,0,IRON_IV,0,6,2669,20,0,27,0,BRONZE_III,0,11,7405,412,0,406,0,BRONZE_IV,0,10,6915,320,0,355,0,BRONZE_III,89,10,6830,63,0,66,0,IRON_II,63,9,5196,33,0,41,0,BRONZE_IV,55,9,5784
18,0,17,0,SILVER_IV,1,15,14616,339,0,347,0,BRONZE_II,0,14,12449,12,0,14,0,BRONZE_III,76,12,9749,4,0,7,0,BRONZE_IV,67,12,9185,20,0,33,0,BRONZE_III,48,12,8709,20,0,27,0,BRONZE_III,0,16,15336,16,0,20,0,BRONZE_I,44,15,14072,94,0,106,0,SILVER_IV,75,16,14800,165,0,183,0,BRONZE_II,15,13,11220,51,0,50,0,BRONZE_II,83,14,12192
264,0,267,0,BRONZE_III,36,16,15609,71,0,67,0,BRONZE_III,17,15,13293,161,0,173,0,BRONZE_III,33,15,14573,55,0,73,0,BRONZE_III,60,14,12451,324,0,317,0,SILVER_IV,67,13,10761,336,0,323,0,BRONZE_I,0,14,12856,242,0,224,0,BRONZE_III,34,15,13493,52,0,44,0,BRONZE_II,0,13,11228,465,0,453,0,BRONZE_I,12,13,10404,35,0,18,0,BRONZE_III,46,12,9276
27,0,40,0,BRONZE_III,73,15,14595,76,0,96,0,BRONZE_II,51,12,8912,42,0,43,0,BRONZE_I,8,15,14031,109,0,101,0,BRONZE_II,75,13,10167,201,0,210,0,BRONZE_II,57,13,10033,324,0,290,0,BRONZE_II,79,16,15429,216,0,221,0,SILVER_IV,11,15,13944,56,0,47,0,BRONZE_II,45,14,12112,178,0,184,0,BRONZE_I,76,15,13240,705,0,719,0,SILVER_IV,14,13,10988
27,0,40,0,BRONZE_III,73,18,18488,74,0,68,0,BRONZE_III,51,18,25456,60,0,63,0,BRONZE_I,100,16,15137,12,0,12,0,BRONZE_III,13,18,19128,8,0,12,0,BRONZE_IV,35,17,17320,19,0,31,0,BRONZE_IV,84,17,16635,48,0,66,0,BRONZE_III,63,17,17656,32,0,42,0,BRONZE_III,70,18,18673,132,0,135,0,BRONZE_III,6,17,17302,64,0,72,0,BRONZE_III,75,16,15127
27,0,40,0,BRONZE_III,73,15,13528,282,0,268,0,BRONZE_III,77,13,11062,38,0,49,0,BRONZE_II,34,14,12421,401,0,393,0,BRONZE_II,55,14,11611,61,0,67,0,BRONZE_III,7,13,10317,160,0,156,0,BRONZE_II,77,17,18256,16,0,13,0,IRON_I,100,16,15591,46,0,25,0,SILVER_IV,17,15,14274,134,0,160,0,BRONZE_I,58,15,13265,147,0,147,0,BRONZE_II,86,14,12412
27,0,40,0,BRONZE_III,73,17,17172,356,0,361,0,BRONZE_II,15,15,13351,124,0,136,0,BRONZE_II,0,16,15434,473,0,482,0,BRONZE_II,22,15,13668,457,0,438,0,BRONZE_III,21,13,10952,7,0,18,0,BRONZE_II,12,15,13779,31,0,46,0,BRONZE_III,35,13,11027,83,0,104,0,BRONZE_II,66,12,9135,174,0,165,0,BRONZE_I,2,14,11860,205,0,222,0,BRONZE_IV,19,12,9665
27,0,40,0,BRONZE_III,73,13,11062,17,0,34,0,BRONZE_IV,1,11,8433,171,0,163,0,BRONZE_III,22,13,10676,250,0,279,0,BRONZE_IV,77,10,7074,141,0,152,0,BRONZE_II,63,11,8211,19,0,25,0,IRON_I,18,14,11564,74,0,98,0,BRONZE_II,56,13,10344,117,0,76,0,SILVER_I,22,13,11274,54,0,65,0,BRONZE_III,75,12,9397,150,0,159,0,BRONZE_II,17,12,9757
150,0,159,0,BRONZE_II,17,14,12476,6,0,6,0,BRONZE_II,50,15,13476,6,0,6,0,BRONZE_II,50,14,12707,10,0,10,0,BRONZE_I,25,15,14198,9,0,3,0,BRONZE_III,57,15,13255,9,0,3,0,BRONZE_III,57,17,16850,4,0,6,0,BRONZE_III,86,11,8159,4,0,6,0,BRONZE_III,86,16,15351,4,0,6,0,BRONZE_III,86,14,12946,6,0,5,0,BRONZE_III,59,13,10717
3,0,10,0,BRONZE_IV,32,12,8893,8,0,12,0,BRONZE_III,96,11,8078,4,0,6,0,BRONZE_III,87,12,9756,4,0,6,0,BRONZE_III,87,11,8312,9,0,3,0,BRONZE_III,57,9,5457,6,0,5,0,BRONZE_III,59,12,9044,7,0,14,0,BRONZE_III,82,10,7118,6,0,6,0,BRONZE_III,49,12,9093,6,0,6,0,BRONZE_III,49,7,3449,6,0,6,0,BRONZE_III,49,9,5767
205,0,207,0,BRONZE_IV,49,15,13860,88,0,93,0,BRONZE_III,90,14,11555,63,0,62,0,BRONZE_IV,0,14,12923,53,0,38,0,BRONZE_III,78,14,12349,52,0,83,0,BRONZE_IV,11,13,11061,156,0,131,0,SILVER_III,11,16,16125,35,0,41,0,BRONZE_IV,64,15,14019,57,0,62,0,BRONZE_III,50,16,15618,26,0,23,0,BRONZE_III,52,14,11797,52,0,68,0,BRONZE_IV,61,14,12094
183,0,176,0,SILVER_IV,26,13,10718,128,0,118,0,SILVER_IV,63,13,10593,535,0,475,0,GOLD_III,27,13,10563,161,0,138,0,SILVER_II,10,13,10324,167,0,128,0,SILVER_IV,65,12,8770,200,0,212,0,BRONZE_III,9,11,8459,351,0,347,0,BRONZE_II,17,10,7019,86,0,88,0,BRONZE_III,11,10,6920,26,0,23,0,BRONZE_III,52,11,7516,61,0,58,0,BRONZE_III,77,10,7030
31,0,23,0,BRONZE_III,68,13,10086,120,0,150,0,BRONZE_IV,1,11,7837,300,0,286,0,SILVER_IV,57,12,9337,4,0,8,0,IRON_I,17,10,6509,98,0,91,0,SILVER_IV,0,10,6319,170,0,186,0,BRONZE_III,59,12,9414,150,0,114,0,GOLD_IV,77,13,11364,163,0,120,0,GOLD_IV,57,15,13044,26,0,23,0,BRONZE_III,52,12,9389,324,0,298,0,SILVER_III,16,11,8034
221,0,206,0,BRONZE_II,8,18,26216,181,0,191,0,BRONZE_I,0,18,18813,189,0,190,0,BRONZE_I,36,18,22275,50,0,55,0,BRONZE_IV,52,18,18820,394,0,381,0,BRONZE_I,0,17,17334,162,0,178,0,BRONZE_IV,39,17,17308,9,0,9,0,BRONZE_IV,3,15,13516,253,0,238,0,SILVER_IV,7,18,18644,26,0,23,0,BRONZE_III,52,17,17273,233,0,243,0,BRONZE_III,11,18,19330
72,0,87,0,BRONZE_IV,20,14,11890,294,0,293,0,BRONZE_II,5,14,11489,241,0,223,0,SILVER_IV,14,14,12405,50,0,55,0,BRONZE_IV,52,12,9511,47,0,49,0,BRONZE_I,32,11,8091,62,0,53,0,BRONZE_II,64,14,11537,132,0,124,0,BRONZE_II,45,16,14776,253,0,238,0,SILVER_IV,7,15,13814,26,0,23,0,BRONZE_III,52,14,12546,277,0,269,0,BRONZE_I,0,14,11834
47,0,49,0,BRONZE_I,32,13,10425,291,0,236,0,BRONZE_I,52,14,11846,16,0,41,0,IRON_I,40,14,11790,37,0,33,0,BRONZE_III,83,11,8400,77,0,56,0,SILVER_IV,27,9,5422,19,0,25,0,BRONZE_III,49,12,9683,28,0,42,0,IRON_III,94,9,5980,25,0,40,0,BRONZE_III,3,11,8102,9,0,15,0,BRONZE_IV,83,9,5846,11,0,16,0,BRONZE_IV,48,9,5965
13,0,27,0,BRONZE_IV,46,12,9085,58,0,53,0,BRONZE_III,17,11,7760,40,0,46,0,BRONZE_I,100,12,9743,37,0,33,0,BRONZE_III,83,12,8938,52,0,73,0,BRONZE_III,18,9,5669,12,0,17,0,BRONZE_III,55,12,8719,28,0,23,0,SILVER_IV,56,13,11427,184,0,170,0,SILVER_IV,27,13,10695,68,0,56,0,BRONZE_I,30,14,12112,11,0,1,0,BRONZE_I,22,11,8453
594,0,603,0,SILVER_IV,0,15,14395,15,0,22,0,BRONZE_II,41,17,16776,93,0,85,0,SILVER_IV,10,15,13477,37,0,33,0,BRONZE_III,83,8,4382,302,0,322,0,BRONZE_II,52,15,13787,187,0,173,0,SILVER_III,43,18,19982,64,0,91,0,BRONZE_IV,11,15,13549,231,0,234,0,BRONZE_I,26,14,12479,230,0,243,0,BRONZE_I,12,15,14286,157,0,158,0,SILVER_III,59,15,13111
264,0,275,0,BRONZE_III,78,11,7496,117,0,129,0,BRONZE_I,38,11,7892,96,0,83,0,SILVER_IV,0,9,5473,37,0,33,0,BRONZE_III,83,9,6030,113,0,104,0,BRONZE_III,10,8,4297,367,0,403,0,BRONZE_III,53,11,8264,165,0,196,0,BRONZE_II,79,9,5808,173,0,195,0,BRONZE_II,90,9,5900,8,0,9,0,BRONZE_IV,75,8,4505,74,0,86,0,BRONZE_III,35,8,4789
41,0,53,0,BRONZE_II,55,16,15268,131,0,140,0,SILVER_IV,63,17,17726,240,0,259,0,BRONZE_IV,0,16,15179,36,0,39,0,BRONZE_III,75,15,13583,26,0,43,0,SILVER_IV,0,14,12744,14,0,18,0,BRONZE_II,7,15,13722,99,0,120,0,BRONZE_II,47,15,13383,123,0,128,0,BRONZE_I,55,16,15450,32,0,33,0,SILVER_II,26,17,17155,33,0,35,0,BRONZE_IV,85,15,13472
41,0,53,0,BRONZE_II,55,15,13085,123,0,128,0,BRONZE_I,55,15,13454,146,0,156,0,SILVER_IV,8,15,13094,36,0,39,0,BRONZE_III,75,15,13798,52,0,68,0,BRONZE_II,56,14,12473,60,0,65,0,SILVER_II,29,18,20525,479,0,499,0,BRONZE_III,0,17,17241,132,0,119,0,BRONZE_I,55,17,18337,508,0,531,0,SILVER_IV,47,16,15667,173,0,178,0,SILVER_IV,0,14,11656
41,0,53,0,BRONZE_II,55,14,11919,32,0,47,0,BRONZE_II,63,13,11307,33,0,47,0,SILVER_IV,0,13,11342,36,0,39,0,BRONZE_III,75,10,7006,147,0,182,0,SILVER_IV,0,13,10515,229,0,258,0,SILVER_IV,48,14,12563,230,0,197,0,BRONZE_I,16,15,13682,187,0,194,0,BRONZE_II,9,15,13357,329,0,328,0,SILVER_IV,0,13,10669,36,0,43,0,BRONZE_I,6,14,11907
365,0,371,0,BRONZE_II,26,15,14422,46,0,61,0,BRONZE_II,40,15,14688,64,0,55,0,BRONZE_I,2,15,13478,36,0,39,0,BRONZE_III,75,12,9574,156,0,147,0,BRONZE_II,77,14,12242,133,0,144,0,BRONZE_II,40,12,8886,18,0,31,0,BRONZE_III,75,13,10534,6,0,15,0,BRONZE_III,48,14,12961,59,0,53,0,BRONZE_I,0,13,11170,68,0,75,0,BRONZE_II,54,12,8642
47,0,55,0,IRON_II,30,18,20585,44,0,49,0,BRONZE_I,39,18,22760,228,0,244,0,BRONZE_IV,10,18,19390,73,0,89,0,BRONZE_IV,13,18,20253,59,0,73,0,BRONZE_II,90,18,20061,78,0,76,0,BRONZE_III,47,18,23195,18,0,23,0,IRON_II,67,18,21473,119,0,108,0,BRONZE_III,1,18,25389,41,0,35,0,SILVER_IV,60,18,21405,262,0,315,0,BRONZE_II,5,18,23374
262,0,315,0,BRONZE_II,5,12,9909,296,0,290,0,BRONZE_II,0,11,7993,4,0,11,0,IRON_II,57,11,8253,4,0,9,0,BRONZE_III,60,10,6426,8,0,22,0,BRONZE_IV,27,10,6924,140,0,146,0,BRONZE_II,67,13,11071,228,0,234,0,BRONZE_III,23,13,10878,168,0,123,0,BRONZE_II,42,14,12477,21,0,24,0,BRONZE_III,45,13,10141,138,0,127,0,BRONZE_I,18,12,8753
221,0,234,0,BRONZE_III,94,15,13970,91,0,118,0,BRONZE_III,96,14,12111,92,0,85,0,BRONZE_II,30,15,14530,36,0,42,0,BRONZE_III,46,13,10769,228,0,237,0,BRONZE_II,21,14,11485,21,0,21,0,BRONZE_II,47,14,12694,228,0,234,0,BRONZE_III,23,12,9090,86,0,93,0,BRONZE_IV,0,13,10489,30,0,49,0,BRONZE_III,71,14,12050,236,0,232,0,BRONZE_II,0,12,9215
322,0,317,0,BRONZE_III,82,16,15362,51,0,53,0,BRONZE_III,27,16,15130,487,0,500,0,BRONZE_III,59,16,14855,18,0,21,0,BRONZE_IV,93,13,9986,430,0,456,0,BRONZE_III,75,13,10795,191,0,185,0,BRONZE_I,14,13,10882,228,0,234,0,BRONZE_III,23,15,14408,20,0,32,0,BRONZE_III,56,14,12040,113,0,93,0,BRONZE_IV,80,12,9907,134,0,184,0,BRONZE_III,38,11,7627
254,0,239,0,GOLD_III,54,18,19579,442,0,420,0,PLATINUM_IV,0,16,15932,146,0,152,0,BRONZE_IV,0,16,15635,7,0,10,0,BRONZE_I,54,15,14509,7,0,10,0,BRONZE_I,54,14,12174,134,0,184,0,BRONZE_III,38,15,14044,228,0,234,0,BRONZE_III,23,15,13255,153,0,165,0,GOLD_IV,0,16,15001,242,0,223,0,GOLD_IV,30,16,15586,109,0,125,0,IRON_III,79,13,11046
77,0,76,0,BRONZE_III,62,13,10982,71,0,80,0,BRONZE_III,39,12,9100,226,0,218,0,BRONZE_III,39,14,12678,30,0,44,0,BRONZE_III,19,11,7886,83,0,80,0,BRONZE_III,27,12,9376,39,0,52,0,BRONZE_III,23,13,11324,228,0,234,0,BRONZE_III,23,17,16710,29,0,40,0,BRONZE_III,76,15,13686,15,0,14,0,BRONZE_IV,45,11,8214,268,0,251,0,BRONZE_II,7,12,9473
139,0,151,0,BRONZE_I,75,13,10698,16,0,29,0,BRONZE_III,94,11,7447,122,0,128,0,BRONZE_III,82,11,7778,107,0,125,0,SILVER_III,74,13,10405,107,0,125,0,SILVER_III,74,10,6638,55,0,62,0,BRONZE_III,24,13,10121,153,0,145,0,SILVER_II,62,11,7575,131,0,130,0,SILVER_III,63,12,9547,191,0,183,0,SILVER_IV,62,9,5428,3,0,7,0,BRONZE_III,32,9,5362
14,0,13,0,BRONZE_II,16,16,15650,154,0,156,0,BRONZE_I,1,13,10323,105,0,131,0,BRONZE_II,53,15,13109,87,0,92,0,BRONZE_III,75,13,11135,137,0,157,0,BRONZE_IV,75,12,8816,161,0,158,0,BRONZE_I,96,16,15977,190,0,173,0,BRONZE_II,28,17,16708,96,0,96,0,BRONZE_I,11,14,12109,148,0,145,0,BRONZE_I,0,14,11710,330,0,341,0,SILVER_IV,0,11,8350
354,0,326,0,SILVER_IV,10,17,17952,90,0,79,0,SILVER_IV,74,15,13597,200,0,180,0,SILVER_IV,40,15,13466,87,0,92,0,BRONZE_III,75,13,11167,58,0,92,0,BRONZE_I,21,15,13337,177,0,165,0,BRONZE_III,75,17,17277,122,0,132,0,SILVER_IV,0,17,17592,162,0,158,0,SILVER_III,70,18,18531,96,0,98,0,SILVER_IV,43,17,17554,644,0,650,0,SILVER_IV,60,16,15238
446,0,427,0,BRONZE_III,18,12,9532,138,0,137,0,BRONZE_I,27,10,6888,394,0,379,0,BRONZE_I,100,12,8590,87,0,92,0,BRONZE_III,75,9,6044,29,0,42,0,BRONZE_III,60,9,5838,18,0,20,0,BRONZE_I,56,14,12270,32,0,39,0,BRONZE_III,70,12,9727,63,0,70,0,BRONZE_I,100,13,10928,119,0,127,0,BRONZE_I,48,12,8761,34,0,42,0,BRONZE_I,18,11,7454
24,0,34,0,BRONZE_III,11,14,12287,11,0,5,0,SILVER_IV,1,14,12183,71,0,85,0,IRON_I,54,13,10531,87,0,92,0,BRONZE_III,75,3,677,282,0,315,0,BRONZE_III,59,13,10393,514,0,514,0,BRONZE_II,42,14,12413,80,0,110,0,IRON_II,51,12,9876,39,0,54,0,SILVER_IV,0,14,11673,91,0,101,0,BRONZE_III,92,11,8383,7,0,16,0,BRONZE_II,0,11,7699
282,0,315,0,BRONZE_III,59,18,19430,177,0,185,0,BRONZE_IV,46,18,24751,42,0,38,0,SILVER_III,37,18,20395,87,0,92,0,BRONZE_III,75,18,18558,19,0,9,0,SILVER_II,1,17,17719,4,0,11,0,BRONZE_III,52,18,26737,24,0,41,0,BRONZE_II,28,18,23497,3,0,9,0,BRONZE_III,33,18,24957,10,0,9,0,BRONZE_III,68,18,24226,50,0,57,0,BRONZE_IV,37,18,22251
58,0,70,0,BRONZE_IV,0,15,13829,147,0,140,0,BRONZE_I,0,15,14285,81,0,73,0,BRONZE_III,31,15,13458,306,0,329,0,BRONZE_II,4,15,13025,338,0,341,0,BRONZE_III,16,12,9436,278,0,256,0,BRONZE_II,75,16,15068,127,0,133,0,BRONZE_II,50,15,13770,455,0,485,0,BRONZE_IV,70,16,15623,251,0,269,0,BRONZE_III,95,15,14246,42,0,40,0,BRONZE_IV,16,15,13147
417,0,411,0,BRONZE_IV,15,16,14957,12,0,6,0,BRONZE_IV,94,15,13900,81,0,73,0,BRONZE_III,31,15,13244,144,0,151,0,BRONZE_II,11,14,11568,158,0,196,0,BRONZE_III,36,13,11277,359,0,395,0,BRONZE_IV,47,14,12506,215,0,186,0,BRONZE_III,46,12,9724,29,0,22,0,BRONZE_IV,75,13,10358,128,0,135,0,BRONZE_III,17,12,8781,135,0,155,0,BRONZE_II,0,11,8166
113,0,129,0,BRONZE_II,20,14,11799,41,0,57,0,BRONZE_I,22,12,9506,81,0,73,0,BRONZE_III,31,12,9513,13,0,17,0,BRONZE_I,52,10,6762,34,0,51,0,BRONZE_III,62,9,5148,198,0,206,0,BRONZE_III,33,14,12205,274,0,252,0,BRONZE_II,73,13,10398,94,0,77,0,SILVER_IV,75,13,10089,217,0,196,0,BRONZE_I,16,11,8441,274,0,275,0,SILVER_IV,19,11,7937
6,0,8,0,BRONZE_IV,25,15,14588,19,0,25,0,BRONZE_I,54,17,16886,81,0,73,0,BRONZE_III,31,14,11919,80,0,38,0,GOLD_II,68,18,21090,184,0,185,0,SILVER_IV,27,15,13284,10,0,14,0,BRONZE_II,87,16,15070,126,0,107,0,BRONZE_I,100,14,12496,17,0,26,0,BRONZE_III,9,14,12515,21,0,15,0,BRONZE_I,79,15,14204,17,0,17,0,BRONZE_IV,49,13,11017
51,0,55,0,BRONZE_III,13,12,8781,208,0,178,0,SILVER_IV,15,12,9179,57,0,72,0,BRONZE_IV,0,9,5308,294,0,309,0,BRONZE_I,28,10,6296,105,0,132,0,IRON_II,5,9,5803,219,0,220,0,BRONZE_I,29,13,10580,51,0,59,0,BRONZE_III,79,10,6616,75,0,97,0,BRONZE_IV,21,11,7339,169,0,198,0,IRON_III,28,10,6275,171,0,165,0,BRONZE_II,17,10,6396
51,0,55,0,BRONZE_III,13,18,19066,213,0,190,0,SILVER_II,12,13,10265,167,0,183,0,SILVER_III,75,15,13442,184,0,162,0,BRONZE_III,32,13,9965,256,0,246,0,BRONZE_I,53,13,10601,135,0,130,0,BRONZE_III,31,16,15002,619,0,594,0,SILVER_III,97,17,17212,186,0,199,0,BRONZE_II,33,18,18458,374,0,361,0,BRONZE_II,81,16,16373,153,0,169,0,BRONZE_III,3,16,15637
51,0,55,0,BRONZE_III,13,14,12543,302,0,246,0,SILVER_IV,26,14,12457,86,0,81,0,BRONZE_II,93,13,10630,194,0,193,0,SILVER_IV,53,13,11199,181,0,178,0,BRONZE_IV,75,12,9058,238,0,209,0,BRONZE_I,13,15,14605,82,0,74,0,BRONZE_III,90,15,14335,73,0,81,0,BRONZE_I,33,16,15463,166,0,148,0,SILVER_IV,31,13,10968,42,0,50,0,BRONZE_III,94,14,11484
51,0,55,0,BRONZE_III,13,15,14286,70,0,54,0,SILVER_I,38,12,9948,17,0,14,0,BRONZE_II,42,14,11617,281,0,293,0,BRONZE_III,62,14,11782,23,0,37,0,BRONZE_IV,58,12,9631,113,0,133,0,BRONZE_II,13,15,14074,72,0,93,0,BRONZE_I,0,15,13850,158,0,150,0,SILVER_III,45,14,12964,197,0,197,0,SILVER_IV,0,14,12609,156,0,170,0,BRONZE_I,45,14,12105
51,0,55,0,BRONZE_III,13,16,14943,91,0,83,0,BRONZE_III,30,14,11818,122,0,115,0,SILVER_IV,75,16,15055,94,0,107,0,SILVER_III,35,16,15686,170,0,137,0,BRONZE_II,23,14,12374,60,0,93,0,BRONZE_IV,61,15,14326,67,0,104,0,IRON_II,38,14,12262,24,0,32,0,BRONZE_IV,0,15,13189,107,0,98,0,BRONZE_II,65,13,11060,138,0,129,0,IRON_I,63,13,11116
122,0,140,0,SILVER_IV,0,12,9644,182,0,205,0,BRONZE_III,60,11,8423,103,0,94,0,SILVER_IV,0,14,11527,151,0,143,0,SILVER_III,62,13,10639,36,0,36,0,BRONZE_III,59,11,7381,206,0,214,0,SILVER_IV,16,16,15800,214,0,206,0,SILVER_IV,0,14,12298,445,0,472,0,SILVER_IV,0,13,11210,390,0,407,0,SILVER_IV,52,14,11835,147,0,142,0,SILVER_IV,64,11,7563
118,0,103,0,SILVER_II,1,14,12207,217,0,192,0,SILVER_IV,13,13,10836,232,0,245,0,BRONZE_IV,95,14,12017,151,0,143,0,SILVER_III,62,14,11448,36,0,36,0,BRONZE_III,59,12,8863,621,0,612,0,SILVER_IV,21,16,16085,33,0,46,0,BRONZE_III,61,14,11653,275,0,298,0,SILVER_IV,37,17,16531,49,0,55,0,SILVER_IV,3,13,10943,144,0,123,0,SILVER_IV,28,13,10584
12,0,25,0,IRON_I,64,17,17780,94,0,95,0,BRONZE_II,31,16,16321,77,0,92,0,BRONZE_II,36,16,14881,256,0,259,0,BRONZE_II,86,15,13461,36,0,36,0,BRONZE_III,59,18,22596,81,0,97,0,BRONZE_I,12,18,24840,119,0,158,0,BRONZE_IV,29,17,17643,168,0,154,0,SILVER_III,24,18,18757,148,0,146,0,SILVER_IV,51,18,23411,87,0,95,0,SILVER_IV,73,17,16539
51,0,53,0,BRONZE_III,27,17,16846,41,0,44,0,BRONZE_II,34,18,18408,153,0,180,0,BRONZE_II,40,16,14770,203,0,223,0,BRONZE_III,2,15,13305,36,0,36,0,BRONZE_III,59,18,20320,40,0,50,0,BRONZE_II,20,18,19142,126,0,125,0,BRONZE_II,0,18,22416,26,0,25,0,BRONZE_I,0,18,19117,92,0,84,0,BRONZE_II,16,18,21570,216,0,231,0,BRONZE_III,29,17,18343
302,0,311,0,BRONZE_II,75,16,14706,15,0,21,0,BRONZE_III,17,17,17415,19,0,36,0,BRONZE_III,46,18,20057,38,0,37,0,BRONZE_III,31,15,14338,36,0,36,0,BRONZE_III,59,18,23893,66,0,76,0,BRONZE_III,1,16,16089,31,0,31,0,BRONZE_IV,68,17,16480,573,0,553,0,BRONZE_II,29,18,19487,13,0,24,0,IRON_I,63,17,17683,62,0,50,0,BRONZE_III,89,18,18420
103,0,87,0,BRONZE_I,44,15,14346,57,0,56,0,BRONZE_III,24,14,12917,389,0,371,0,BRONZE_IV,24,16,15538,183,0,205,0,IRON_II,1,14,11614,159,0,181,0,BRONZE_III,4,13,10544,83,0,100,0,BRONZE_IV,74,5,2230,79,0,110,0,BRONZE_IV,21,14,11567,79,0,110,0,BRONZE_IV,21,14,12914,55,0,63,0,BRONZE_IV,83,13,11051,362,0,347,0,BRONZE_IV,0,13,10117
27,0,22,0,SILVER_III,37,13,11401,57,0,56,0,BRONZE_III,24,13,11109,498,0,513,0,SILVER_IV,0,15,13514,113,0,140,0,SILVER_IV,47,13,11221,629,0,636,0,BRONZE_II,56,12,8819,20,0,28,0,BRONZE_I,37,14,11667,61,0,59,0,SILVER_IV,74,14,12230,77,0,52,0,SILVER_IV,28,15,13085,326,0,347,0,SILVER_IV,0,14,12846,357,0,348,0,SILVER_IV,67,13,11245
147,0,132,0,BRONZE_III,59,16,16470,57,0,56,0,BRONZE_III,24,16,15104,153,0,178,0,BRONZE_IV,50,17,17857,340,0,293,0,BRONZE_II,31,15,14072,146,0,163,0,IRON_I,41,16,15700,67,0,101,0,BRONZE_IV,0,17,17121,52,0,70,0,BRONZE_IV,20,16,14960,259,0,256,0,BRONZE_IV,75,15,13831,528,0,516,0,BRONZE_III,85,16,15710,26,0,33,0,BRONZE_IV,27,15,13069
198,0,204,0,BRONZE_III,20,8,4898,57,0,56,0,BRONZE_III,24,9,5770,104,0,116,0,BRONZE_II,14,10,6934,97,0,103,0,BRONZE_IV,86,9,5252,755,0,778,0,BRONZE_II,34,7,3817,291,0,301,0,SILVER_IV,88,12,9292,83,0,95,0,BRONZE_III,86,10,6291,6,0,17,0,BRONZE_IV,74,10,6264,58,0,65,0,BRONZE_III,46,11,7304,116,0,128,0,BRONZE_IV,45,9,5468
18,0,25,0,SILVER_II,30,18,21338,57,0,56,0,BRONZE_III,24,17,17750,99,0,104,0,BRONZE_II,49,18,18648,79,0,76,0,BRONZE_I,16,18,23156,11,0,15,0,BRONZE_III,68,17,16694,63,0,75,0,BRONZE_II,46,17,16770,28,0,30,0,BRONZE_III,26,16,14791,75,0,97,0,BRONZE_II,39,17,17718,23,0,17,0,SILVER_I,21,18,22063,56,0,39,0,BRONZE_I,85,17,18187
26,0,21,0,SILVER_II,66,17,17213,68,0,47,0,PLATINUM_III,31,17,17427,135,0,142,0,GOLD_III,16,16,15229,7,0,10,0,SILVER_III,57,16,14888,92,0,98,0,GOLD_IV,16,13,10254,15,0,18,0,SILVER_II,44,14,12734,15,0,18,0,SILVER_II,44,15,13354,24,0,31,0,GOLD_IV,9,15,13368,6,0,4,0,BRONZE_III,62,15,14476,18,0,22,0,SILVER_II,22,14,12012
9,0,20,0,SILVER_II,65,14,12538,20,0,23,0,SILVER_II,46,13,10704,20,0,23,0,SILVER_II,46,14,11705,20,0,23,0,SILVER_II,46,13,10243,5,0,9,0,GOLD_IV,0,10,7108,18,0,22,0,SILVER_II,15,12,8734,6,0,6,0,BRONZE_I,8,14,11915,3,0,8,0,SILVER_IV,36,12,8610,6,0,4,0,BRONZE_III,62,13,10716,3,0,8,0,SILVER_IV,36,11,7543
16,0,14,0,SILVER_I,57,15,14271,52,0,48,0,GOLD_I,71,17,16761,93,0,80,0,GOLD_IV,15,16,14765,38,0,26,0,GOLD_II,20,15,13524,54,0,50,0,PLATINUM_IV,45,15,13902,26,0,17,0,GOLD_II,76,17,17614,26,0,17,0,GOLD_II,76,14,12772,50,0,22,0,PLATINUM_III,66,14,11811,6,0,4,0,BRONZE_III,62,14,11620,50,0,22,0,PLATINUM_III,66,14,12464
68,0,71,0,BRONZE_IV,22,13,10143,32,0,45,0,BRONZE_III,1,10,7225,147,0,129,0,BRONZE_III,75,12,9526,5,0,17,0,IRON_III,64,10,6719,5,0,16,0,BRONZE_III,16,10,6956,143,0,124,0,BRONZE_II,43,14,11893,161,0,187,0,BRONZE_IV,32,14,12346,28,0,40,0,BRONZE_III,4,13,10322,159,0,157,0,BRONZE_III,54,13,10425,69,0,87,0,BRONZE_III,19,12,9033
15,0,31,0,BRONZE_IV,11,15,13070,65,0,75,0,IRON_I,0,11,7581,158,0,199,0,BRONZE_IV,0,13,10946,25,0,24,0,BRONZE_III,8,10,7241,116,0,251,0,IRON_IV,16,10,6817,628,0,648,0,IRON_II,23,13,11013,196,0,195,0,BRONZE_III,11,13,10560,111,0,130,0,IRON_II,89,13,11286,45,0,53,0,IRON_I,36,14,12994,87,0,101,0,BRONZE_III,1,13,11004
22,0,41,0,IRON_III,14,16,16059,51,0,71,0,BRONZE_IV,0,17,17767,34,0,46,0,BRONZE_IV,34,16,15768,207,0,210,0,IRON_I,16,15,14309,134,0,116,0,BRONZE_IV,89,15,14438,44,0,66,0,IRON_II,62,14,12578,196,0,195,0,BRONZE_III,11,17,17074,31,0,39,0,IRON_II,0,16,15925,45,0,60,0,BRONZE_IV,60,15,13563,221,0,225,0,IRON_III,59,14,12530
117,0,191,0,IRON_IV,20,16,16320,56,0,50,0,IRON_I,15,18,29107,340,0,361,0,BRONZE_II,13,18,20284,12,0,38,0,IRON_III,0,17,16556,36,0,80,0,IRON_IV,0,14,11667,123,0,118,0,IRON_I,100,18,20920,196,0,195,0,BRONZE_III,11,17,17671,67,0,87,0,IRON_IV,0,17,16995,13,0,19,0,BRONZE_II,75,18,30286,69,0,67,0,BRONZE_II,31,13,10321
85,0,94,0,BRONZE_IV,71,16,15124,6,0,19,0,BRONZE_IV,2,14,12937,73,0,83,0,BRONZE_IV,0,12,9573,534,0,515,0,BRONZE_III,4,13,10922,81,0,98,0,BRONZE_IV,28,15,13197,127,0,166,0,IRON_IV,46,15,13406,196,0,195,0,BRONZE_III,11,16,15891,755,0,779,0,BRONZE_II,8,17,17093,68,0,80,0,BRONZE_III,15,17,17228,22,0,21,0,BRONZE_IV,65,16,16318
68,0,80,0,IRON_III,27,13,10694,14,0,41,0,IRON_II,25,13,10397,699,0,674,0,BRONZE_IV,0,13,10977,53,0,91,0,IRON_IV,56,13,10956,37,0,49,0,IRON_II,38,11,7442,94,0,111,0,IRON_III,91,11,8176,196,0,195,0,BRONZE_III,11,15,13263,137,0,131,0,BRONZE_IV,37,16,15797,140,0,160,0,BRONZE_IV,56,15,14436,179,0,221,0,IRON_III,39,10,6162
6,0,4,0,SILVER_III,63,18,20830,10,0,9,0,SILVER_II,46,18,19072,342,0,347,0,BRONZE_II,32,16,15633,7,0,10,0,SILVER_IV,41,15,14151,29,0,34,0,BRONZE_I,93,13,10626,18,0,23,0,SILVER_II,0,18,18605,12,0,13,0,SILVER_IV,14,15,14625,12,0,13,0,SILVER_IV,14,17,17578,12,0,13,0,SILVER_IV,14,15,14127,8,0,3,0,BRONZE_III,33,14,11893
16,0,11,0,SILVER_IV,0,10,6312,16,0,11,0,SILVER_IV,0,9,5623,14,0,12,0,BRONZE_I,11,10,6879,19,0,32,0,SILVER_III,26,8,4520,19,0,32,0,SILVER_III,26,8,4613,18,0,23,0,SILVER_II,0,11,8387,3,0,7,0,BRONZE_II,44,9,5290,3,0,7,0,BRONZE_II,44,12,8744,3,0,7,0,BRONZE_II,44,8,4851,8,0,3,0,BRONZE_III,33,8,4723
9,0,10,0,BRONZE_I,0,14,12686,8,0,10,0,BRONZE_II,73,12,9598,27,0,29,0,SILVER_III,39,12,9889,27,0,29,0,SILVER_III,39,14,12338,27,0,29,0,SILVER_III,39,13,10021,27,0,29,0,SILVER_III,39,17,18115,13,0,6,0,SILVER_IV,1,14,11830,17,0,27,0,BRONZE_II,15,13,11329,17,0,27,0,BRONZE_II,15,12,9572,8,0,3,0,BRONZE_III,33,12,9500
8,0,3,0,BRONZE_III,33,17,18112,8,0,3,0,BRONZE_III,33,18,19414,8,0,3,0,BRONZE_III,33,18,18946,8,0,3,0,BRONZE_III,33,17,16549,8,0,3,0,BRONZE_III,33,16,15991,8,0,3,0,BRONZE_III,33,18,24010,0,0,10,0,BRONZE_IV,0,16,15005,0,0,10,0,BRONZE_IV,0,15,14512,0,0,10,0,BRONZE_IV,0,18,24085,8,0,3,0,BRONZE_III,33,18,19700
8,0,3,0,BRONZE_III,33,14,12560,7,0,12,0,BRONZE_I,16,13,10507,21,0,17,0,SILVER_IV,22,14,12155,7,0,9,0,BRONZE_II,65,12,9701,7,0,9,0,BRONZE_II,64,13,10202,9,0,12,0,BRONZE_II,77,14,12268,11,0,13,0,BRONZE_II,57,13,11090,11,0,13,0,BRONZE_II,57,14,11592,7,0,9,0,BRONZE_I,24,10,7056,8,0,3,0,BRONZE_III,33,11,7871
48,0,16,0,BRONZE_II,67,13,10883,49,0,57,0,BRONZE_III,85,13,10801,135,0,152,0,BRONZE_III,29,14,11510,31,0,49,0,BRONZE_IV,0,12,9294,68,0,80,0,BRONZE_III,22,11,8536,301,0,286,0,BRONZE_IV,66,12,8643,157,0,189,0,BRONZE_III,16,12,9254,296,0,256,0,BRONZE_II,83,12,8784,60,0,67,0,BRONZE_III,16,11,8281,68,0,81,0,BRONZE_III,38,11,8528
199,0,196,0,BRONZE_IV,2,12,9011,9,0,13,0,IRON_I,42,10,7180,11,0,22,0,IRON_II,78,12,9298,19,0,44,0,IRON_III,38,9,6114,149,0,158,0,BRONZE_IV,79,9,5389,60,0,77,0,IRON_II,69,12,8817,198,0,141,0,SILVER_III,1,14,12773,279,0,285,0,BRONZE_IV,13,11,8540,38,0,64,0,IRON_II,0,10,7245,68,0,81,0,BRONZE_III,38,12,8832
28,0,31,0,SILVER_III,9,15,13593,198,0,224,0,BRONZE_II,49,14,11533,33,0,38,0,IRON_I,37,15,14105,220,0,204,0,SILVER_II,13,14,12239,160,0,159,0,BRONZE_IV,0,14,11759,79,0,80,0,SILVER_IV,66,13,10044,21,0,28,0,BRONZE_II,0,12,9378,77,0,99,0,BRONZE_IV,0,12,9723,124,0,126,0,SILVER_IV,42,14,12061,12,0,18,0,BRONZE_III,41,11,7951
80,0,79,0,BRONZE_I,0,14,12908,345,0,353,0,BRONZE_III,60,16,15138,170,0,161,0,BRONZE_II,94,15,13204,49,0,65,0,BRONZE_III,53,12,9412,124,0,157,0,BRONZE_II,15,12,9766,165,0,183,0,BRONZE_II,47,14,11688,198,0,237,0,BRONZE_II,0,14,11881,151,0,139,0,BRONZE_I,13,14,12646,480,0,502,0,SILVER_IV,75,13,10251,12,0,18,0,BRONZE_III,41,12,8781
243,0,249,0,BRONZE_I,0,14,12189,54,0,87,0,BRONZE_IV,42,13,10887,230,0,237,0,BRONZE_I,100,16,15002,159,0,169,0,BRONZE_II,51,13,10749,27,0,37,0,BRONZE_II,31,14,11552,534,0,495,0,BRONZE_I,27,14,12723,21,0,28,0,BRONZE_II,0,15,14434,115,0,132,0,BRONZE_II,31,16,14955,314,0,330,0,BRONZE_II,59,13,10581,12,0,18,0,BRONZE_III,41,15,14059
140,0,139,0,BRONZE_I,15,18,20883,215,0,200,0,BRONZE_III,27,17,18274,170,0,165,0,SILVER_IV,0,16,15488,198,0,208,0,SILVER_III,12,18,20091,655,0,586,0,SILVER_IV,75,16,14736,239,0,210,0,BRONZE_III,72,16,14901,302,0,285,0,GOLD_IV,48,18,18459,48,0,67,0,BRONZE_III,2,17,16616,38,0,27,0,BRONZE_II,14,16,16351,208,0,198,0,BRONZE_III,48,16,14925
204,0,165,0,SILVER_IV,45,13,10784,165,0,180,0,BRONZE_III,30,15,14481,144,0,155,0,BRONZE_III,11,15,13607,165,0,170,0,BRONZE_II,19,13,11321,75,0,79,0,BRONZE_II,34,13,10611,48,0,60,0,BRONZE_II,0,15,14465,135,0,151,0,BRONZE_IV,0,11,7737,48,0,67,0,BRONZE_III,2,11,7614,72,0,65,0,BRONZE_III,61,13,9985,208,0,210,0,BRONZE_III,75,11,8031
57,0,72,0,BRONZE_IV,19,15,14434,272,0,273,0,SILVER_IV,0,16,15039,147,0,130,0,BRONZE_II,13,18,18375,11,0,27,0,IRON_I,53,14,12556,99,0,119,0,BRONZE_IV,24,14,12727,81,0,130,0,IRON_III,31,15,14517,42,0,44,0,BRONZE_III,77,17,18098,48,0,67,0,BRONZE_III,2,16,16370,126,0,145,0,BRONZE_IV,18,17,18011,69,0,76,0,BRONZE_II,28,17,16595
177,0,200,0,IRON_I,0,13,11365,9,0,10,0,BRONZE_II,52,11,7767,434,0,430,0,BRONZE_II,75,14,12258,3,0,24,0,IRON_III,75,11,7357,2,0,19,0,IRON_II,25,9,5974,329,0,332,0,SILVER_IV,58,14,11814,329,0,332,0,SILVER_IV,58,12,9452,48,0,67,0,BRONZE_III,2,15,13210,19,0,17,0,BRONZE_III,80,13,11370,10,0,10,0,BRONZE_II,0,13,10775
116,0,129,0,SILVER_IV,75,18,23975,38,0,48,0,SILVER_IV,17,18,22527,363,0,323,0,SILVER_IV,0,18,20433,226,0,195,0,SILVER_II,0,17,17814,48,0,59,0,SILVER_IV,40,17,17170,247,0,206,0,SILVER_IV,33,17,17757,187,0,165,0,GOLD_IV,25,18,20044,48,0,67,0,BRONZE_III,2,16,15721,151,0,146,0,SILVER_IV,12,18,18496,107,0,103,0,SILVER_IV,0,16,15772
110,0,119,0,BRONZE_II,58,14,12604,49,0,61,0,BRONZE_IV,14,12,8648,37,0,47,0,BRONZE_IV,94,14,11927,152,0,164,0,BRONZE_II,48,12,9166,143,0,150,0,BRONZE_III,73,12,8944,88,0,110,0,BRONZE_IV,93,14,12859,333,0,315,0,BRONZE_IV,42,13,11113,96,0,67,0,BRONZE_II,81,16,14725,47,0,65,0,BRONZE_II,58,13,11321,27,0,26,0,BRONZE_III,60,13,10080
47,0,43,0,BRONZE_I,100,16,16022,128,0,134,0,BRONZE_IV,74,15,13125,313,0,274,0,BRONZE_I,28,14,11723,130,0,103,0,BRONZE_II,39,13,9995,333,0,325,0,BRONZE_II,24,13,9986,132,0,145,0,SILVER_IV,0,15,13224,131,0,138,0,BRONZE_II,44,15,13258,785,0,797,0,BRONZE_II,6,16,14800,238,0,198,0,BRONZE_II,66,15,13732,27,0,26,0,BRONZE_III,60,14,12827
207,0,225,0,BRONZE_III,41,18,22986,94,0,95,0,BRONZE_III,25,18,21640,16,0,12,0,BRONZE_IV,31,18,22760,233,0,225,0,BRONZE_III,70,17,17731,178,0,155,0,BRONZE_III,59,18,19106,188,0,185,0,BRONZE_IV,61,18,21801,525,0,518,0,BRONZE_IV,68,17,17588,317,0,302,0,BRONZE_IV,75,18,19024,86,0,90,0,BRONZE_III,26,18,20484,115,0,128,0,BRONZE_III,26,18,21175
12,0,13,0,BRONZE_IV,1,13,10093,74,0,82,0,SILVER_III,19,9,6100,55,0,71,0,IRON_IV,75,11,8259,97,0,118,0,BRONZE_III,0,10,6704,37,0,32,0,BRONZE_III,20,9,5894,314,0,283,0,BRONZE_II,88,13,11308,219,0,210,0,BRONZE_IV,12,11,7596,21,0,14,0,BRONZE_IV,91,11,7556,86,0,90,0,BRONZE_III,26,12,9737,87,0,80,0,BRONZE_III,34,10,6564
12,0,27,0,BRONZE_IV,89,15,13131,234,0,252,0,BRONZE_III,15,15,13175,205,0,217,0,BRONZE_III,70,15,14001,79,0,87,0,BRONZE_IV,92,14,12898,7,0,21,0,BRONZE_IV,48,13,10831,77,0,85,0,BRONZE_III,67,16,15726,247,0,215,0,BRONZE_II,8,18,18511,10,0,24,0,BRONZE_III,35,16,15381,86,0,90,0,BRONZE_III,26,16,16459,167,0,182,0,BRONZE_III,38,13,11203
615,0,634,0,BRONZE_IV,0,14,11507,15,0,87,0,IRON_IV,0,18,19852,30,0,44,0,IRON_II,62,18,18460,363,0,357,0,BRONZE_IV,0,14,12525,458,0,456,0,BRONZE_IV,29,13,11157,59,0,80,0,BRONZE_IV,16,16,15364,19,0,26,0,IRON_II,19,17,17843,289,0,293,0,IRON_III,35,16,15719,86,0,90,0,BRONZE_III,26,18,20345,44,0,44,0,IRON_I,37,16,14734
240,0,225,0,BRONZE_II,62,18,23582,42,0,46,0,BRONZE_II,50,15,14169,400,0,354,0,BRONZE_I,51,16,15387,26,0,22,0,BRONZE_III,83,16,15521,38,0,44,0,BRONZE_II,59,14,11618,180,0,185,0,BRONZE_II,61,17,17834,9,0,19,0,BRONZE_III,42,15,13544,41,0,61,0,BRONZE_III,63,15,13840,16,0,24,0,BRONZE_III,18,15,14320,14,0,23,0,BRONZE_III,73,13,11142
83,0,100,0,BRONZE_IV,74,15,14398,1,0,10,0,BRONZE_IV,45,12,9893,2,0,10,0,BRONZE_IV,75,15,13363,3,0,9,0,BRONZE_IV,28,14,11565,4,0,6,0,IRON_I,84,13,11102,33,0,52,0,BRONZE_III,67,16,15493,13,0,15,0,BRONZE_II,39,17,17684,13,0,15,0,BRONZE_II,39,16,15116,114,0,122,0,BRONZE_I,14,14,11927,14,0,23,0,BRONZE_III,73,14,12863
17,0,9,0,BRONZE_II,64,17,16808,76,0,72,0,SILVER_IV,28,14,12563,82,0,82,0,BRONZE_I,23,14,12922,35,0,36,0,BRONZE_III,77,14,12927,35,0,34,0,SILVER_IV,72,13,10582,27,0,29,0,BRONZE_II,74,14,11700,47,0,50,0,BRONZE_II,38,14,11510,97,0,103,0,SILVER_IV,9,14,11565,44,0,49,0,SILVER_IV,0,12,8650,14,0,23,0,BRONZE_III,73,14,12022
91,0,109,0,BRONZE_II,4,17,18139,75,0,69,0,BRONZE_II,37,15,14495,247,0,268,0,BRONZE_III,83,17,17357,31,0,50,0,BRONZE_I,51,17,16666,179,0,160,0,BRONZE_II,27,15,13098,138,0,140,0,BRONZE_III,22,14,11957,22,0,39,0,BRONZE_III,6,16,15622,139,0,151,0,BRONZE_IV,75,16,14744,1066,0,1036,0,BRONZE_III,26,14,12893,14,0,23,0,BRONZE_III,73,16,15689
34,0,41,0,BRONZE_I,32,15,13791,5,0,5,0,BRONZE_IV,30,14,12030,10,0,17,0,BRONZE_II,58,14,12570,24,0,32,0,BRONZE_II,71,13,10108,58,0,79,0,BRONZE_IV,48,12,9184,37,0,42,0,BRONZE_II,50,14,12202,3,0,14,0,BRONZE_IV,75,12,9337,10,0,16,0,BRONZE_IV,55,11,8425,38,0,42,0,SILVER_IV,0,11,7577,14,0,23,0,BRONZE_III,73,12,9205
271,0,249,0,GOLD_IV,58,14,12976,229,0,237,0,SILVER_III,41,14,12498,142,0,152,0,SILVER_III,60,15,13494,1,0,9,0,GOLD_II,53,15,13415,1,0,9,0,GOLD_II,53,13,11037,10,0,7,0,BRONZE_I,76,17,17934,166,0,178,0,BRONZE_IV,78,13,11011,29,0,38,0,SILVER_I,28,16,16279,6,0,12,0,IRON_I,28,14,12908,15,0,15,0,BRONZE_III,75,14,12518
113,0,98,0,BRONZE_IV,18,11,8226,152,0,161,0,BRONZE_I,49,9,5618,147,0,127,0,GOLD_IV,14,11,8161,14,0,14,0,BRONZE_I,100,9,5434,31,0,38,0,SILVER_III,73,8,4378,36,0,49,0,BRONZE_II,65,12,9235,29,0,38,0,SILVER_I,28,12,8836,6,0,12,0,IRON_I,28,9,5648,6,0,12,0,IRON_I,28,10,6228,15,0,15,0,BRONZE_III,75,10,6732
42,0,32,0,SILVER_III,75,13,10517,12,0,17,0,SILVER_IV,31,11,8094,21,0,28,0,SILVER_IV,93,12,9934,7,0,4,0,BRONZE_I,91,11,7380,390,0,360,0,GOLD_IV,0,10,6443,29,0,38,0,SILVER_I,28,13,11346,15,0,20,0,SILVER_IV,25,14,11692,6,0,6,0,BRONZE_IV,56,13,9962,6,0,6,0,BRONZE_IV,56,11,8204,15,0,15,0,BRONZE_III,75,14,11598
6,0,13,0,BRONZE_III,65,11,8333,6,0,15,0,BRONZE_IV,76,11,7827,40,0,46,0,GOLD_IV,18,11,7397,396,0,407,0,SILVER_II,0,12,9748,6,0,5,0,BRONZE_II,47,10,6648,29,0,38,0,SILVER_I,28,13,10555,15,0,20,0,SILVER_IV,25,15,13993,6,0,6,0,BRONZE_IV,56,11,8527,6,0,6,0,BRONZE_IV,56,11,7553,15,0,15,0,BRONZE_III,75,13,10966
4,0,17,0,BRONZE_IV,15,11,7348,297,0,296,0,BRONZE_III,17,9,5553,270,0,262,0,BRONZE_II,0,10,6816,139,0,138,0,BRONZE_III,46,10,7074,220,0,214,0,BRONZE_III,29,10,6344,217,0,208,0,BRONZE_II,23,12,9919,51,0,51,0,BRONZE_III,82,13,10066,49,0,63,0,BRONZE_III,75,12,9841,87,0,76,0,BRONZE_I,61,13,10335,7,0,13,0,IRON_I,65,11,8310
134,0,116,0,BRONZE_I,96,16,15348,116,0,115,0,BRONZE_II,30,16,14815,280,0,268,0,BRONZE_III,59,16,14789,139,0,138,0,BRONZE_III,46,16,15988,203,0,207,0,BRONZE_III,67,15,13924,52,0,42,0,BRONZE_III,60,17,18051,1046,0,1059,0,BRONZE_II,65,16,16205,15,0,21,0,BRONZE_II,18,17,16566,109,0,125,0,BRONZE_III,40,16,15148,160,0,149,0,BRONZE_II,0,15,13714
234,0,212,0,BRONZE_II,57,16,14804,104,0,118,0,BRONZE_III,23,17,17731,155,0,154,0,BRONZE_II,97,16,16107,139,0,138,0,BRONZE_III,46,15,13999,121,0,127,0,BRONZE_II,0,14,11660,164,0,177,0,BRONZE_III,53,17,18283,155,0,123,0,BRONZE_II,41,17,16648,137,0,129,0,BRONZE_III,56,17,17821,88,0,99,0,BRONZE_III,40,6,3054,71,0,72,0,BRONZE_II,25,16,16153
207,0,225,0,BRONZE_III,41,18,24328,34,0,60,0,BRONZE_IV,18,17,16682,204,0,215,0,BRONZE_IV,72,17,17469,84,0,104,0,BRONZE_III,15,18,19271,191,0,171,0,BRONZE_III,46,15,13819,39,0,33,0,BRONZE_IV,27,17,16588,79,0,110,0,BRONZE_IV,21,16,16413,106,0,128,0,BRONZE_IV,48,17,17968,380,0,388,0,BRONZE_IV,33,17,17148,88,0,88,0,BRONZE_III,0,14,12776
150,0,185,0,BRONZE_IV,15,18,22671,4,0,6,0,IRON_I,66,18,18612,71,0,84,0,BRONZE_IV,67,17,17495,344,0,339,0,BRONZE_IV,51,17,17311,63,0,86,0,BRONZE_IV,60,14,12612,6,0,15,0,IRON_I,25,18,18983,172,0,202,0,BRONZE_IV,38,17,17657,240,0,253,0,BRONZE_III,37,16,15822,45,0,52,0,BRONZE_IV,40,15,14646,88,0,88,0,BRONZE_III,0,15,14684
58,0,62,0,BRONZE_II,16,12,9642,42,0,51,0,BRONZE_III,75,11,7809,79,0,99,0,BRONZE_III,18,12,8792,191,0,194,0,BRONZE_III,20,11,8052,73,0,70,0,BRONZE_IV,91,11,8122,71,0,80,0,BRONZE_IV,39,11,7554,66,0,84,0,BRONZE_III,25,11,8279,219,0,237,0,BRONZE_III,57,12,8703,232,0,274,0,BRONZE_IV,71,8,4986,88,0,88,0,BRONZE_III,0,11,8262
216,0,200,0,BRONZE_IV,49,18,18419,287,0,251,0,BRONZE_II,38,15,13039,138,0,150,0,BRONZE_III,57,16,15743,92,0,91,0,BRONZE_III,75,16,15692,587,0,589,0,BRONZE_IV,93,14,12122,79,0,99,0,BRONZE_III,18,15,14259,104,0,112,0,BRONZE_IV,32,15,13031,138,0,174,0,BRONZE_IV,70,15,13773,101,0,136,0,BRONZE_IV,0,14,12093,88,0,88,0,BRONZE_III,0,14,11916
199,0,218,0,BRONZE_III,42,15,13949,23,0,50,0,BRONZE_IV,36,11,8201,319,0,350,0,BRONZE_IV,51,13,10740,59,0,79,0,BRONZE_IV,75,15,13955,40,0,92,0,IRON_IV,0,11,7625,5,0,7,0,IRON_II,76,15,14635,195,0,204,0,BRONZE_IV,14,14,13012,25,0,39,0,IRON_I,39,15,14626,264,0,283,0,IRON_I,68,15,14511,88,0,88,0,BRONZE_III,0,13,10855
157,0,176,0,BRONZE_IV,75,16,16336,54,0,38,0,BRONZE_III,47,14,12872,53,0,67,0,BRONZE_IV,75,16,16214,55,0,87,0,BRONZE_IV,34,15,13560,268,0,276,0,BRONZE_IV,91,15,13780,886,0,871,0,BRONZE_III,53,18,19859,27,0,19,0,BRONZE_IV,67,15,13417,109,0,122,0,BRONZE_III,19,17,16628,160,0,165,0,BRONZE_III,58,16,15818,110,0,115,0,BRONZE_III,58,14,12184
110,0,115,0,BRONZE_III,58,14,11979,71,0,88,0,BRONZE_IV,43,9,5605,9,0,14,0,BRONZE_IV,0,14,11568,32,0,41,0,BRONZE_IV,62,12,9575,6,0,31,0,IRON_II,58,6,2601,6,0,31,0,IRON_II,58,14,12254,116,0,123,0,BRONZE_II,53,14,12332,93,0,101,0,BRONZE_II,21,13,10407,160,0,165,0,BRONZE_III,58,13,10493,34,0,46,0,BRONZE_IV,61,11,8058
87,0,88,0,BRONZE_IV,75,17,16839,48,0,49,0,BRONZE_IV,17,15,13607,59,0,49,0,BRONZE_IV,91,16,16136,114,0,123,0,BRONZE_III,26,14,12077,31,0,48,0,BRONZE_IV,22,14,12606,63,0,41,0,BRONZE_III,10,18,23701,61,0,62,0,BRONZE_III,77,16,15418,46,0,41,0,BRONZE_III,64,16,16416,160,0,165,0,BRONZE_III,58,16,15085,95,0,121,0,BRONZE_IV,42,13,11088
132,0,153,0,BRONZE_IV,43,17,17508,207,0,225,0,BRONZE_III,41,14,11913,76,0,86,0,BRONZE_II,63,16,15187,47,0,79,0,BRONZE_IV,0,15,13030,85,0,87,0,BRONZE_III,39,14,12188,93,0,112,0,BRONZE_III,0,18,19525,239,0,210,0,BRONZE_III,75,16,15174,94,0,112,0,BRONZE_III,7,16,15164,160,0,165,0,BRONZE_III,58,16,16331,43,0,54,0,BRONZE_IV,47,16,15785
115,0,102,0,BRONZE_IV,23,18,21314,75,0,85,0,BRONZE_III,1,18,25450,109,0,126,0,IRON_II,79,17,18085,17,0,18,0,IRON_I,78,17,17699,210,0,194,0,IRON_I,16,15,13984,46,0,76,0,IRON_III,57,17,17306,233,0,243,0,IRON_II,28,17,16799,69,0,72,0,BRONZE_III,20,18,18772,160,0,165,0,BRONZE_III,58,17,17166,62,0,87,0,BRONZE_IV,13,17,17189
260,0,263,0,BRONZE_II,39,12,9748,430,0,415,0,BRONZE_III,39,9,5634,84,0,68,0,SILVER_IV,12,10,6384,130,0,140,0,BRONZE_II,31,9,5289,59,0,65,0,BRONZE_III,61,9,5345,72,0,47,0,SILVER_III,16,12,8902,143,0,139,0,BRONZE_II,13,10,6917,33,0,28,0,BRONZE_III,49,11,8543,41,0,31,0,SILVER_IV,0,12,8669,94,0,84,0,BRONZE_I,1,11,7706
5,0,11,0,IRON_I,53,16,15644,21,0,39,0,BRONZE_IV,22,12,9416,64,0,87,0,IRON_II,7,16,15426,9,0,9,0,BRONZE_III,75,15,14401,394,0,361,0,SILVER_IV,0,15,13630,19,0,30,0,BRONZE_III,5,18,19901,56,0,67,0,BRONZE_IV,55,16,16328,33,0,28,0,BRONZE_III,49,17,16511,20,0,23,0,BRONZE_III,0,16,15860,5,0,11,0,IRON_I,53,14,12222
16,0,13,0,BRONZE_I,33,18,18600,108,0,85,0,SILVER_II,21,17,17411,14,0,10,0,BRONZE_I,17,15,14097,10,0,15,0,BRONZE_III,75,15,14663,121,0,148,0,BRONZE_IV,66,15,13670,241,0,276,0,BRONZE_IV,0,15,13700,25,0,46,0,IRON_I,65,16,14877,33,0,28,0,BRONZE_III,49,17,16885,3,0,24,0,IRON_I,26,15,13908,3,0,24,0,IRON_I,26,12,9797
30,0,44,0,BRONZE_IV,90,3,904,19,0,24,0,IRON_II,1,3,790,288,0,298,0,BRONZE_II,7,3,876,174,0,182,0,BRONZE_III,62,2,559,84,0,79,0,SILVER_III,37,2,559,169,0,182,0,BRONZE_I,2,1,0,179,0,154,0,BRONZE_II,65,3,1116,33,0,28,0,BRONZE_III,49,3,971,34,0,21,0,BRONZE_III,91,2,537,309,0,302,0,BRONZE_IV,63,1,205
64,0,75,0,SILVER_IV,22,15,14242,200,0,216,0,SILVER_IV,26,15,14429,36,0,30,0,BRONZE_III,81,14,12080,25,0,26,0,BRONZE_III,79,15,13891,11,0,15,0,BRONZE_II,86,13,10241,129,0,141,0,BRONZE_I,84,15,14673,129,0,130,0,SILVER_IV,27,16,14985,167,0,152,0,SILVER_IV,22,15,14345,120,0,105,0,SILVER_IV,96,15,13556,117,0,114,0,BRONZE_I,19,14,11637
13,0,26,0,BRONZE_II,65,13,11131,88,0,102,0,BRONZE_III,32,12,9079,36,0,30,0,BRONZE_III,81,12,9813,315,0,303,0,BRONZE_II,76,12,9341,11,0,15,0,BRONZE_II,86,11,7714,458,0,435,0,BRONZE_I,0,13,10241,0,0,12,0,BRONZE_III,64,11,8503,36,0,42,0,BRONZE_II,75,11,8037,0,0,12,0,BRONZE_III,64,9,5793,63,0,78,0,BRONZE_I,2,10,7102
18,0,17,0,SILVER_IV,54,17,16802,13,0,13,0,SILVER_IV,38,17,16894,18,0,30,0,SILVER_IV,24,17,17512,42,0,39,0,SILVER_IV,60,15,14607,14,0,17,0,BRONZE_I,58,14,12140,89,0,99,0,BRONZE_III,34,16,15478,62,0,54,0,SILVER_II,55,13,10267,40,0,40,0,SILVER_IV,67,15,13240,5,0,5,0,BRONZE_III,25,14,12180,61,0,50,0,SILVER_I,30,12,8833
6,0,8,0,BRONZE_II,20,14,12045,3,0,8,0,BRONZE_IV,34,12,8798,15,0,11,0,SILVER_IV,19,14,12634,9,0,10,0,BRONZE_I,0,12,8928,86,0,100,0,SILVER_IV,91,13,10109,61,0,50,0,SILVER_I,30,12,9599,9,0,14,0,BRONZE_II,28,12,8928,10,0,9,0,BRONZE_I,28,10,6620,5,0,5,0,BRONZE_III,25,12,9933,10,0,9,0,BRONZE_I,28,10,7156
24,0,29,0,SILVER_IV,27,9,5154,71,0,64,0,SILVER_I,31,7,3942,71,0,64,0,SILVER_I,31,7,3678,11,0,9,0,BRONZE_I,35,7,3891,12,0,16,0,BRONZE_II,75,7,3223,12,0,16,0,BRONZE_II,75,6,2818,97,0,99,0,BRONZE_III,1,8,4448,97,0,99,0,BRONZE_III,1,3,997,5,0,5,0,BRONZE_III,25,7,3453,4,0,9,0,BRONZE_III,55,6,3020
94,0,97,0,SILVER_II,7,18,20528,24,0,34,0,GOLD_IV,66,18,18373,119,0,107,0,GOLD_IV,54,18,23157,243,0,225,0,GOLD_III,10,18,19044,111,0,94,0,SILVER_IV,66,16,14819,68,0,67,0,GOLD_IV,0,18,20351,62,0,54,0,SILVER_II,55,17,17837,21,0,17,0,SILVER_II,75,18,19349,5,0,5,0,BRONZE_III,25,18,21170,68,0,79,0,BRONZE_I,25,15,14198
58,0,56,0,SILVER_I,2,18,27497,42,0,43,0,SILVER_IV,85,18,21218,58,0,79,0,SILVER_III,46,18,23739,105,0,61,0,GOLD_II,54,18,23310,8,0,10,0,BRONZE_I,55,17,18058,19,0,37,0,BRONZE_I,0,18,23661,62,0,54,0,SILVER_II,55,18,22277,67,0,74,0,SILVER_III,59,18,24002,5,0,5,0,BRONZE_III,25,18,21244,52,0,61,0,SILVER_IV,71,17,16602
113,0,136,0,IRON_II,47,13,10292,113,0,136,0,IRON_II,47,12,9852,253,0,271,0,BRONZE_III,84,12,9257,254,0,277,0,BRONZE_II,53,11,8241,52,0,67,0,BRONZE_III,23,11,7725,215,0,243,0,BRONZE_III,0,11,7580,102,0,85,0,BRONZE_II,16,10,6187,17,0,38,0,BRONZE_IV,75,9,6015,115,0,106,0,BRONZE_II,0,10,6288,244,0,255,0,BRONZE_III,38,10,6129
91,0,98,0,IRON_II,64,15,14040,308,0,304,0,IRON_I,40,12,9217,70,0,73,0,BRONZE_III,0,14,11884,155,0,150,0,IRON_I,84,13,10561,60,0,69,0,IRON_I,7,13,10139,25,0,52,0,IRON_I,67,16,15528,86,0,103,0,BRONZE_II,59,16,15165,86,0,103,0,BRONZE_II,59,17,16497,115,0,106,0,BRONZE_II,0,15,13966,93,0,98,0,IRON_IV,76,13,9985
259,0,272,0,BRONZE_IV,91,17,17392,204,0,209,0,BRONZE_III,8,17,16514,189,0,207,0,BRONZE_III,66,15,13778,327,0,298,0,BRONZE_III,49,14,11772,158,0,164,0,BRONZE_IV,2,15,13922,48,0,60,0,BRONZE_IV,99,15,14002,385,0,356,0,BRONZE_III,28,16,15794,238,0,218,0,BRONZE_III,40,18,20094,115,0,106,0,BRONZE_II,0,14,12846,499,0,466,0,BRONZE_III,23,16,15046
238,0,260,0,SILVER_III,59,11,7599,94,0,97,0,GOLD_III,15,10,6998,86,0,84,0,GOLD_III,12,12,8746,115,0,137,0,BRONZE_IV,53,11,7806,23,0,18,0,SILVER_I,4,11,7450,49,0,50,0,GOLD_I,84,16,14765,52,0,35,0,PLATINUM_II,7,12,8983,51,0,58,0,SILVER_III,62,13,10101,115,0,106,0,BRONZE_II,0,12,8691,69,0,63,0,GOLD_IV,2,10,6925
101,0,110,0,BRONZE_II,26,17,17111,22,0,32,0,GOLD_IV,24,16,15373,17,0,26,0,SILVER_III,34,15,13413,102,0,111,0,GOLD_IV,0,15,14292,24,0,40,0,BRONZE_III,22,14,12405,49,0,50,0,GOLD_I,84,16,16311,75,0,69,0,SILVER_II,30,15,13369,29,0,19,0,GOLD_I,37,17,16815,115,0,106,0,BRONZE_II,0,14,12781,51,0,41,0,SILVER_III,38,16,14870
6,0,8,0,IRON_I,97,13,10126,37,0,50,0,BRONZE_III,37,14,12773,92,0,128,0,BRONZE_III,18,13,11334,31,0,43,0,BRONZE_IV,52,12,9398,144,0,149,0,BRONZE_III,59,11,7980,137,0,151,0,BRONZE_III,91,16,14707,80,0,76,0,BRONZE_II,14,16,15435,284,0,250,0,BRONZE_III,58,15,14210,107,0,100,0,BRONZE_I,7,13,10994,24,0,34,0,BRONZE_III,82,13,10592
189,0,173,0,BRONZE_II,11,12,8963,228,0,226,0,BRONZE_III,75,10,6389,53,0,62,0,BRONZE_III,31,11,7888,189,0,197,0,BRONZE_III,0,9,5829,10,0,23,0,BRONZE_III,75,9,5777,137,0,151,0,BRONZE_III,91,12,9043,164,0,165,0,BRONZE_II,0,12,8818,824,0,792,0,BRONZE_I,56,12,8925,87,0,76,0,BRONZE_I,61,12,9667,241,0,250,0,BRONZE_II,14,10,6186
541,0,558,0,BRONZE_III,19,12,9720,38,0,58,0,BRONZE_II,13,11,8390,69,0,87,0,BRONZE_III,0,14,11611,58,0,82,0,BRONZE_III,22,11,7834,334,0,305,0,BRONZE_III,75,12,8976,137,0,151,0,BRONZE_III,91,15,14495,97,0,115,0,BRONZE_II,15,14,11651,173,0,164,0,BRONZE_II,0,14,12651,44,0,72,0,BRONZE_III,38,12,9435,18,0,28,0,BRONZE_II,43,12,8937
253,0,232,0,BRONZE_II,13,18,18467,136,0,114,0,BRONZE_III,87,18,20099,49,0,60,0,BRONZE_III,3,18,18526,118,0,123,0,BRONZE_I,3,18,19615,56,0,66,0,BRONZE_III,79,15,13372,137,0,151,0,BRONZE_III,91,16,16178,8,0,10,0,IRON_I,90,16,15785,264,0,244,0,BRONZE_I,41,15,14399,301,0,296,0,BRONZE_IV,44,15,14205,13,0,31,0,BRONZE_IV,55,15,14683
18,0,23,0,BRONZE_IV,56,13,10874,161,0,187,0,BRONZE_IV,32,12,8889,6,0,14,0,IRON_I,21,13,10933,184,0,191,0,BRONZE_II,22,12,9007,40,0,54,0,BRONZE_II,55,11,8560,137,0,151,0,BRONZE_III,91,16,14747,60,0,55,0,BRONZE_II,22,14,11510,619,0,626,0,BRONZE_III,81,15,14392,81,0,96,0,BRONZE_III,90,13,11247,121,0,125,0,BRONZE_III,20,13,10789
295,0,306,0,BRONZE_IV,0,16,15108,45,0,64,0,BRONZE_IV,34,15,13731,127,0,122,0,BRONZE_III,0,16,15036,25,0,48,0,BRONZE_IV,0,15,14274,140,0,165,0,BRONZE_IV,0,15,13448,60,0,71,0,BRONZE_IV,96,17,17604,429,0,428,0,BRONZE_IV,33,17,18106,128,0,151,0,IRON_II,71,16,15813,1328,0,1302,0,BRONZE_III,57,16,14840,307,0,259,0,SILVER_IV,97,15,14141
351,0,382,0,BRONZE_IV,13,16,15003,161,0,185,0,IRON_II,69,16,14846,127,0,122,0,BRONZE_III,0,16,15053,357,0,350,0,SILVER_IV,0,14,12527,57,0,80,0,BRONZE_IV,36,15,13290,31,0,29,0,BRONZE_IV,0,16,15810,352,0,315,0,BRONZE_III,20,14,11516,205,0,169,0,SILVER_IV,1,14,11825,220,0,212,0,BRONZE_III,3,16,14802,83,0,83,0,BRONZE_III,31,13,11138
30,0,58,0,BRONZE_IV,9,17,16794,85,0,97,0,BRONZE_III,38,15,13365,127,0,122,0,BRONZE_III,0,15,14108,433,0,449,0,BRONZE_III,38,15,13990,15,0,27,0,IRON_II,75,14,11905,100,0,122,0,IRON_I,15,16,15559,55,0,63,0,BRONZE_IV,0,16,15083,310,0,297,0,BRONZE_III,41,16,14954,53,0,55,0,BRONZE_II,46,13,11377,61,0,68,0,BRONZE_IV,71,15,14015
157,0,164,0,BRONZE_IV,13,16,15172,217,0,191,0,BRONZE_II,53,18,20998,127,0,122,0,BRONZE_III,0,17,17698,18,0,22,0,BRONZE_IV,23,17,17101,15,0,27,0,IRON_II,75,15,14670,654,0,661,0,BRONZE_IV,15,16,15722,240,0,234,0,BRONZE_II,43,18,19664,252,0,229,0,SILVER_III,75,18,23465,133,0,135,0,BRONZE_IV,12,17,18023,459,0,463,0,IRON_I,26,15,14608
8,0,16,0,BRONZE_III,51,9,5109,41,0,49,0,BRONZE_I,80,8,4764,185,0,180,0,BRONZE_II,61,8,4634,7,0,8,0,BRONZE_III,61,9,5208,489,0,475,0,BRONZE_II,86,9,5096,40,0,42,0,BRONZE_III,60,13,10117,30,0,26,0,SILVER_III,43,10,6600,124,0,133,0,SILVER_IV,28,11,7567,4,0,7,0,BRONZE_IV,75,9,5284,99,0,110,0,BRONZE_II,6,9,5112
9,0,4,0,BRONZE_I,53,15,13954,159,0,138,0,BRONZE_II,15,12,9799,150,0,132,0,SILVER_II,60,14,11482,7,0,8,0,BRONZE_III,61,12,8855,25,0,44,0,BRONZE_II,86,10,6602,14,0,19,0,BRONZE_II,38,13,10373,299,0,308,0,BRONZE_III,65,11,7728,9,0,3,0,BRONZE_III,58,13,11203,120,0,121,0,SILVER_II,24,12,9268,38,0,39,0,BRONZE_I,59,9,5922
80,0,92,0,SILVER_IV,0,15,14286,31,0,42,0,BRONZE_IV,26,15,13221,39,0,37,0,BRONZE_II,43,15,13569,7,0,8,0,BRONZE_III,61,15,13507,316,0,342,0,SILVER_IV,59,13,11362,46,0,50,0,BRONZE_II,76,14,11800,162,0,168,0,BRONZE_II,60,12,9737,55,0,70,0,BRONZE_II,65,14,11787,81,0,96,0,BRONZE_II,57,12,9911,162,0,165,0,BRONZE_I,95,12,9045
316,0,342,0,SILVER_IV,59,18,23207,14,0,23,0,BRONZE_II,55,18,22044,29,0,39,0,SILVER_IV,0,18,22473,7,0,8,0,BRONZE_III,61,18,19928,6,0,13,0,BRONZE_III,86,18,18883,16,0,12,0,SILVER_III,10,18,27560,51,0,54,0,BRONZE_II,66,18,25684,18,0,22,0,BRONZE_III,38,18,24762,18,0,22,0,BRONZE_III,38,18,25739,75,0,59,0,BRONZE_II,0,18,20810
47,0,34,0,BRONZE_II,61,13,10523,66,0,66,0,SILVER_IV,17,10,6884,12,0,9,0,BRONZE_II,13,11,8535,7,0,8,0,BRONZE_III,61,10,6254,10,0,44,0,IRON_II,7,5,2199,287,0,283,0,BRONZE_III,68,11,8066,11,0,4,0,BRONZE_III,93,11,7700,54,0,70,0,BRONZE_II,39,11,8229,42,0,45,0,SILVER_IV,63,11,8401,18,0,18,0,BRONZE_I,81,10,6575
17,0,18,0,BRONZE_III,83,14,11704,4,0,19,0,BRONZE_III,75,12,9525,4,0,13,0,BRONZE_III,25,14,11453,28,0,39,0,BRONZE_III,61,14,11596,148,0,165,0,BRONZE_IV,75,11,7351,33,0,54,0,BRONZE_II,2,14,11948,13,0,19,0,BRONZE_III,95,13,10746,31,0,45,0,BRONZE_II,49,15,14107,12,0,15,0,BRONZE_III,92,13,10728,71,0,87,0,BRONZE_II,43,12,9005
64,0,68,0,SILVER_I,10,15,14484,348,0,359,0,BRONZE_III,75,13,10656,111,0,124,0,BRONZE_III,45,13,10715,105,0,92,0,SILVER_III,78,14,12554,116,0,125,0,SILVER_III,32,15,13495,9,0,7,0,BRONZE_II,23,18,20848,73,0,80,0,BRONZE_III,72,14,12024,67,0,61,0,SILVER_II,48,17,16898,12,0,15,0,BRONZE_III,92,15,13294,71,0,87,0,BRONZE_II,43,13,10606
342,0,342,0,BRONZE_I,14,16,14912,34,0,30,0,BRONZE_I,22,14,12027,204,0,236,0,BRONZE_IV,0,14,12767,28,0,37,0,BRONZE_II,37,14,12458,28,0,37,0,BRONZE_II,37,13,10333,11,0,14,0,BRONZE_II,50,15,13526,41,0,33,0,BRONZE_III,88,13,10481,17,0,9,0,SILVER_II,23,17,17663,13,0,23,0,SILVER_IV,0,13,11035,34,0,56,0,BRONZE_IV,0,12,9730
47,0,75,0,BRONZE_III,26,18,23258,53,0,84,0,BRONZE_II,14,16,16243,112,0,111,0,BRONZE_III,60,17,17668,20,0,19,0,BRONZE_III,8,16,15664,52,0,61,0,BRONZE_III,72,14,12318,43,0,50,0,BRONZE_III,44,18,20063,35,0,45,0,BRONZE_II,77,18,19248,59,0,53,0,BRONZE_III,66,17,18241,54,0,65,0,BRONZE_III,75,17,16758,84,0,90,0,BRONZE_II,19,16,16093
459,0,472,0,BRONZE_III,51,15,13132,8,0,6,0,BRONZE_IV,66,15,14524,482,0,494,0,BRONZE_I,14,17,16909,20,0,19,0,BRONZE_III,8,15,14658,133,0,123,0,BRONZE_II,54,14,11617,39,0,27,0,BRONZE_II,38,17,17873,29,0,39,0,BRONZE_III,45,14,12586,101,0,128,0,BRONZE_III,50,14,11803,8,0,28,0,BRONZE_IV,0,14,12999,121,0,86,0,BRONZE_III,28,12,9416
191,0,201,0,BRONZE_III,26,13,10058,45,0,49,0,BRONZE_II,4,11,7486,29,0,27,0,BRONZE_II,51,12,9487,20,0,19,0,BRONZE_III,8,12,9136,4,0,8,0,BRONZE_IV,76,10,6344,5,0,13,0,IRON_I,90,13,10342,72,0,75,0,SILVER_IV,0,16,16159,164,0,194,0,BRONZE_II,19,15,13174,20,0,29,0,BRONZE_III,69,13,10161,5,0,5,0,BRONZE_IV,6,11,7987
181,0,183,0,BRONZE_III,48,10,6663,56,0,64,0,BRONZE_II,49,13,10874,145,0,150,0,BRONZE_III,75,13,10651,20,0,19,0,BRONZE_III,8,10,7153,117,0,139,0,BRONZE_II,42,10,7108,662,0,616,0,BRONZE_II,50,14,11482,259,0,281,0,BRONZE_II,8,13,10245,357,0,331,0,BRONZE_I,7,14,11915,45,0,57,0,BRONZE_II,38,12,9186,71,0,77,0,BRONZE_II,61,12,8604
8,0,11,0,BRONZE_II,51,12,8782,14,0,6,0,BRONZE_I,40,11,8254,146,0,132,0,BRONZE_III,75,12,9624,20,0,19,0,BRONZE_III,8,10,7271,8,0,4,0,BRONZE_IV,98,9,6092,8,0,14,0,BRONZE_II,12,11,7795,279,0,285,0,BRONZE_IV,13,9,5920,19,0,18,0,BRONZE_III,47,10,7039,14,0,18,0,BRONZE_I,32,10,6656,14,0,18,0,BRONZE_I,32,9,5971
29,0,32,0,BRONZE_II,29,18,25882,309,0,283,0,SILVER_IV,19,18,21273,322,0,321,0,SILVER_IV,22,17,17059,243,0,238,0,SILVER_III,83,18,23507,14,0,20,0,BRONZE_II,90,18,18448,196,0,174,0,SILVER_IV,0,18,22210,11,0,13,0,BRONZE_III,83,17,17284,67,0,67,0,SILVER_IV,28,18,20523,229,0,216,0,SILVER_IV,15,16,15132,472,0,464,0,SILVER_IV,15,16,14770
50,0,64,0,BRONZE_II,8,15,14665,136,0,143,0,BRONZE_II,85,15,14026,443,0,452,0,BRONZE_II,0,15,13031,77,0,81,0,BRONZE_III,91,15,13883,185,0,196,0,BRONZE_I,70,15,13282,57,0,55,0,BRONZE_III,75,14,11951,55,0,60,0,BRONZE_II,81,12,9691,595,0,568,0,SILVER_IV,41,13,10213,365,0,380,0,BRONZE_II,64,13,10498,111,0,100,0,BRONZE_I,24,12,8924
26,0,28,0,BRONZE_II,21,18,20800,27,0,40,0,BRONZE_III,98,17,16650,215,0,237,0,BRONZE_IV,44,18,18751,15,0,12,0,BRONZE_II,32,15,14149,7,0,3,0,BRONZE_II,2,15,13026,57,0,55,0,BRONZE_III,75,17,16981,57,0,55,0,BRONZE_III,75,15,13021,170,0,181,0,BRONZE_II,89,16,16216,170,0,181,0,BRONZE_II,89,14,11716,170,0,181,0,BRONZE_II,89,13,11140
116,0,115,0,BRONZE_II,34,15,13331,84,0,109,0,BRONZE_IV,28,14,12213,163,0,183,0,SILVER_IV,0,15,13390,92,0,96,0,BRONZE_III,71,15,13924,138,0,144,0,SILVER_IV,27,14,11888,57,0,55,0,BRONZE_III,75,16,14842,236,0,217,0,BRONZE_III,34,15,14304,335,0,319,0,BRONZE_I,51,14,12807,180,0,189,0,BRONZE_II,13,14,11766,49,0,93,0,IRON_IV,92,12,9278
82,0,75,0,SILVER_IV,18,15,13391,68,0,73,0,SILVER_IV,54,12,9549,268,0,292,0,SILVER_IV,36,14,11526,206,0,221,0,SILVER_IV,37,14,12205,256,0,232,0,SILVER_IV,0,14,12468,57,0,55,0,BRONZE_III,75,14,11488,123,0,125,0,SILVER_III,25,17,17243,200,0,183,0,SILVER_IV,83,15,13281,157,0,152,0,SILVER_I,51,15,14376,352,0,301,0,SILVER_II,26,13,11132
21,0,30,0,BRONZE_IV,15,18,23271,33,0,38,0,BRONZE_III,75,18,21275,171,0,157,0,BRONZE_I,19,18,20828,98,0,81,0,SILVER_IV,36,18,21756,112,0,114,0,BRONZE_I,33,18,19910,613,0,592,0,SILVER_III,14,18,21603,56,0,73,0,BRONZE_III,31,18,23577,556,0,561,0,SILVER_IV,11,18,23909,16,0,24,0,BRONZE_III,33,18,19777,37,0,43,0,BRONZE_III,79,16,15328
137,0,116,0,SILVER_IV,23,17,18248,42,0,43,0,BRONZE_III,48,14,12618,35,0,44,0,BRONZE_IV,36,14,12954,111,0,107,0,SILVER_IV,0,15,14683,281,0,276,0,BRONZE_II,56,13,10344,70,0,92,0,BRONZE_IV,30,15,13040,56,0,73,0,BRONZE_III,31,15,14441,414,0,368,0,SILVER_I,81,16,14850,260,0,255,0,BRONZE_II,29,12,9671,239,0,256,0,BRONZE_III,69,12,8998
139,0,97,0,GOLD_IV,0,16,15160,14,0,26,0,BRONZE_IV,31,14,13014,13,0,15,0,IRON_I,68,18,20943,32,0,33,0,SILVER_IV,64,15,14210,28,0,31,0,BRONZE_IV,18,15,13279,73,0,88,0,BRONZE_IV,77,16,15532,56,0,73,0,BRONZE_III,31,18,21094,55,0,50,0,SILVER_II,95,16,16196,51,0,65,0,BRONZE_III,0,17,18239,402,0,399,0,BRONZE_IV,92,16,14753
47,0,64,0,BRONZE_II,0,17,17552,157,0,161,0,BRONZE_IV,53,17,17779,179,0,165,0,GOLD_IV,18,18,22769,144,0,123,0,SILVER_III,0,18,22381,87,0,83,0,SILVER_IV,12,18,22290,22,0,23,0,BRONZE_II,0,18,20206,56,0,73,0,BRONZE_III,31,18,20041,495,0,494,0,BRONZE_I,31,16,15573,162,0,168,0,SILVER_IV,0,18,22055,81,0,83,0,BRONZE_II,54,17,17344
144,0,166,0,BRONZE_I,57,16,15932,32,0,52,0,IRON_II,90,15,13526,294,0,285,0,SILVER_III,1,17,16564,190,0,191,0,BRONZE_III,91,16,15714,190,0,190,0,BRONZE_II,29,15,13619,150,0,150,0,BRONZE_I,26,15,14177,56,0,73,0,BRONZE_III,31,16,15323,337,0,325,0,SILVER_IV,76,16,16376,445,0,404,0,SILVER_IV,26,14,11907,57,0,63,0,BRONZE_II,18,13,10506
194,0,208,0,BRONZE_III,88,18,19450,325,0,311,0,BRONZE_II,2,17,17936,500,0,516,0,BRONZE_III,25,18,19525,74,0,68,0,BRONZE_III,25,18,18674,130,0,145,0,BRONZE_II,16,16,15841,18,0,33,0,BRONZE_III,75,17,18049,92,0,92,0,BRONZE_III,16,18,18757,78,0,87,0,BRONZE_III,75,18,18788,218,0,231,0,BRONZE_III,48,16,15113,446,0,405,0,BRONZE_III,42,15,13431
194,0,208,0,BRONZE_III,88,12,8757,30,0,31,0,BRONZE_II,17,11,7564,78,0,90,0,BRONZE_III,20,10,6994,121,0,116,0,BRONZE_III,65,10,6929,177,0,176,0,SILVER_IV,71,9,5072,33,0,41,0,BRONZE_II,15,13,10657,202,0,197,0,BRONZE_II,46,12,8767,162,0,121,0,BRONZE_I,16,13,10926,61,0,46,0,BRONZE_II,36,11,7562,63,0,75,0,BRONZE_II,46,10,7187
194,0,208,0,BRONZE_III,88,15,14699,23,0,27,0,BRONZE_IV,94,14,12170,15,0,25,0,BRONZE_III,55,14,12711,18,0,21,0,BRONZE_IV,93,13,11437,115,0,119,0,BRONZE_III,31,13,10758,23,0,42,0,BRONZE_III,32,13,11307,32,0,42,0,BRONZE_IV,82,13,11243,99,0,95,0,BRONZE_III,83,13,11374,35,0,34,0,BRONZE_III,0,12,8905,39,0,58,0,BRONZE_III,39,12,8729
7,0,14,0,IRON_I,43,13,10272,12,0,28,0,BRONZE_IV,12,12,9763,147,0,141,0,BRONZE_II,56,14,12069,292,0,316,0,BRONZE_III,72,12,8918,154,0,164,0,BRONZE_III,51,11,8405,67,0,77,0,BRONZE_III,38,14,11591,327,0,330,0,BRONZE_III,66,16,15654,14,0,36,0,BRONZE_IV,15,14,12780,55,0,74,0,IRON_II,62,15,13525,31,0,45,0,SILVER_II,5,13,11063
106,0,93,0,BRONZE_III,48,15,13747,81,0,71,0,SILVER_III,14,13,10048,47,0,55,0,BRONZE_II,52,15,14170,27,0,37,0,BRONZE_II,0,13,10761,27,0,36,0,BRONZE_IV,44,12,9401,67,0,77,0,BRONZE_III,38,12,9887,84,0,89,0,BRONZE_II,29,10,7286,58,0,70,0,BRONZE_III,47,12,8698,158,0,143,0,SILVER_III,25,12,8928,10,0,20,0,BRONZE_II,8,10,7033
177,0,167,0,BRONZE_II,57,17,17637,668,0,707,0,BRONZE_IV,77,15,14473,165,0,169,0,BRONZE_II,68,16,15894,216,0,248,0,BRONZE_II,16,17,16488,258,0,253,0,BRONZE_III,64,16,16181,67,0,77,0,BRONZE_III,38,15,13583,143,0,133,0,SILVER_IV,8,16,16059,72,0,92,0,BRONZE_IV,80,15,13149,257,0,237,0,SILVER_III,14,18,21381,91,0,86,0,BRONZE_II,10,15,13448
13,0,25,0,BRONZE_IV,82,11,8326,43,0,52,0,BRONZE_II,93,12,8625,191,0,206,0,SILVER_IV,55,12,9700,1,0,13,0,BRONZE_IV,85,10,6279,17,0,59,0,IRON_IV,0,9,6056,67,0,77,0,BRONZE_III,38,12,8903,43,0,64,0,IRON_I,49,13,10981,12,0,23,0,BRONZE_III,49,11,7498,15,0,12,0,BRONZE_II,86,13,10326,306,0,298,0,SILVER_III,31,13,10345
182,0,195,0,BRONZE_II,57,16,15240,143,0,150,0,SILVER_IV,80,15,14266,308,0,354,0,BRONZE_IV,11,18,20046,45,0,49,0,BRONZE_IV,99,14,12401,246,0,229,0,BRONZE_II,54,13,11343,67,0,77,0,BRONZE_III,38,18,22036,121,0,120,0,BRONZE_II,6,17,16986,97,0,81,0,BRONZE_III,82,16,15382,111,0,127,0,BRONZE_III,66,18,21009,42,0,51,0,BRONZE_III,23,16,15608
36,0,53,0,BRONZE_IV,43,17,16767,161,0,213,0,BRONZE_IV,92,14,12104,26,0,29,0,BRONZE_III,65,15,13270,62,0,80,0,BRONZE_I,75,13,10567,90,0,111,0,BRONZE_IV,0,13,10638,107,0,99,0,BRONZE_II,38,17,18125,80,0,96,0,BRONZE_III,69,16,15472,33,0,28,0,BRONZE_III,27,15,14538,50,0,69,0,BRONZE_III,61,15,14452,60,0,67,0,BRONZE_II,6,14,12841
10,0,19,0,BRONZE_III,34,17,16588,30,0,37,0,BRONZE_III,32,18,18976,86,0,108,0,BRONZE_III,35,16,16304,185,0,167,0,BRONZE_III,46,16,15403,230,0,222,0,BRONZE_III,63,16,15664,240,0,216,0,BRONZE_III,48,17,17428,80,0,96,0,BRONZE_III,69,16,15730,97,0,87,0,BRONZE_II,17,18,19641,184,0,196,0,BRONZE_III,48,16,15100,13,0,22,0,BRONZE_IV,49,14,12729
20,0,25,0,BRONZE_II,60,9,5969,29,0,24,0,BRONZE_II,93,8,4459,13,0,19,0,BRONZE_III,77,9,5196,27,0,33,0,BRONZE_I,78,8,4581,59,0,59,0,SILVER_IV,0,7,3410,23,0,26,0,BRONZE_I,9,8,4254,117,0,117,0,BRONZE_II,71,7,3551,7,0,4,0,BRONZE_III,74,3,723,6,0,12,0,BRONZE_II,53,7,3309,449,0,423,0,SILVER_IV,0,6,2693
