ally_0_wins,ally_0_miniseries_wins,ally_0_losses,ally_0_miniseries_losses,ally_0_tier,ally_0_league_points,ally_0_champion_level,ally_0_champion_experience,ally_1_wins,ally_1_miniseries_wins,ally_1_losses,ally_1_miniseries_losses,ally_1_tier,ally_1_league_points,ally_1_champion_level,ally_1_champion_experience,ally_2_wins,ally_2_miniseries_wins,ally_2_losses,ally_2_miniseries_losses,ally_2_tier,ally_2_league_points,ally_2_champion_level,ally_2_champion_experience,main_player_win,main_player_miniseries_wins,main_player_losses,main_player_miniseries_losses,main_player_tier,main_player_league_points,main_player_champion_level,main_player_champion_experience,ally_3_wins,ally_3_miniseries_wins,ally_3_losses,ally_3_miniseries_losses,ally_3_tier,ally_3_league_points,ally_3_champion_level,ally_3_champion_experience,rival_0_wins,rival_0_miniseries_wins,rival_0_losses,rival_0_miniseries_losses,rival_0_tier,rival_0_league_points,rival_0_champion_level,rival_0_champion_experience,rival_1_wins,rival_1_miniseries_wins,rival_1_losses,rival_1_miniseries_losses,rival_1_tier,rival_1_league_points,rival_1_champion_level,rival_1_champion_experience,rival_2_wins,rival_2_miniseries_wins,rival_2_losses,rival_2_miniseries_losses,rival_2_tier,rival_2_league_points,rival_2_champion_level,rival_2_champion_experience,rival_3_wins,rival_3_miniseries_wins,rival_3_losses,rival_3_miniseries_losses,rival_3_tier,rival_3_league_points,rival_3_champion_level,rival_3_champion_experience,rival_4_wins,rival_4_miniseries_wins,rival_4_losses,rival_4_miniseries_losses,rival_4_tier,rival_4_league_points,rival_4_champion_level,rival_4_champion_experience
539,0,553,0,DIAMOND_I,25,13,10328,26,0,14,0,PLATINUM_I,1,13,10998,33,0,12,0,PLATINUM_II,75,13,11109,187,0,163,0,DIAMOND_I,0,12,8759,106,0,83,0,DIAMOND_III,38,10,7257,81,0,59,0,DIAMOND_IV,1,15,13994,48,0,18,0,DIAMOND_II,1,16,14795,54,0,26,0,DIAMOND_II,15,14,12767,373,0,357,0,DIAMOND_I,42,14,12778,36,0,21,0,PLATINUM_I,71,13,9965
91,0,83,0,DIAMOND_I,94,8,4951,59,0,21,0,DIAMOND_IV,32,10,6809,39,0,34,0,DIAMOND_I,100,8,4647,187,0,163,0,DIAMOND_I,0,10,7113,104,0,100,0,DIAMOND_I,34,7,3638,150,0,137,0,MASTER_I,117,10,7182,757,0,741,0,DIAMOND_I,100,10,6520,114,0,103,0,MASTER_I,17,10,6584,84,0,86,0,DIAMOND_I,100,9,5859,343,0,337,0,DIAMOND_I,75,8,4592
150,0,137,0,MASTER_I,117,15,13769,421,0,413,0,DIAMOND_I,66,16,15795,104,0,77,0,DIAMOND_I,100,15,13190,187,0,163,0,DIAMOND_I,0,18,18805,104,0,100,0,DIAMOND_I,34,13,10431,318,0,311,0,DIAMOND_II,33,13,10746,39,0,36,0,DIAMOND_II,14,13,11217,78,0,76,0,DIAMOND_IV,54,15,14420,24,0,29,0,DIAMOND_IV,99,15,13527,528,0,550,0,DIAMOND_I,26,11,8299
245,0,222,0,DIAMOND_I,49,15,14439,717,0,718,0,DIAMOND_I,44,15,13645,199,0,206,0,DIAMOND_I,95,14,11483,187,0,163,0,DIAMOND_I,0,17,16977,104,0,100,0,DIAMOND_I,34,12,9307,513,0,512,0,DIAMOND_I,0,14,12092,567,0,555,0,DIAMOND_II,16,13,10300,88,0,91,0,DIAMOND_I,50,13,10067,188,0,191,0,MASTER_I,1,14,11528,216,0,211,0,DIAMOND_II,38,13,10251
311,0,289,0,DIAMOND_I,75,13,11414,269,0,250,0,DIAMOND_I,1,13,10705,254,0,267,0,DIAMOND_I,77,16,14782,654,0,625,0,DIAMOND_II,0,13,11381,103,0,75,0,DIAMOND_II,48,11,8059,190,0,179,0,DIAMOND_I,24,13,10779,60,0,42,0,DIAMOND_II,16,12,9358,135,0,114,0,DIAMOND_I,0,12,9491,82,0,57,0,DIAMOND_II,79,11,8086,50,0,36,0,DIAMOND_III,11,10,6399
43,0,34,0,DIAMOND_IV,72,13,10962,193,0,187,0,DIAMOND_III,75,14,11845,759,0,737,0,DIAMOND_I,19,15,13311,443,0,416,0,MASTER_I,1,14,11750,241,0,206,0,DIAMOND_II,0,13,10921,101,0,48,0,DIAMOND_II,15,14,11511,200,0,160,0,DIAMOND_II,75,11,8066,135,0,114,0,DIAMOND_I,0,13,10944,200,0,185,0,DIAMOND_II,32,11,7729,191,0,179,0,DIAMOND_II,10,10,7212
128,0,117,0,DIAMOND_I,56,14,11944,169,0,157,0,DIAMOND_I,57,13,10993,195,0,184,0,DIAMOND_I,17,13,10573,651,0,623,0,DIAMOND_I,72,13,11100,163,0,168,0,DIAMOND_I,60,11,7396,241,0,238,0,DIAMOND_I,36,12,8762,867,0,822,0,DIAMOND_I,100,11,8262,135,0,114,0,DIAMOND_I,0,12,9022,744,0,759,0,DIAMOND_II,90,10,6718,316,0,275,0,DIAMOND_I,44,10,6466
85,0,82,0,DIAMOND_III,5,14,12224,187,0,162,0,DIAMOND_I,19,14,12120,36,0,17,0,DIAMOND_II,1,15,13158,394,0,387,0,DIAMOND_I,31,14,12499,163,0,168,0,DIAMOND_I,60,13,10238,338,0,332,0,MASTER_I,16,17,17109,177,0,170,0,DIAMOND_I,38,16,15430,135,0,114,0,DIAMOND_I,0,15,13582,174,0,150,0,DIAMOND_I,46,16,14825,384,0,383,0,MASTER_I,170,14,11857
241,0,238,0,DIAMOND_I,36,13,11259,166,0,159,0,DIAMOND_I,39,14,12794,138,0,147,0,DIAMOND_I,23,15,14597,387,0,399,0,DIAMOND_I,92,13,11421,753,0,705,0,DIAMOND_II,34,10,6856,142,0,112,0,MASTER_I,0,13,10257,505,0,480,0,MASTER_I,30,11,8561,135,0,114,0,DIAMOND_I,0,12,9476,194,0,198,0,DIAMOND_I,62,12,9662,77,0,87,0,DIAMOND_II,41,11,8150
178,0,154,0,DIAMOND_I,0,16,15432,131,0,120,0,DIAMOND_II,90,15,13953,159,0,152,0,DIAMOND_I,0,16,15295,491,0,497,0,DIAMOND_II,73,16,15006,528,0,550,0,DIAMOND_I,26,16,15717,153,0,142,0,DIAMOND_II,32,18,22055,108,0,94,0,DIAMOND_I,24,18,27447,584,0,553,0,DIAMOND_I,21,18,25646,185,0,150,0,DIAMOND_I,1,7,3498,425,0,405,0,DIAMOND_I,86,17,16550
348,0,300,0,DIAMOND_II,75,14,12986,446,0,427,0,DIAMOND_III,75,14,12012,219,0,219,0,DIAMOND_II,20,14,11948,120,0,99,0,DIAMOND_I,59,14,12052,306,0,281,0,DIAMOND_II,41,13,11407,66,0,74,0,PLATINUM_II,52,17,17573,98,0,109,0,DIAMOND_II,80,17,17637,44,0,25,0,PLATINUM_I,88,17,17122,185,0,150,0,DIAMOND_I,1,15,13941,231,0,196,0,DIAMOND_III,92,15,13357
207,0,207,0,DIAMOND_I,0,16,15077,524,0,517,0,DIAMOND_I,19,15,14262,338,0,330,0,DIAMOND_I,10,17,16784,82,0,68,0,DIAMOND_I,1,15,13446,91,0,83,0,DIAMOND_I,94,12,9707,513,0,512,0,DIAMOND_I,0,16,15396,167,0,144,0,DIAMOND_I,100,16,14996,59,0,56,0,DIAMOND_III,4,14,11743,185,0,150,0,DIAMOND_I,1,15,13898,16,0,19,0,DIAMOND_II,21,13,10188
158,0,126,0,DIAMOND_II,77,15,13504,96,0,91,0,DIAMOND_I,29,16,14992,271,0,265,0,DIAMOND_I,2,17,16986,234,0,209,0,DIAMOND_I,27,17,16750,156,0,119,0,DIAMOND_I,100,14,11896,104,0,116,0,DIAMOND_II,3,16,15326,341,0,317,0,DIAMOND_II,52,14,12053,198,0,171,0,DIAMOND_II,75,14,12804,185,0,150,0,DIAMOND_I,1,16,15647,56,0,67,0,DIAMOND_II,69,13,10584
315,0,293,0,DIAMOND_I,13,12,8883,147,0,139,0,DIAMOND_I,3,11,7464,178,0,188,0,DIAMOND_III,60,12,9739,223,0,228,0,DIAMOND_IV,0,11,7393,270,0,254,0,DIAMOND_II,88,9,5979,95,0,86,0,DIAMOND_IV,91,14,11846,44,0,48,0,DIAMOND_III,44,12,9810,232,0,196,0,DIAMOND_I,4,13,10737,185,0,150,0,DIAMOND_I,1,12,8688,133,0,115,0,DIAMOND_II,65,10,6824
136,0,107,0,DIAMOND_I,54,14,12728,403,0,374,0,DIAMOND_I,23,13,10899,82,0,80,0,DIAMOND_I,4,13,9974,52,0,43,0,DIAMOND_II,0,13,10022,52,0,44,0,DIAMOND_II,75,12,9452,615,0,595,0,DIAMOND_I,82,16,15109,493,0,473,0,DIAMOND_I,86,15,14206,466,0,455,0,MASTER_I,26,15,13995,919,0,920,0,DIAMOND_I,77,15,13589,491,0,447,0,DIAMOND_I,56,13,10263
295,0,256,0,DIAMOND_I,87,16,16036,437,0,396,0,DIAMOND_II,59,14,12504,339,0,298,0,DIAMOND_II,12,14,12383,480,0,474,0,DIAMOND_I,11,15,13139,159,0,181,0,DIAMOND_II,38,13,10062,615,0,595,0,DIAMOND_I,82,18,18626,493,0,473,0,DIAMOND_I,86,16,15220,154,0,118,0,DIAMOND_I,73,17,17228,633,0,645,0,DIAMOND_I,100,16,15063,57,0,55,0,DIAMOND_I,52,14,12905
62,0,37,0,DIAMOND_III,82,12,9180,99,0,88,0,DIAMOND_I,19,11,7975,480,0,474,0,DIAMOND_I,11,11,8483,101,0,103,0,DIAMOND_I,3,12,9469,600,0,591,0,DIAMOND_I,22,10,7275,615,0,595,0,DIAMOND_I,82,15,13534,493,0,473,0,DIAMOND_I,86,14,11585,295,0,260,0,MASTER_I,94,13,10455,249,0,244,0,DIAMOND_I,100,13,10659,568,0,536,0,MASTER_I,54,11,8204
137,0,136,0,DIAMOND_I,98,11,8317,9,0,3,0,PLATINUM_I,100,12,9178,35,0,22,0,DIAMOND_II,2,13,10161,84,0,86,0,DIAMOND_I,37,11,8241,93,0,66,0,MASTER_I,1,12,8871,615,0,595,0,DIAMOND_I,82,12,9415,493,0,473,0,DIAMOND_I,86,10,7270,207,0,196,0,DIAMOND_II,56,11,8401,62,0,72,0,DIAMOND_I,27,9,5046,134,0,130,0,DIAMOND_I,100,10,6477
375,0,345,0,DIAMOND_I,79,17,17671,111,0,121,0,DIAMOND_II,45,16,16282,150,0,133,0,DIAMOND_I,0,17,18240,135,0,140,0,DIAMOND_I,9,17,16604,473,0,435,0,DIAMOND_I,9,14,11791,615,0,595,0,DIAMOND_I,82,18,21504,493,0,473,0,DIAMOND_I,86,16,15795,286,0,298,0,DIAMOND_I,34,18,19240,205,0,174,0,MASTER_I,15,17,17588,244,0,249,0,MASTER_I,43,15,13794
733,0,676,0,DIAMOND_I,78,17,16520,120,0,83,0,MASTER_I,76,15,14442,121,0,104,0,MASTER_I,266,17,18056,118,0,94,0,MASTER_I,165,15,14698,445,0,441,0,DIAMOND_III,26,14,11517,152,0,124,0,MASTER_I,222,16,14899,88,0,56,0,DIAMOND_I,75,14,11579,84,0,65,0,DIAMOND_II,0,15,14590,265,0,226,0,MASTER_I,130,14,12157,9,0,10,0,DIAMOND_III,68,12,9470
733,0,676,0,DIAMOND_I,78,15,13382,352,0,315,0,MASTER_I,332,15,13748,170,0,155,0,MASTER_I,163,14,13009,189,0,163,0,MASTER_I,186,14,11584,451,0,430,0,MASTER_I,16,12,9087,464,0,449,0,MASTER_I,279,17,16870,130,0,116,0,MASTER_I,151,17,16629,106,0,118,0,DIAMOND_I,48,16,16158,251,0,199,0,MASTER_I,236,15,13231,394,0,394,0,MASTER_I,14,14,11667
417,0,421,0,DIAMOND_III,77,16,16068,115,0,87,0,DIAMOND_I,0,13,11404,227,0,215,0,DIAMOND_I,1,15,14211,1078,0,1062,0,DIAMOND_II,29,15,13326,168,0,148,0,DIAMOND_I,15,12,9485,586,0,563,0,MASTER_I,16,17,17951,51,0,24,0,DIAMOND_II,48,16,15898,167,0,180,0,DIAMOND_II,3,15,14678,235,0,224,0,DIAMOND_II,75,16,16152,725,0,684,0,DIAMOND_I,0,14,11581
530,0,521,0,DIAMOND_I,77,16,16292,115,0,87,0,DIAMOND_I,0,15,13818,48,0,45,0,DIAMOND_III,5,16,16166,109,0,94,0,MASTER_I,0,14,11837,703,0,668,0,DIAMOND_II,47,12,9847,607,0,616,0,DIAMOND_III,17,15,14267,136,0,160,0,DIAMOND_I,34,16,15777,29,0,25,0,DIAMOND_I,93,15,13750,613,0,592,0,MASTER_I,58,16,16290,23,0,20,0,DIAMOND_IV,1,15,14602
546,0,536,0,DIAMOND_II,16,14,11841,115,0,87,0,DIAMOND_I,0,11,7589,386,0,367,0,DIAMOND_II,36,12,9679,616,0,607,0,DIAMOND_II,31,12,8624,768,0,717,0,MASTER_I,88,10,6742,87,0,68,0,MASTER_I,27,13,11120,60,0,38,0,DIAMOND_II,42,14,11857,176,0,165,0,DIAMOND_III,83,15,13306,516,0,488,0,DIAMOND_I,99,14,11914,501,0,428,0,MASTER_I,1,12,9287
309,0,269,0,DIAMOND_II,75,16,15164,115,0,87,0,DIAMOND_I,0,15,13098,428,0,433,0,DIAMOND_II,40,17,16508,136,0,113,0,DIAMOND_II,31,15,13058,97,0,89,0,DIAMOND_II,77,12,9915,117,0,107,0,DIAMOND_III,75,14,11624,289,0,294,0,DIAMOND_II,40,16,15945,145,0,149,0,DIAMOND_I,5,16,14863,817,0,804,0,DIAMOND_II,7,13,10425,268,0,286,0,DIAMOND_III,75,11,8243
63,0,32,0,DIAMOND_II,19,17,16684,115,0,87,0,DIAMOND_I,0,15,14547,123,0,63,0,DIAMOND_I,88,16,15861,140,0,110,0,DIAMOND_I,94,16,15220,50,0,24,0,DIAMOND_IV,27,15,13771,462,0,453,0,DIAMOND_II,84,17,16950,399,0,376,0,MASTER_I,1,17,17669,145,0,149,0,DIAMOND_I,5,18,19662,263,0,258,0,MASTER_I,39,16,16257,253,0,263,0,DIAMOND_I,100,14,12031
322,0,302,0,DIAMOND_II,88,12,8768,135,0,106,0,DIAMOND_I,7,11,8422,440,0,337,0,DIAMOND_I,54,13,10870,236,0,202,0,DIAMOND_II,99,10,7285,234,0,224,0,DIAMOND_II,75,8,5017,246,0,195,0,MASTER_I,127,14,11550,277,0,252,0,MASTER_I,1,14,11532,185,0,167,0,DIAMOND_II,19,12,9775,306,0,278,0,DIAMOND_II,60,12,9128,74,0,69,0,DIAMOND_I,15,10,7240
251,0,217,0,DIAMOND_I,59,18,20755,135,0,106,0,DIAMOND_I,7,18,22487,360,0,345,0,DIAMOND_III,60,18,19445,706,0,706,0,DIAMOND_III,17,16,15521,95,0,70,0,DIAMOND_II,74,16,15191,70,0,69,0,DIAMOND_I,77,18,19698,98,0,113,0,DIAMOND_III,51,18,18444,871,0,875,0,DIAMOND_II,52,18,20442,217,0,215,0,DIAMOND_II,0,18,20311,138,0,120,0,DIAMOND_II,40,17,18277
116,0,64,0,DIAMOND_II,34,15,13604,135,0,106,0,DIAMOND_I,7,14,12373,262,0,232,0,DIAMOND_II,0,13,11304,93,0,73,0,DIAMOND_I,4,15,14069,182,0,114,0,DIAMOND_II,72,13,11430,40,0,26,0,DIAMOND_IV,30,13,11394,337,0,344,0,DIAMOND_II,75,13,10071,412,0,412,0,MASTER_I,21,14,11654,29,0,16,0,PLATINUM_II,46,12,9097,36,0,18,0,PLATINUM_I,14,10,7088
80,0,81,0,DIAMOND_IV,40,14,12588,135,0,106,0,DIAMOND_I,7,14,12338,558,0,534,0,DIAMOND_III,31,15,14268,300,0,290,0,DIAMOND_II,30,13,11434,231,0,218,0,DIAMOND_III,62,13,10172,355,0,305,0,DIAMOND_II,86,16,15196,512,0,500,0,DIAMOND_I,55,15,13696,238,0,214,0,DIAMOND_I,55,14,12729,450,0,411,0,DIAMOND_II,24,15,13075,88,0,94,0,DIAMOND_III,18,13,10510
432,0,415,0,DIAMOND_II,5,16,15785,135,0,106,0,DIAMOND_I,7,14,12394,558,0,534,0,DIAMOND_III,31,16,15163,450,0,411,0,DIAMOND_II,24,13,10129,79,0,66,0,DIAMOND_I,30,12,8647,182,0,157,0,DIAMOND_II,75,13,10508,512,0,500,0,DIAMOND_I,55,13,10014,116,0,103,0,DIAMOND_IV,17,13,9973,1414,0,1384,0,DIAMOND_IV,82,13,10209,88,0,94,0,DIAMOND_III,18,9,5735
202,0,214,0,DIAMOND_IV,94,12,8759,267,0,264,0,DIAMOND_II,22,12,9558,638,0,622,0,DIAMOND_II,22,12,9915,654,0,625,0,DIAMOND_II,0,11,7764,191,0,178,0,DIAMOND_II,42,9,5945,181,0,192,0,DIAMOND_II,60,14,11738,119,0,83,0,DIAMOND_I,16,13,10214,104,0,71,0,DIAMOND_II,0,13,11357,263,0,240,0,DIAMOND_II,69,12,9001,273,0,264,0,DIAMOND_II,72,12,8625
212,0,204,0,DIAMOND_I,44,16,14941,642,0,626,0,DIAMOND_II,76,15,13580,263,0,258,0,MASTER_I,39,15,14521,311,0,295,0,MASTER_I,59,14,11545,114,0,63,0,DIAMOND_I,0,13,11130,157,0,134,0,DIAMOND_I,9,14,12049,119,0,83,0,DIAMOND_I,16,13,10596,110,0,103,0,DIAMOND_I,6,15,13592,197,0,186,0,DIAMOND_I,100,13,10942,242,0,216,0,DIAMOND_I,81,12,8866
49,0,36,0,DIAMOND_II,42,18,20289,238,0,221,0,DIAMOND_I,4,18,19298,574,0,560,0,DIAMOND_I,60,16,16448,103,0,102,0,MASTER_I,45,17,16716,111,0,113,0,DIAMOND_I,76,14,11719,77,0,67,0,DIAMOND_I,18,17,16984,119,0,83,0,DIAMOND_I,16,15,13107,62,0,72,0,DIAMOND_I,27,17,16788,143,0,160,0,DIAMOND_II,75,15,13191,168,0,179,0,DIAMOND_I,15,14,11748
439,0,406,0,DIAMOND_I,50,15,14282,240,0,249,0,DIAMOND_I,52,14,12364,121,0,98,0,DIAMOND_I,38,15,14464,52,0,45,0,DIAMOND_I,5,14,11511,179,0,189,0,MASTER_I,23,13,10060,142,0,111,0,DIAMOND_I,75,13,10230,119,0,83,0,DIAMOND_I,16,14,12703,723,0,706,0,MASTER_I,45,14,12906,75,0,60,0,DIAMOND_I,0,14,12318,1173,0,1145,0,DIAMOND_IV,1,12,9748
156,0,143,0,MASTER_I,118,15,13364,421,0,408,0,DIAMOND_II,98,15,13938,69,0,52,0,MASTER_I,0,14,12627,587,0,554,0,DIAMOND_I,49,14,11659,73,0,63,0,DIAMOND_II,11,13,10113,128,0,105,0,DIAMOND_II,32,14,12461,119,0,83,0,DIAMOND_I,16,14,11833,360,0,332,0,MASTER_I,1,12,8973,310,0,316,0,DIAMOND_III,32,12,9670,377,0,355,0,MASTER_I,19,11,8155
867,0,822,0,DIAMOND_I,100,16,14817,43,0,43,0,DIAMOND_II,48,16,16367,471,0,477,0,DIAMOND_I,92,16,15045,421,0,419,0,DIAMOND_II,97,15,13986,67,0,50,0,MASTER_I,116,15,13463,226,0,230,0,DIAMOND_II,75,17,16580,147,0,127,0,DIAMOND_I,75,17,18002,140,0,142,0,MASTER_I,1,16,14911,359,0,344,0,DIAMOND_II,75,16,15867,101,0,94,0,MASTER_I,63,16,14911
118,0,133,0,DIAMOND_I,48,14,12873,516,0,496,0,DIAMOND_II,75,14,11906,703,0,693,0,MASTER_I,109,14,12708,177,0,150,0,MASTER_I,58,12,8906,237,0,207,0,MASTER_I,71,12,8994,53,0,53,0,DIAMOND_I,18,11,7469,147,0,127,0,DIAMOND_I,75,11,8558,156,0,126,0,DIAMOND_I,0,11,8357,54,0,38,0,DIAMOND_I,100,12,9439,244,0,228,0,DIAMOND_I,17,10,6146
445,0,419,0,MASTER_I,194,16,15107,236,0,202,0,DIAMOND_II,99,15,13056,647,0,636,0,DIAMOND_I,60,16,15477,118,0,82,0,DIAMOND_I,48,15,13474,172,0,136,0,DIAMOND_I,62,14,12018,311,0,278,0,DIAMOND_I,46,15,13654,147,0,127,0,DIAMOND_I,75,17,16793,545,0,538,0,DIAMOND_II,17,15,14231,117,0,118,0,DIAMOND_III,47,16,15468,181,0,192,0,DIAMOND_I,57,14,11515
234,0,194,0,DIAMOND_II,44,16,16477,287,0,272,0,DIAMOND_I,42,16,16260,409,0,375,0,GRANDMASTER_I,545,18,18834,378,0,379,0,GRANDMASTER_I,537,16,15653,515,0,506,0,MASTER_I,66,14,12851,414,0,426,0,DIAMOND_II,52,15,13224,147,0,127,0,DIAMOND_I,75,14,12385,509,0,483,0,DIAMOND_II,75,15,13632,140,0,108,0,MASTER_I,225,15,13685,146,0,133,0,DIAMOND_II,75,15,13328
116,0,84,0,MASTER_I,263,15,14631,296,0,285,0,DIAMOND_III,43,12,9682,145,0,127,0,DIAMOND_I,72,14,11900,132,0,105,0,DIAMOND_I,75,12,8926,482,0,471,0,MASTER_I,347,11,7879,240,0,228,0,DIAMOND_II,35,12,9417,147,0,127,0,DIAMOND_I,75,12,9611,202,0,234,0,DIAMOND_IV,18,10,7063,131,0,138,0,DIAMOND_I,73,13,10005,224,0,182,0,DIAMOND_I,75,11,7429
150,0,135,0,DIAMOND_I,15,17,17426,58,0,51,0,DIAMOND_IV,71,17,17251,44,0,29,0,PLATINUM_I,100,17,17212,437,0,426,0,DIAMOND_II,15,16,16459,145,0,139,0,DIAMOND_II,40,14,12923,68,0,70,0,DIAMOND_II,54,15,14361,110,0,84,0,DIAMOND_I,26,15,13357,101,0,74,0,DIAMOND_I,30,15,14438,161,0,136,0,MASTER_I,189,15,13482,356,0,295,0,MASTER_I,1,13,10067
186,0,168,0,DIAMOND_II,75,15,14238,223,0,218,0,MASTER_I,84,13,10878,344,0,323,0,DIAMOND_III,62,15,13573,437,0,426,0,DIAMOND_II,15,14,11550,244,0,228,0,DIAMOND_I,17,12,8799,193,0,167,0,DIAMOND_III,59,15,13374,110,0,84,0,DIAMOND_I,26,17,16960,421,0,408,0,DIAMOND_II,98,16,15915,209,0,216,0,MASTER_I,42,16,14981,66,0,48,0,DIAMOND_II,54,13,11379
219,0,195,0,DIAMOND_II,13,15,13726,363,0,312,0,DIAMOND_I,1,14,12924,230,0,231,0,DIAMOND_II,92,15,14013,126,0,98,0,MASTER_I,1,15,13143,320,0,274,0,DIAMOND_I,28,13,10283,409,0,383,0,MASTER_I,153,14,11521,110,0,84,0,DIAMOND_I,26,14,12453,72,0,47,0,DIAMOND_I,75,11,8176,146,0,139,0,MASTER_I,0,14,11592,399,0,392,0,DIAMOND_II,14,14,12078
167,0,158,0,MASTER_I,14,17,17656,49,0,51,0,PLATINUM_I,67,16,14971,82,0,78,0,MASTER_I,7,15,14657,291,0,241,0,MASTER_I,61,15,13417,542,0,536,0,DIAMOND_I,43,13,10565,164,0,159,0,MASTER_I,34,15,13046,110,0,84,0,DIAMOND_I,26,15,13332,55,0,40,0,DIAMOND_I,42,14,12161,108,0,120,0,MASTER_I,16,15,13243,264,0,262,0,DIAMOND_III,25,13,10520
338,0,304,0,DIAMOND_I,71,12,9465,341,0,354,0,DIAMOND_III,94,12,8980,267,0,265,0,MASTER_I,0,13,10673,182,0,175,0,MASTER_I,125,12,9038,169,0,163,0,MASTER_I,107,11,7673,249,0,233,0,DIAMOND_I,58,14,12090,110,0,84,0,DIAMOND_I,26,14,12450,513,0,512,0,DIAMOND_I,0,16,15206,106,0,90,0,DIAMOND_I,40,13,10195,151,0,153,0,DIAMOND_I,22,10,6764
180,0,159,0,DIAMOND_I,50,17,17245,407,0,384,0,DIAMOND_I,77,15,13995,393,0,366,0,DIAMOND_II,23,15,14698,64,0,44,0,DIAMOND_III,47,15,13368,375,0,382,0,DIAMOND_I,43,13,11438,96,0,63,0,DIAMOND_II,0,13,10931,642,0,626,0,DIAMOND_II,76,14,12385,144,0,128,0,DIAMOND_I,89,14,12576,82,0,62,0,DIAMOND_I,41,13,10986,86,0,73,0,DIAMOND_II,60,12,9171
38,0,33,0,DIAMOND_III,65,15,13599,407,0,384,0,DIAMOND_I,77,14,11599,193,0,161,0,DIAMOND_I,45,14,12131,105,0,118,0,DIAMOND_I,72,13,10398,272,0,279,0,DIAMOND_I,0,12,8618,219,0,224,0,DIAMOND_I,27,11,8322,246,0,221,0,DIAMOND_II,75,11,7868,181,0,148,0,DIAMOND_I,1,13,10754,487,0,471,0,DIAMOND_II,18,11,7974,51,0,49,0,DIAMOND_I,0,10,6798
146,0,125,0,DIAMOND_II,13,16,16138,407,0,384,0,DIAMOND_I,77,15,13566,235,0,255,0,DIAMOND_III,79,17,16854,145,0,123,0,DIAMOND_III,4,16,15493,762,0,755,0,DIAMOND_I,17,15,13080,403,0,375,0,DIAMOND_I,7,18,21323,606,0,570,0,DIAMOND_II,8,17,18110,289,0,245,0,DIAMOND_II,87,17,17067,330,0,297,0,DIAMOND_I,75,17,16886,283,0,268,0,DIAMOND_I,16,15,14181
214,0,185,0,MASTER_I,1,15,13619,407,0,384,0,DIAMOND_I,77,15,14366,75,0,56,0,DIAMOND_I,15,15,13711,149,0,123,0,DIAMOND_I,47,13,10717,115,0,101,0,MASTER_I,117,14,11635,201,0,185,0,MASTER_I,1,14,11736,142,0,128,0,MASTER_I,35,13,10913,322,0,315,0,DIAMOND_I,49,15,13657,461,0,425,0,DIAMOND_II,49,15,13674,273,0,263,0,DIAMOND_II,57,12,9957
413,0,368,0,DIAMOND_I,80,18,19006,407,0,384,0,DIAMOND_I,77,17,17928,339,0,280,0,DIAMOND_I,94,17,17412,120,0,99,0,DIAMOND_I,59,15,13787,786,0,751,0,MASTER_I,1,15,13443,96,0,70,0,DIAMOND_II,78,16,14783,1750,0,1720,0,DIAMOND_II,60,17,16541,122,0,137,0,DIAMOND_III,31,16,15945,131,0,119,0,DIAMOND_II,24,15,14517,336,0,319,0,DIAMOND_II,75,13,11142
109,0,92,0,DIAMOND_III,64,17,18222,56,0,51,0,DIAMOND_III,28,17,18097,114,0,96,0,MASTER_I,1,18,22392,331,0,316,0,DIAMOND_I,1,18,25162,75,0,63,0,DIAMOND_III,63,15,14658,124,0,114,0,DIAMOND_I,71,18,20126,386,0,367,0,DIAMOND_II,36,18,23495,553,0,574,0,DIAMOND_I,16,18,21802,334,0,316,0,DIAMOND_II,84,18,21889,349,0,349,0,DIAMOND_II,75,16,16266
108,0,104,0,DIAMOND_I,0,8,4953,224,0,218,0,MASTER_I,101,9,5280,59,0,50,0,DIAMOND_I,23,9,5926,613,0,592,0,MASTER_I,58,7,3981,280,0,249,0,DIAMOND_I,100,8,4145,124,0,114,0,DIAMOND_I,71,10,6731,63,0,58,0,MASTER_I,1,9,5721,299,0,291,0,DIAMOND_I,59,8,5012,207,0,182,0,DIAMOND_I,7,6,2693,553,0,574,0,DIAMOND_I,16,7,3520
421,0,337,0,MASTER_I,185,16,16090,250,0,225,0,DIAMOND_I,100,17,16812,72,0,54,0,DIAMOND_II,3,17,16813,270,0,267,0,DIAMOND_I,100,16,15166,312,0,297,0,MASTER_I,28,15,13638,226,0,184,0,MASTER_I,0,16,15917,51,0,56,0,DIAMOND_I,0,15,13704,553,0,555,0,DIAMOND_II,91,16,15497,139,0,173,0,DIAMOND_IV,95,14,12263,441,0,400,0,MASTER_I,181,13,10589
211,0,150,0,DIAMOND_I,8,18,21338,375,0,258,0,MASTER_I,0,18,22483,114,0,86,0,MASTER_I,19,18,19029,374,0,338,0,DIAMOND_I,0,18,18483,74,0,50,0,DIAMOND_II,33,16,16312,50,0,63,0,DIAMOND_II,0,16,15517,51,0,56,0,DIAMOND_I,0,17,17626,161,0,132,0,MASTER_I,15,18,19666,87,0,61,0,DIAMOND_I,38,18,22712,127,0,136,0,DIAMOND_I,48,15,13460
133,0,144,0,DIAMOND_III,64,15,13098,419,0,387,0,DIAMOND_II,47,14,12811,151,0,178,0,DIAMOND_II,43,17,17263,128,0,134,0,DIAMOND_I,100,14,12937,394,0,394,0,MASTER_I,14,13,10646,88,0,75,0,DIAMOND_I,34,13,10092,51,0,56,0,DIAMOND_I,0,13,10562,162,0,159,0,DIAMOND_I,51,14,12222,317,0,287,0,DIAMOND_I,15,13,10477,39,0,33,0,DIAMOND_II,24,11,8359
134,0,128,0,DIAMOND_I,6,12,9744,300,0,279,0,MASTER_I,70,12,9474,539,0,553,0,DIAMOND_I,25,11,8257,132,0,105,0,DIAMOND_I,75,11,7921,462,0,457,0,MASTER_I,17,10,6995,133,0,144,0,DIAMOND_III,64,10,7018,51,0,56,0,DIAMOND_I,0,11,7505,509,0,509,0,DIAMOND_I,41,12,8595,437,0,435,0,DIAMOND_I,25,10,7123,394,0,394,0,MASTER_I,14,9,5737
309,0,274,0,MASTER_I,33,15,14327,311,0,292,0,DIAMOND_I,91,16,15841,272,0,245,0,MASTER_I,1,16,14831,310,0,287,0,DIAMOND_I,0,14,11911,373,0,342,0,MASTER_I,1,13,10332,123,0,93,0,MASTER_I,18,16,15984,153,0,167,0,DIAMOND_II,75,15,13222,85,0,69,0,DIAMOND_I,42,15,14337,153,0,115,0,DIAMOND_II,0,13,9968,232,0,218,0,DIAMOND_I,14,12,8742
98,0,73,0,MASTER_I,67,13,11181,304,0,299,0,MASTER_I,127,13,11083,209,0,182,0,MASTER_I,36,12,9759,69,0,52,0,MASTER_I,0,14,12135,462,0,457,0,MASTER_I,17,11,8262,463,0,473,0,DIAMOND_I,87,12,9011,89,0,68,0,MASTER_I,18,11,8152,85,0,69,0,DIAMOND_I,42,12,9914,320,0,293,0,DIAMOND_I,100,10,6285,97,0,84,0,DIAMOND_I,43,9,5070
238,0,238,0,MASTER_I,47,11,8085,473,0,432,0,DIAMOND_I,29,10,6818,110,0,69,0,MASTER_I,62,11,8193,292,0,257,0,MASTER_I,64,9,5210,133,0,129,0,DIAMOND_I,100,8,4366,363,0,312,0,MASTER_I,160,12,8763,20,0,14,0,MASTER_I,0,12,9694,85,0,69,0,DIAMOND_I,42,12,8642,297,0,292,0,MASTER_I,24,11,7958,136,0,117,0,MASTER_I,36,10,6553
211,0,183,0,DIAMOND_I,57,13,10815,77,0,69,0,MASTER_I,196,13,11436,345,0,329,0,DIAMOND_I,30,14,12642,292,0,257,0,MASTER_I,64,14,11817,276,0,264,0,MASTER_I,29,12,9202,465,0,454,0,MASTER_I,32,16,16139,20,0,14,0,MASTER_I,0,16,15821,85,0,69,0,DIAMOND_I,42,15,13616,98,0,90,0,DIAMOND_I,57,14,11654,521,0,472,0,MASTER_I,288,12,9418
167,0,163,0,MASTER_I,112,18,18570,1336,0,1316,0,MASTER_I,422,17,17617,960,0,915,0,MASTER_I,235,14,12052,67,0,45,0,MASTER_I,55,15,13626,418,0,380,0,MASTER_I,175,12,9724,196,0,175,0,MASTER_I,364,17,17091,20,0,14,0,MASTER_I,0,17,17769,85,0,69,0,DIAMOND_I,42,17,17148,297,0,292,0,MASTER_I,24,17,16894,202,0,195,0,MASTER_I,1,15,13932
197,0,182,0,GRANDMASTER_I,465,10,6177,353,0,343,0,MASTER_I,79,8,4857,997,0,972,0,DIAMOND_II,40,10,6262,522,0,496,0,MASTER_I,48,9,5334,378,0,346,0,MASTER_I,165,6,3102,882,0,861,0,GRANDMASTER_I,550,11,7355,315,0,293,0,MASTER_I,315,10,7177,268,0,246,0,GRANDMASTER_I,526,11,8521,533,0,544,0,MASTER_I,33,10,6578,108,0,82,0,DIAMOND_I,72,9,5487
208,0,202,0,MASTER_I,278,16,16230,149,0,127,0,MASTER_I,388,16,15694,216,0,221,0,DIAMOND_I,73,18,18586,150,0,127,0,MASTER_I,362,17,18077,139,0,122,0,MASTER_I,367,16,15079,481,0,486,0,MASTER_I,102,17,16925,123,0,84,0,DIAMOND_I,75,15,13109,60,0,40,0,DIAMOND_I,75,15,14485,286,0,259,0,MASTER_I,194,15,13752,108,0,82,0,DIAMOND_I,72,12,8615
254,0,238,0,DIAMOND_I,75,14,12161,337,0,306,0,MASTER_I,128,13,11367,599,0,614,0,MASTER_I,18,14,12491,208,0,182,0,MASTER_I,122,13,10976,674,0,663,0,MASTER_I,430,11,8018,90,0,77,0,MASTER_I,353,17,16921,269,0,236,0,GRANDMASTER_I,548,15,14415,377,0,371,0,DIAMOND_I,75,16,16402,533,0,544,0,MASTER_I,33,16,14717,108,0,82,0,DIAMOND_I,72,13,10812
213,0,181,0,MASTER_I,70,17,16490,253,0,213,0,MASTER_I,370,18,19338,680,0,676,0,MASTER_I,334,17,17296,250,0,218,0,MASTER_I,322,16,14973,452,0,441,0,MASTER_I,178,14,12636,71,0,55,0,MASTER_I,110,15,14122,331,0,307,0,MASTER_I,222,15,13935,105,0,85,0,MASTER_I,17,14,11772,260,0,263,0,MASTER_I,29,14,11691,108,0,82,0,DIAMOND_I,72,12,9601
224,0,200,0,MASTER_I,201,18,18597,156,0,111,0,GRANDMASTER_I,529,18,19870,247,0,253,0,MASTER_I,43,18,19824,237,0,200,0,MASTER_I,248,16,16415,304,0,276,0,MASTER_I,379,16,14905,123,0,113,0,MASTER_I,270,18,22341,124,0,125,0,MASTER_I,151,17,16701,132,0,127,0,MASTER_I,323,17,17474,737,0,733,0,MASTER_I,201,15,14317,108,0,82,0,DIAMOND_I,72,17,18320
417,0,375,0,MASTER_I,58,15,13600,116,0,102,0,MASTER_I,31,13,10730,391,0,387,0,DIAMOND_I,40,13,11389,271,0,234,0,MASTER_I,163,14,11450,485,0,471,0,MASTER_I,26,11,8470,528,0,550,0,DIAMOND_I,26,14,11555,33,0,33,0,DIAMOND_I,30,12,9771,342,0,346,0,MASTER_I,1,13,10180,263,0,258,0,MASTER_I,39,11,7518,78,0,83,0,DIAMOND_I,78,10,7195
322,0,308,0,DIAMOND_I,66,15,14183,156,0,120,0,DIAMOND_I,100,14,12958,391,0,387,0,DIAMOND_I,40,14,13002,110,0,91,0,DIAMOND_I,100,14,11950,166,0,155,0,DIAMOND_I,38,13,10642,104,0,116,0,DIAMOND_II,3,13,10307,202,0,157,0,DIAMOND_I,60,12,9536,306,0,283,0,DIAMOND_II,75,14,12034,516,0,488,0,DIAMOND_I,99,11,8523,56,0,67,0,DIAMOND_II,69,12,9685
253,0,258,0,DIAMOND_II,26,9,5479,510,0,535,0,DIAMOND_II,27,10,6157,391,0,387,0,DIAMOND_I,40,10,6673,613,0,592,0,MASTER_I,58,8,4388,402,0,375,0,DIAMOND_II,50,8,4678,88,0,85,0,DIAMOND_II,48,11,8502,116,0,102,0,MASTER_I,31,10,6670,374,0,377,0,DIAMOND_I,14,11,8094,75,0,54,0,DIAMOND_II,5,11,7377,75,0,54,0,DIAMOND_II,5,9,6084
341,0,299,0,MASTER_I,90,15,14364,36,0,53,0,PLATINUM_I,44,17,16831,391,0,387,0,DIAMOND_I,40,15,14400,79,0,73,0,DIAMOND_I,0,14,11531,230,0,218,0,DIAMOND_II,45,12,9728,629,0,627,0,DIAMOND_I,56,17,17098,818,0,745,0,DIAMOND_I,94,17,17245,61,0,36,0,DIAMOND_I,50,18,20713,221,0,188,0,MASTER_I,41,15,13855,46,0,46,0,DIAMOND_III,66,12,9856
168,0,178,0,DIAMOND_I,36,10,7221,480,0,481,0,DIAMOND_I,44,11,8102,391,0,387,0,DIAMOND_I,40,10,7147,402,0,375,0,DIAMOND_II,50,10,7247,99,0,70,0,DIAMOND_I,17,8,4989,250,0,225,0,DIAMOND_I,100,12,9833,245,0,222,0,DIAMOND_I,49,12,9126,468,0,469,0,DIAMOND_II,77,13,11107,175,0,132,0,DIAMOND_I,100,12,8589,340,0,319,0,DIAMOND_I,9,10,6670
143,0,106,0,DIAMOND_II,6,13,10390,254,0,215,0,DIAMOND_II,38,13,10416,283,0,291,0,DIAMOND_III,28,12,9183,288,0,266,0,DIAMOND_I,0,12,9107,372,0,343,0,DIAMOND_III,36,10,7284,125,0,125,0,DIAMOND_I,49,14,12689,354,0,363,0,DIAMOND_III,76,14,12542,335,0,297,0,DIAMOND_II,67,15,13199,79,0,47,0,DIAMOND_IV,42,13,10713,76,0,79,0,DIAMOND_II,47,13,10639
110,0,105,0,DIAMOND_I,22,15,13894,66,0,64,0,PLATINUM_I,100,14,11748,53,0,41,0,DIAMOND_IV,0,12,9881,611,0,599,0,DIAMOND_II,9,14,11799,170,0,188,0,DIAMOND_II,18,12,9429,125,0,125,0,DIAMOND_I,49,16,15453,180,0,140,0,DIAMOND_II,71,14,11798,87,0,55,0,DIAMOND_I,66,14,12561,59,0,33,0,DIAMOND_II,52,14,11765,71,0,43,0,DIAMOND_I,100,13,10576
57,0,65,0,PLATINUM_I,65,13,10744,188,0,161,0,DIAMOND_IV,75,12,8630,468,0,469,0,DIAMOND_II,77,14,11773,119,0,122,0,DIAMOND_I,6,12,9519,242,0,217,0,DIAMOND_I,59,8,4901,228,0,186,0,DIAMOND_II,34,13,10167,92,0,82,0,DIAMOND_III,66,13,10647,60,0,55,0,DIAMOND_IV,0,14,11769,412,0,381,0,DIAMOND_III,68,13,10413,400,0,392,0,DIAMOND_II,70,11,7845
318,0,289,0,MASTER_I,0,11,7995,128,0,109,0,DIAMOND_I,0,9,5046,185,0,159,0,DIAMOND_I,59,10,7243,791,0,769,0,DIAMOND_I,81,9,5124,242,0,217,0,DIAMOND_I,59,8,4990,392,0,368,0,DIAMOND_I,46,12,9219,400,0,344,0,MASTER_I,230,11,7749,79,0,78,0,DIAMOND_III,75,12,9944,817,0,804,0,DIAMOND_II,7,10,7106,283,0,272,0,MASTER_I,0,9,5784
75,0,64,0,DIAMOND_I,33,13,11053,169,0,146,0,MASTER_I,212,11,8324,349,0,353,0,DIAMOND_IV,0,11,8393,551,0,514,0,MASTER_I,257,10,7108,242,0,217,0,DIAMOND_I,59,9,5775,249,0,235,0,DIAMOND_II,16,13,10488,87,0,77,0,MASTER_I,2,12,9605,42,0,35,0,MASTER_I,0,12,8640,319,0,312,0,DIAMOND_I,19,12,8677,176,0,178,0,DIAMOND_I,3,11,7353
126,0,123,0,DIAMOND_I,100,9,6007,196,0,179,0,DIAMOND_II,69,12,9664,43,0,31,0,DIAMOND_IV,0,15,14154,220,0,215,0,MASTER_I,3,11,8232,242,0,217,0,DIAMOND_I,59,9,5970,61,0,48,0,DIAMOND_I,68,14,11888,42,0,19,0,PLATINUM_I,100,14,12742,207,0,191,0,DIAMOND_I,75,13,10332,364,0,383,0,DIAMOND_III,42,12,9876,73,0,61,0,MASTER_I,147,11,8186
117,0,94,0,MASTER_I,132,14,11664,145,0,115,0,DIAMOND_I,13,13,10495,347,0,310,0,MASTER_I,143,14,12354,169,0,166,0,DIAMOND_I,31,12,9458,242,0,217,0,DIAMOND_I,59,12,8846,394,0,386,0,MASTER_I,23,16,15211,433,0,396,0,MASTER_I,101,17,16849,56,0,49,0,MASTER_I,5,15,13316,81,0,86,0,DIAMOND_I,100,15,13184,195,0,192,0,DIAMOND_I,75,12,9484
250,0,225,0,DIAMOND_I,100,15,14006,102,0,89,0,DIAMOND_I,41,15,13645,154,0,118,0,DIAMOND_I,73,14,11504,227,0,218,0,DIAMOND_I,53,13,10974,533,0,544,0,MASTER_I,33,11,7725,629,0,627,0,DIAMOND_I,56,16,16124,215,0,217,0,MASTER_I,52,16,16087,612,0,599,0,DIAMOND_I,28,16,16226,260,0,220,0,MASTER_I,15,14,12707,301,0,242,0,MASTER_I,78,14,11717
21,0,29,0,DIAMOND_IV,0,15,13825,44,0,42,0,PLATINUM_I,75,14,12170,59,0,54,0,DIAMOND_IV,43,14,12546,142,0,128,0,MASTER_I,106,14,12592,267,0,247,0,MASTER_I,29,12,9647,22,0,24,0,DIAMOND_II,38,14,12977,308,0,296,0,DIAMOND_I,63,12,9564,612,0,599,0,DIAMOND_I,28,14,11646,381,0,394,0,MASTER_I,0,12,8707,143,0,124,0,MASTER_I,0,11,7479
653,0,641,0,DIAMOND_I,12,1,0,308,0,296,0,DIAMOND_I,63,3,1045,169,0,161,0,MASTER_I,45,2,574,381,0,394,0,MASTER_I,0,2,450,244,0,229,0,DIAMOND_I,1,2,450,144,0,105,0,DIAMOND_II,7,3,904,278,0,272,0,MASTER_I,18,3,985,612,0,599,0,DIAMOND_I,28,3,1007,151,0,153,0,DIAMOND_I,22,2,564,221,0,199,0,MASTER_I,29,2,564
475,0,409,0,DIAMOND_I,37,13,10036,145,0,123,0,DIAMOND_I,61,11,7605,243,0,257,0,DIAMOND_I,16,11,8449,119,0,133,0,DIAMOND_I,16,12,8970,505,0,516,0,DIAMOND_I,50,10,6709,263,0,247,0,MASTER_I,1,14,12142,1094,0,1072,0,DIAMOND_I,98,14,11854,612,0,599,0,DIAMOND_I,28,15,13057,249,0,233,0,DIAMOND_I,58,11,8331,197,0,194,0,DIAMOND_I,76,12,9056
145,0,123,0,DIAMOND_I,61,16,14943,128,0,107,0,DIAMOND_I,87,15,13124,381,0,394,0,MASTER_I,0,15,13867,136,0,153,0,DIAMOND_II,63,14,12182,83,0,73,0,DIAMOND_I,45,13,10495,236,0,171,0,MASTER_I,5,13,10541,83,0,63,0,DIAMOND_I,15,13,11051,612,0,599,0,DIAMOND_I,28,10,7266,249,0,233,0,DIAMOND_I,58,12,9512,410,0,379,0,DIAMOND_I,100,11,8333
171,0,139,0,MASTER_I,0,17,17643,81,0,82,0,DIAMOND_I,6,18,20547,11,0,13,0,PLATINUM_I,33,18,18526,36,0,53,0,PLATINUM_I,44,15,14496,388,0,367,0,DIAMOND_I,43,15,13628,42,0,45,0,DIAMOND_I,19,17,17158,52,0,63,0,DIAMOND_II,35,16,14865,267,0,232,0,MASTER_I,73,16,14847,206,0,208,0,MASTER_I,35,14,12463,482,0,420,0,MASTER_I,231,13,11294
362,0,344,0,MASTER_I,193,15,13209,81,0,82,0,DIAMOND_I,6,15,13927,24,0,16,0,DIAMOND_II,90,16,15332,19,0,24,0,DIAMOND_II,43,15,13945,98,0,96,0,DIAMOND_I,79,13,10785,207,0,196,0,DIAMOND_II,56,14,12229,63,0,40,0,DIAMOND_III,25,15,14619,58,0,40,0,DIAMOND_I,21,16,15076,86,0,87,0,DIAMOND_I,75,14,12477,392,0,361,0,MASTER_I,144,13,10239
391,0,387,0,DIAMOND_I,40,15,13730,81,0,82,0,DIAMOND_I,6,14,11762,302,0,312,0,MASTER_I,16,14,11803,164,0,168,0,DIAMOND_I,77,14,11493,482,0,420,0,MASTER_I,231,11,7943,109,0,83,0,MASTER_I,59,16,15953,313,0,287,0,DIAMOND_I,26,15,14278,275,0,271,0,MASTER_I,31,16,15151,717,0,725,0,MASTER_I,107,15,13458,98,0,96,0,DIAMOND_I,79,13,11433
464,0,450,0,MASTER_I,263,16,15974,81,0,82,0,DIAMOND_I,6,16,15457,67,0,41,0,DIAMOND_I,24,14,11647,258,0,258,0,MASTER_I,154,14,11864,745,0,720,0,MASTER_I,328,13,10640,554,0,547,0,MASTER_I,62,16,16178,229,0,204,0,MASTER_I,380,15,14583,354,0,333,0,MASTER_I,176,17,17876,577,0,567,0,MASTER_I,223,16,15947,162,0,156,0,DIAMOND_I,75,14,12475
348,0,288,0,DIAMOND_I,75,18,19281,81,0,82,0,DIAMOND_I,6,18,19359,554,0,547,0,MASTER_I,62,18,21168,155,0,156,0,MASTER_I,98,18,21154,746,0,757,0,DIAMOND_III,65,16,15726,80,0,77,0,DIAMOND_II,64,18,24927,165,0,159,0,DIAMOND_II,23,18,22579,432,0,391,0,MASTER_I,105,18,22064,25,0,33,0,DIAMOND_IV,59,18,21866,504,0,516,0,DIAMOND_II,85,17,17222
439,0,447,0,DIAMOND_I,83,14,12759,88,0,84,0,DIAMOND_I,33,14,11945,511,0,508,0,DIAMOND_III,75,14,11665,413,0,397,0,DIAMOND_I,59,13,11027,1056,0,1032,0,DIAMOND_II,75,11,8574,316,0,307,0,DIAMOND_I,30,14,13002,744,0,711,0,DIAMOND_I,38,14,12099,301,0,287,0,DIAMOND_I,75,15,14396,125,0,131,0,DIAMOND_I,27,16,15457,62,0,36,0,DIAMOND_III,37,15,14531
71,0,47,0,DIAMOND_IV,60,16,15179,88,0,84,0,DIAMOND_I,33,15,13201,338,0,330,0,DIAMOND_I,10,16,14785,82,0,68,0,DIAMOND_I,1,12,9522,80,0,54,0,DIAMOND_II,73,12,9573,180,0,140,0,DIAMOND_II,71,13,10479,181,0,197,0,DIAMOND_II,55,13,10043,333,0,370,0,DIAMOND_III,25,13,10072,11,0,17,0,PLATINUM_I,57,11,8248,269,0,284,0,DIAMOND_I,3,10,6622
110,0,91,0,DIAMOND_I,100,12,9431,88,0,84,0,DIAMOND_I,33,13,10708,154,0,152,0,DIAMOND_I,28,13,10706,313,0,316,0,DIAMOND_II,62,11,7734,166,0,155,0,DIAMOND_I,38,10,6678,102,0,90,0,DIAMOND_I,100,11,7634,330,0,267,0,DIAMOND_II,58,10,7253,384,0,348,0,DIAMOND_II,31,11,7679,430,0,397,0,DIAMOND_II,48,9,5769,399,0,359,0,DIAMOND_I,17,9,5190
422,0,400,0,DIAMOND_II,23,14,11703,88,0,84,0,DIAMOND_I,33,13,10617,96,0,87,0,DIAMOND_II,39,13,10622,138,0,124,0,DIAMOND_III,76,12,9550,159,0,129,0,DIAMOND_II,90,12,9908,309,0,290,0,DIAMOND_III,75,12,9779,18,0,28,0,PLATINUM_I,81,12,8661,195,0,204,0,DIAMOND_II,0,13,10882,92,0,79,0,DIAMOND_IV,11,11,7402,151,0,146,0,DIAMOND_II,94,10,7077
616,0,596,0,DIAMOND_I,84,17,18229,88,0,84,0,DIAMOND_I,33,14,11702,357,0,330,0,DIAMOND_II,91,14,12641,919,0,922,0,DIAMOND_I,46,13,10412,185,0,177,0,DIAMOND_II,66,11,7620,409,0,373,0,DIAMOND_I,50,14,11666,115,0,99,0,DIAMOND_I,18,15,14396,109,0,80,0,DIAMOND_I,100,15,14199,110,0,127,0,DIAMOND_I,4,14,11645,320,0,325,0,DIAMOND_I,65,13,10777
337,0,338,0,MASTER_I,0,17,17147,512,0,500,0,DIAMOND_I,55,16,15914,457,0,457,0,DIAMOND_I,49,15,14209,117,0,116,0,DIAMOND_II,70,16,15356,97,0,83,0,DIAMOND_I,6,13,11003,549,0,550,0,DIAMOND_I,53,17,18312,67,0,82,0,PLATINUM_I,91,18,19420,59,0,34,0,DIAMOND_II,65,18,18992,304,0,301,0,MASTER_I,164,17,17913,103,0,72,0,DIAMOND_I,100,14,11603
166,0,170,0,DIAMOND_II,77,15,13816,567,0,571,0,DIAMOND_II,75,15,13365,457,0,457,0,DIAMOND_I,49,15,13567,129,0,101,0,DIAMOND_I,17,13,11070,339,0,318,0,DIAMOND_I,32,12,9449,74,0,55,0,DIAMOND_I,50,17,17161,110,0,116,0,DIAMOND_II,31,15,13052,218,0,162,0,DIAMOND_I,100,14,12826,176,0,169,0,DIAMOND_I,9,14,12138,547,0,524,0,DIAMOND_I,75,13,11155
17,0,20,0,PLATINUM_I,51,13,10176,567,0,571,0,DIAMOND_II,75,11,8150,457,0,457,0,DIAMOND_I,49,10,7202,331,0,277,0,DIAMOND_I,14,12,9289,48,0,25,0,DIAMOND_IV,51,13,10235,293,0,285,0,DIAMOND_I,59,13,11400,132,0,132,0,DIAMOND_I,50,14,12725,327,0,313,0,DIAMOND_I,59,14,11663,272,0,245,0,MASTER_I,1,13,11263,256,0,240,0,MASTER_I,27,12,9341
274,0,274,0,MASTER_I,62,16,15649,169,0,115,0,DIAMOND_I,100,17,16810,457,0,457,0,DIAMOND_I,49,16,15401,484,0,456,0,DIAMOND_I,33,15,14273,1119,0,1093,0,DIAMOND_I,63,13,10181,331,0,277,0,DIAMOND_I,14,15,13830,327,0,313,0,DIAMOND_I,59,13,11300,272,0,245,0,MASTER_I,1,16,14939,24,0,34,0,DIAMOND_IV,0,13,10994,256,0,240,0,MASTER_I,27,12,9800
295,0,256,0,DIAMOND_I,87,18,19232,126,0,123,0,DIAMOND_I,100,16,14874,457,0,457,0,DIAMOND_I,49,18,22622,134,0,100,0,DIAMOND_I,1,18,19038,144,0,128,0,DIAMOND_I,89,16,15912,293,0,285,0,DIAMOND_I,59,18,21019,307,0,308,0,DIAMOND_II,80,18,19873,304,0,294,0,DIAMOND_III,47,18,20152,167,0,158,0,MASTER_I,14,17,17969,59,0,47,0,DIAMOND_IV,75,14,11963
29,0,28,0,GOLD_I,90,15,13710,95,0,71,0,PLATINUM_I,51,17,16989,156,0,165,0,PLATINUM_IV,0,14,12275,8,0,8,0,SILVER_III,68,16,14889,8,0,8,0,SILVER_III,68,13,11373,112,0,100,0,GOLD_II,0,17,17450,84,0,74,0,DIAMOND_I,37,17,16511,139,0,136,0,PLATINUM_III,1,14,11560,97,0,87,0,SILVER_I,45,16,14863,169,0,146,0,PLATINUM_IV,1,14,11564
240,0,218,0,DIAMOND_I,78,12,9310,196,0,169,0,DIAMOND_I,51,10,6745,803,0,796,0,DIAMOND_I,14,11,8387,220,0,227,0,DIAMOND_I,37,9,5824,603,0,559,0,DIAMOND_II,59,9,5605,402,0,412,0,MASTER_I,72,14,11564,187,0,162,0,DIAMOND_I,19,11,7950,292,0,246,0,MASTER_I,53,11,7554,244,0,222,0,DIAMOND_I,79,12,8913,220,0,215,0,MASTER_I,3,11,7316
29,0,20,0,DIAMOND_I,1,13,10075,329,0,307,0,DIAMOND_I,46,13,10084,18,0,18,0,DIAMOND_II,25,13,11205,220,0,227,0,DIAMOND_I,37,13,11087,300,0,278,0,MASTER_I,113,11,7380,171,0,173,0,DIAMOND_I,22,16,14862,214,0,181,0,MASTER_I,86,13,10438,51,0,25,0,DIAMOND_I,100,15,13277,147,0,133,0,DIAMOND_I,100,13,10913,77,0,48,0,DIAMOND_I,100,13,10064
209,0,182,0,MASTER_I,36,18,19196,224,0,218,0,MASTER_I,101,18,20291,259,0,225,0,MASTER_I,21,18,24053,220,0,227,0,DIAMOND_I,37,17,18250,46,0,46,0,DIAMOND_I,5,16,16234,633,0,645,0,DIAMOND_I,100,18,21410,88,0,52,0,MASTER_I,1,18,21414,157,0,123,0,DIAMOND_I,48,18,18899,106,0,71,0,DIAMOND_I,20,17,18331,337,0,332,0,MASTER_I,1,16,15515
37,0,32,0,DIAMOND_IV,74,15,13474,116,0,122,0,DIAMOND_II,54,14,12288,88,0,82,0,MASTER_I,1,15,13661,220,0,227,0,DIAMOND_I,37,14,11625,259,0,255,0,MASTER_I,67,12,8951,110,0,117,0,DIAMOND_I,6,14,11987,18,0,6,0,PLATINUM_II,72,16,16228,18,0,4,0,PLATINUM_II,1,13,11095,33,0,29,0,DIAMOND_III,62,16,16155,167,0,152,0,MASTER_I,83,14,12418
244,0,225,0,DIAMOND_I,100,15,13723,227,0,224,0,DIAMOND_I,0,16,15690,141,0,143,0,DIAMOND_I,70,15,14296,220,0,227,0,DIAMOND_I,37,14,12148,427,0,400,0,MASTER_I,1,14,12072,385,0,367,0,DIAMOND_I,49,15,13209,132,0,103,0,DIAMOND_III,57,13,10008,60,0,56,0,DIAMOND_I,11,13,10902,97,0,99,0,DIAMOND_II,63,13,10672,161,0,152,0,DIAMOND_II,40,11,8219
59,0,53,0,MASTER_I,0,18,21659,182,0,139,0,MASTER_I,75,18,22129,380,0,377,0,MASTER_I,60,18,22727,48,0,41,0,DIAMOND_I,73,18,22930,120,0,74,0,MASTER_I,50,18,19211,258,0,252,0,MASTER_I,220,18,25885,80,0,48,0,MASTER_I,351,18,27163,239,0,232,0,MASTER_I,211,18,26266,86,0,47,0,DIAMOND_I,72,18,21673,109,0,53,0,DIAMOND_I,98,18,18599
336,0,338,0,MASTER_I,153,18,20582,288,0,253,0,MASTER_I,37,17,18019,296,0,289,0,MASTER_I,75,18,19754,272,0,232,0,DIAMOND_I,75,16,15392,191,0,164,0,MASTER_I,351,15,13906,296,0,293,0,MASTER_I,218,18,21868,826,0,796,0,GRANDMASTER_I,543,18,25897,120,0,74,0,MASTER_I,50,18,18669,86,0,47,0,DIAMOND_I,72,18,22930,465,0,448,0,MASTER_I,123,18,20757
574,0,560,0,DIAMOND_I,60,14,12503,177,0,171,0,DIAMOND_I,21,14,12993,382,0,347,0,MASTER_I,32,16,15943,215,0,182,0,DIAMOND_I,100,14,12209,152,0,137,0,DIAMOND_I,15,13,10827,180,0,133,0,DIAMOND_I,47,14,11509,91,0,76,0,DIAMOND_I,15,13,11072,246,0,208,0,MASTER_I,29,13,10438,314,0,318,0,DIAMOND_I,48,13,10246,692,0,720,0,DIAMOND_II,12,12,8609
79,0,71,0,DIAMOND_II,28,16,14836,69,0,43,0,MASTER_I,1,15,13431,95,0,106,0,DIAMOND_I,17,15,13857,72,0,52,0,DIAMOND_I,100,14,12045,608,0,578,0,DIAMOND_I,0,12,9853,439,0,447,0,DIAMOND_I,83,14,12678,79,0,58,0,DIAMOND_II,61,13,11193,177,0,169,0,DIAMOND_I,35,13,11107,314,0,318,0,DIAMOND_I,48,13,10239,402,0,369,0,DIAMOND_II,27,11,7739
380,0,377,0,MASTER_I,60,17,17819,39,0,17,0,DIAMOND_II,1,16,16303,37,0,36,0,DIAMOND_II,21,17,17227,327,0,317,0,MASTER_I,22,15,14238,39,0,17,0,DIAMOND_II,1,14,11716,188,0,164,0,DIAMOND_I,53,17,17098,219,0,200,0,MASTER_I,11,15,14619,93,0,72,0,DIAMOND_I,100,15,14445,314,0,318,0,DIAMOND_I,48,15,13109,23,0,17,0,DIAMOND_I,38,13,10709
122,0,93,0,DIAMOND_I,7,10,7148,238,0,214,0,DIAMOND_I,38,9,5040,526,0,535,0,DIAMOND_I,86,10,6824,215,0,234,0,DIAMOND_IV,94,9,5084,225,0,214,0,DIAMOND_I,24,8,4129,171,0,147,0,DIAMOND_I,46,12,9154,532,0,529,0,MASTER_I,121,10,6727,166,0,132,0,DIAMOND_I,3,10,6685,314,0,318,0,DIAMOND_I,48,11,7667,129,0,115,0,DIAMOND_I,0,9,5237
62,0,35,0,DIAMOND_I,100,18,22774,43,0,18,0,DIAMOND_IV,1,17,18283,57,0,47,0,MASTER_I,1,18,20387,282,0,300,0,DIAMOND_I,23,18,19967,339,0,298,0,DIAMOND_II,12,15,13858,314,0,287,0,DIAMOND_II,0,18,20305,345,0,317,0,MASTER_I,0,17,18036,121,0,125,0,DIAMOND_I,82,18,20109,314,0,318,0,DIAMOND_I,48,17,16951,241,0,219,0,DIAMOND_I,16,16,15488
133,0,121,0,MASTER_I,27,12,8777,50,0,44,0,DIAMOND_I,28,12,9482,188,0,189,0,DIAMOND_I,100,11,8412,168,0,171,0,MASTER_I,131,11,8027,144,0,144,0,MASTER_I,153,10,6141,72,0,44,0,MASTER_I,0,11,8449,191,0,189,0,MASTER_I,176,10,6715,78,0,86,0,DIAMOND_I,29,11,7398,52,0,37,0,DIAMOND_I,20,10,6414,29,0,23,0,DIAMOND_I,23,8,4633
160,0,155,0,DIAMOND_I,30,16,14956,210,0,216,0,DIAMOND_I,100,14,11488,312,0,269,0,MASTER_I,100,16,15790,118,0,86,0,MASTER_I,148,14,11721,483,0,464,0,DIAMOND_I,68,13,10084,299,0,282,0,MASTER_I,118,18,19482,300,0,279,0,MASTER_I,70,16,15377,56,0,59,0,DIAMOND_I,3,17,16926,292,0,299,0,MASTER_I,0,18,18473,289,0,279,0,MASTER_I,17,14,12652
160,0,155,0,DIAMOND_I,30,17,16499,155,0,150,0,DIAMOND_I,75,17,16787,314,0,285,0,MASTER_I,98,17,17654,134,0,119,0,MASTER_I,29,16,15035,474,0,485,0,DIAMOND_I,24,14,12231,299,0,282,0,MASTER_I,118,18,19343,342,0,325,0,MASTER_I,112,18,20442,515,0,446,0,MASTER_I,26,18,20922,152,0,119,0,MASTER_I,34,17,16908,249,0,248,0,MASTER_I,129,16,15515
160,0,155,0,DIAMOND_I,30,17,17971,124,0,111,0,DIAMOND_II,39,18,20557,142,0,145,0,MASTER_I,35,16,15963,591,0,549,0,DIAMOND_I,0,15,14520,338,0,317,0,MASTER_I,72,15,13394,85,0,56,0,DIAMOND_II,72,16,16169,49,0,17,0,PLATINUM_I,100,17,17850,27,0,9,0,PLATINUM_II,1,17,18351,606,0,593,0,DIAMOND_I,96,17,17886,312,0,297,0,MASTER_I,28,17,16889
160,0,155,0,DIAMOND_I,30,15,13245,111,0,96,0,MASTER_I,35,14,12390,515,0,446,0,MASTER_I,26,14,13007,167,0,137,0,MASTER_I,1,14,11613,111,0,117,0,DIAMOND_I,39,11,8567,85,0,56,0,DIAMOND_II,72,13,9960,318,0,290,0,DIAMOND_I,64,11,8485,61,0,59,0,DIAMOND_I,57,13,10812,345,0,329,0,DIAMOND_I,30,11,8174,836,0,845,0,DIAMOND_I,62,9,6000
621,0,600,0,DIAMOND_I,100,15,13624,497,0,476,0,DIAMOND_I,99,12,9844,396,0,392,0,DIAMOND_II,72,11,8335,35,0,27,0,DIAMOND_I,84,11,7530,92,0,89,0,DIAMOND_I,85,10,7174,153,0,121,0,MASTER_I,11,12,8659,278,0,274,0,DIAMOND_I,5,10,6995,345,0,313,0,DIAMOND_I,27,13,10748,267,0,263,0,MASTER_I,32,10,6860,82,0,80,0,DIAMOND_I,84,10,6730
621,0,600,0,DIAMOND_I,100,14,12804,497,0,476,0,DIAMOND_I,99,13,10875,321,0,296,0,DIAMOND_I,28,13,11393,574,0,553,0,MASTER_I,62,14,12157,345,0,313,0,DIAMOND_I,27,12,9199,175,0,167,0,DIAMOND_I,64,17,16888,178,0,185,0,DIAMOND_I,100,15,13506,353,0,324,0,MASTER_I,17,15,13836,566,0,520,0,DIAMOND_I,75,15,13117,197,0,181,0,DIAMOND_I,66,12,9867
621,0,600,0,DIAMOND_I,100,18,20588,497,0,476,0,DIAMOND_I,99,17,17831,258,0,237,0,DIAMOND_I,100,18,23783,78,0,70,0,DIAMOND_I,3,18,21210,133,0,130,0,DIAMOND_I,46,18,20291,36,0,50,0,DIAMOND_III,96,17,17303,93,0,80,0,DIAMOND_II,20,18,21501,43,0,44,0,DIAMOND_I,33,18,22268,189,0,174,0,DIAMOND_I,30,18,19434,92,0,89,0,DIAMOND_I,85,16,15798
621,0,600,0,DIAMOND_I,100,18,22403,497,0,476,0,DIAMOND_I,99,17,16992,258,0,237,0,DIAMOND_I,100,18,21966,424,0,408,0,MASTER_I,73,18,20460,349,0,340,0,MASTER_I,1,17,16863,339,0,321,0,DIAMOND_I,76,16,15442,328,0,332,0,DIAMOND_I,40,17,18029,474,0,485,0,DIAMOND_I,24,17,17317,143,0,136,0,DIAMOND_I,40,17,18143,41,0,30,0,DIAMOND_III,93,16,15248
621,0,600,0,DIAMOND_I,100,15,14553,497,0,476,0,DIAMOND_I,99,14,12955,457,0,460,0,DIAMOND_I,0,14,11527,382,0,396,0,DIAMOND_I,76,15,13723,178,0,170,0,MASTER_I,49,12,9151,162,0,143,0,DIAMOND_III,73,16,15602,122,0,92,0,DIAMOND_II,99,16,15428,161,0,138,0,MASTER_I,53,17,17913,316,0,299,0,MASTER_I,68,15,14192,212,0,167,0,MASTER_I,55,13,10298
38,0,38,0,DIAMOND_III,27,15,13922,606,0,574,0,DIAMOND_III,40,16,15817,75,0,61,0,DIAMOND_IV,0,15,13355,497,0,513,0,DIAMOND_II,7,15,14677,88,0,85,0,DIAMOND_II,5,14,12307,320,0,294,0,DIAMOND_I,1,17,17476,136,0,130,0,DIAMOND_I,4,18,22665,335,0,320,0,DIAMOND_IV,16,17,18185,201,0,162,0,DIAMOND_II,17,16,15601,252,0,252,0,DIAMOND_IV,56,15,14164
717,0,724,0,DIAMOND_III,32,10,6979,29,0,15,0,PLATINUM_IV,0,9,5189,63,0,55,0,PLATINUM_I,85,9,5986,65,0,51,0,DIAMOND_IV,95,8,4847,73,0,59,0,PLATINUM_II,16,7,3531,320,0,294,0,DIAMOND_I,1,11,7495,255,0,244,0,DIAMOND_III,47,10,6821,255,0,244,0,DIAMOND_III,47,11,7499,124,0,127,0,DIAMOND_IV,7,11,7415,47,0,48,0,PLATINUM_I,100,9,5886
393,0,344,0,DIAMOND_I,34,14,12566,1757,0,1727,0,DIAMOND_II,61,14,12253,457,0,460,0,DIAMOND_I,0,15,13990,180,0,128,0,DIAMOND_II,36,13,10806,468,0,394,0,DIAMOND_II,19,11,8546,320,0,294,0,DIAMOND_I,1,16,15147,104,0,105,0,DIAMOND_II,94,16,15278,332,0,293,0,DIAMOND_II,16,15,14315,476,0,452,0,DIAMOND_I,80,14,12879,90,0,92,0,DIAMOND_II,48,14,11883
349,0,290,0,DIAMOND_III,76,15,14211,501,0,500,0,DIAMOND_III,43,13,10988,483,0,481,0,DIAMOND_II,61,14,11740,148,0,173,0,DIAMOND_III,45,14,12362,286,0,218,0,DIAMOND_I,58,12,9404,320,0,294,0,DIAMOND_I,1,16,15786,104,0,105,0,DIAMOND_II,94,16,14875,81,0,68,0,DIAMOND_III,20,15,13452,437,0,426,0,DIAMOND_II,15,15,14526,443,0,402,0,MASTER_I,181,13,11205
952,0,949,0,DIAMOND_I,16,15,14683,97,0,83,0,DIAMOND_II,14,9,5046,579,0,558,0,MASTER_I,87,13,11230,142,0,148,0,DIAMOND_IV,46,11,8067,64,0,45,0,DIAMOND_II,7,10,6858,320,0,294,0,DIAMOND_I,1,15,13226,119,0,115,0,MASTER_I,52,13,11058,191,0,196,0,MASTER_I,7,13,10581,89,0,97,0,DIAMOND_I,75,13,10638,389,0,391,0,DIAMOND_III,42,11,8253
240,0,257,0,DIAMOND_II,30,17,16487,766,0,757,0,DIAMOND_I,49,16,16287,103,0,97,0,DIAMOND_II,61,18,21762,88,0,58,0,DIAMOND_I,60,17,16518,99,0,90,0,DIAMOND_II,94,15,14161,125,0,127,0,DIAMOND_I,17,16,15293,152,0,119,0,DIAMOND_II,48,18,20425,308,0,286,0,DIAMOND_II,58,17,18087,289,0,272,0,DIAMOND_I,19,15,13977,128,0,116,0,DIAMOND_I,16,15,13379
146,0,108,0,DIAMOND_II,57,16,14969,43,0,21,0,DIAMOND_IV,1,15,14509,233,0,213,0,DIAMOND_I,63,16,14774,430,0,416,0,DIAMOND_III,71,15,13668,415,0,354,0,DIAMOND_II,29,13,10161,125,0,127,0,DIAMOND_I,17,12,8647,251,0,220,0,DIAMOND_III,74,14,12889,172,0,141,0,DIAMOND_II,97,13,10148,417,0,429,0,DIAMOND_II,15,13,11279,95,0,79,0,DIAMOND_III,30,11,7794
109,0,83,0,DIAMOND_IV,96,10,7044,180,0,204,0,DIAMOND_II,79,12,8957,441,0,414,0,DIAMOND_II,21,10,7242,111,0,98,0,DIAMOND_II,35,10,7081,253,0,232,0,DIAMOND_II,33,9,5648,241,0,199,0,DIAMOND_I,0,9,6008,95,0,84,0,DIAMOND_II,37,8,4897,581,0,550,0,DIAMOND_II,48,9,6002,811,0,804,0,DIAMOND_II,0,8,4551,257,0,243,0,DIAMOND_II,0,7,3316
287,0,254,0,DIAMOND_II,36,17,18090,172,0,161,0,DIAMOND_II,30,15,13453,184,0,164,0,DIAMOND_II,90,15,14174,316,0,292,0,DIAMOND_I,19,17,17331,129,0,124,0,DIAMOND_I,22,14,11665,241,0,199,0,DIAMOND_I,0,17,17039,204,0,180,0,DIAMOND_I,100,17,17379,110,0,95,0,DIAMOND_I,69,18,18380,299,0,286,0,DIAMOND_II,63,16,15725,73,0,71,0,DIAMOND_I,20,15,13047
172,0,161,0,DIAMOND_II,30,16,15444,204,0,180,0,DIAMOND_I,100,14,11509,110,0,95,0,DIAMOND_I,69,15,14390,748,0,761,0,DIAMOND_I,34,14,12896,844,0,734,0,DIAMOND_I,45,13,10308,241,0,199,0,DIAMOND_I,0,14,12444,152,0,119,0,DIAMOND_II,48,13,10650,399,0,372,0,DIAMOND_II,33,13,10435,316,0,292,0,DIAMOND_I,19,12,9014,165,0,162,0,DIAMOND_II,75,11,7810
99,0,117,0,DIAMOND_II,75,16,15011,179,0,163,0,DIAMOND_I,23,14,12296,99,0,74,0,DIAMOND_II,43,15,13152,186,0,153,0,DIAMOND_I,0,14,11921,447,0,415,0,DIAMOND_I,0,11,7945,241,0,199,0,DIAMOND_I,0,17,17354,440,0,452,0,DIAMOND_I,20,16,16296,438,0,450,0,DIAMOND_I,48,17,16624,279,0,282,0,DIAMOND_II,2,14,12527,493,0,488,0,DIAMOND_I,68,14,11542
464,0,463,0,DIAMOND_III,75,14,12118,209,0,161,0,DIAMOND_I,100,13,10246,438,0,450,0,DIAMOND_I,48,14,11550,496,0,450,0,DIAMOND_I,59,13,9972,127,0,120,0,DIAMOND_I,65,10,6587,241,0,199,0,DIAMOND_I,0,12,8732,91,0,92,0,DIAMOND_II,11,11,8344,211,0,225,0,DIAMOND_I,24,12,9637,265,0,222,0,DIAMOND_I,23,10,6172,375,0,360,0,DIAMOND_I,5,9,5733
34,0,19,0,PLATINUM_I,100,11,8043,136,0,106,0,DIAMOND_I,23,11,7828,278,0,274,0,MASTER_I,79,10,6926,188,0,166,0,MASTER_I,102,10,6280,24,0,25,0,DIAMOND_IV,30,9,5394,83,0,84,0,DIAMOND_I,0,10,6791,749,0,713,0,DIAMOND_I,80,9,5056,211,0,178,0,MASTER_I,267,9,5635,361,0,333,0,DIAMOND_II,0,8,4841,21,0,21,0,DIAMOND_II,0,8,4984
323,0,302,0,DIAMOND_I,3,12,8768,136,0,106,0,DIAMOND_I,23,11,8422,440,0,337,0,DIAMOND_I,54,13,10870,236,0,204,0,DIAMOND_II,64,10,7285,235,0,225,0,DIAMOND_II,78,8,5017,249,0,201,0,MASTER_I,78,14,11550,277,0,252,0,MASTER_I,1,14,11532,185,0,167,0,DIAMOND_II,19,12,9775,306,0,278,0,DIAMOND_II,60,12,9128,74,0,69,0,DIAMOND_I,15,10,7240
253,0,217,0,DIAMOND_I,87,18,20755,136,0,106,0,DIAMOND_I,23,18,22487,360,0,345,0,DIAMOND_III,60,18,19445,710,0,708,0,DIAMOND_III,54,16,15521,95,0,70,0,DIAMOND_II,74,16,15191,70,0,69,0,DIAMOND_I,77,18,19698,100,0,117,0,DIAMOND_III,16,18,18444,876,0,881,0,DIAMOND_II,29,18,20442,217,0,218,0,DIAMOND_III,43,18,20311,138,0,121,0,DIAMOND_II,23,17,18277
116,0,64,0,DIAMOND_II,34,15,13604,136,0,106,0,DIAMOND_I,23,14,12373,263,0,233,0,DIAMOND_III,92,13,11304,93,0,73,0,DIAMOND_I,4,15,14069,182,0,114,0,DIAMOND_II,72,13,11430,40,0,26,0,DIAMOND_IV,30,13,11394,337,0,345,0,DIAMOND_II,59,13,10071,414,0,413,0,MASTER_I,39,14,11654,29,0,16,0,PLATINUM_II,46,12,9097,36,0,18,0,PLATINUM_I,14,10,7088
80,0,81,0,DIAMOND_IV,40,14,12588,136,0,106,0,DIAMOND_I,23,14,12338,558,0,534,0,DIAMOND_III,31,15,14268,300,0,290,0,DIAMOND_II,30,13,11434,231,0,218,0,DIAMOND_III,62,13,10172,361,0,312,0,DIAMOND_II,66,16,15196,515,0,501,0,DIAMOND_I,92,15,13696,239,0,216,0,DIAMOND_I,38,14,12729,450,0,411,0,DIAMOND_II,24,15,13075,88,0,94,0,DIAMOND_III,18,13,10510
541,0,556,0,DIAMOND_I,9,15,13774,490,0,489,0,MASTER_I,16,15,13605,173,0,130,0,DIAMOND_I,0,13,10060,111,0,111,0,DIAMOND_II,30,14,12317,324,0,288,0,DIAMOND_I,30,12,9556,299,0,300,0,DIAMOND_I,100,16,16181,749,0,713,0,DIAMOND_I,80,14,12605,222,0,119,0,DIAMOND_I,100,16,14929,44,0,35,0,DIAMOND_I,7,16,15123,51,0,51,0,DIAMOND_I,62,14,12795
331,0,315,0,DIAMOND_I,95,18,18448,310,0,296,0,DIAMOND_I,96,18,18543,173,0,130,0,DIAMOND_I,0,15,13788,134,0,118,0,DIAMOND_I,37,17,17545,336,0,299,0,DIAMOND_I,100,16,14744,551,0,554,0,DIAMOND_I,23,16,15766,511,0,503,0,DIAMOND_I,53,14,12658,155,0,133,0,DIAMOND_I,38,15,13105,925,0,930,0,DIAMOND_I,17,13,10921,322,0,310,0,DIAMOND_I,34,12,9172
103,0,113,0,GOLD_III,24,18,20667,103,0,113,0,GOLD_III,24,18,20098,173,0,130,0,DIAMOND_I,0,15,14320,47,0,52,0,GOLD_III,43,18,20445,97,0,86,0,SILVER_I,2,16,15269,240,0,190,0,GOLD_I,100,17,17788,15,0,27,0,SILVER_IV,78,17,16796,170,0,169,0,GOLD_II,0,16,16244,151,0,106,0,PLATINUM_II,2,17,17110,151,0,106,0,PLATINUM_II,2,14,11697
17,0,9,0,SILVER_I,48,14,12720,17,0,9,0,SILVER_I,48,12,9430,173,0,130,0,DIAMOND_I,0,11,8465,17,0,9,0,SILVER_I,48,13,10174,97,0,86,0,SILVER_I,2,13,10052,29,0,26,0,GOLD_IV,26,15,14188,68,0,73,0,GOLD_IV,19,15,13287,14,0,18,0,GOLD_III,76,16,14794,23,0,16,0,SILVER_II,75,13,11434,17,0,9,0,SILVER_I,48,15,13380
173,0,130,0,DIAMOND_I,0,16,15809,173,0,130,0,DIAMOND_I,0,14,12543,173,0,130,0,DIAMOND_I,0,15,14191,173,0,130,0,DIAMOND_I,0,16,15504,97,0,86,0,SILVER_I,2,15,14454,239,0,225,0,BRONZE_I,80,18,18600,280,0,250,0,GOLD_II,64,17,17204,591,0,585,0,PLATINUM_II,23,18,19048,19,0,25,0,SILVER_II,52,16,15501,19,0,25,0,SILVER_II,52,15,14472
440,0,452,0,DIAMOND_I,20,16,16170,757,0,743,0,DIAMOND_I,53,15,14405,161,0,130,0,MASTER_I,28,16,15237,114,0,80,0,MASTER_I,29,14,11944,457,0,460,0,DIAMOND_I,0,12,8762,296,0,292,0,MASTER_I,1,15,14085,340,0,329,0,DIAMOND_I,59,17,16982,484,0,475,0,DIAMOND_I,71,17,16595,352,0,333,0,DIAMOND_I,100,16,16361,211,0,217,0,MASTER_I,57,13,11011
320,0,277,0,DIAMOND_I,24,13,10586,152,0,161,0,DIAMOND_I,76,14,11455,146,0,145,0,DIAMOND_II,60,13,10504,134,0,134,0,DIAMOND_I,39,11,8082,457,0,460,0,DIAMOND_I,0,14,11496,149,0,117,0,DIAMOND_II,29,16,15515,340,0,329,0,DIAMOND_I,59,15,13439,484,0,475,0,DIAMOND_I,71,16,16378,353,0,298,0,DIAMOND_I,77,14,12848,76,0,60,0,DIAMOND_I,66,13,10279
621,0,600,0,DIAMOND_I,100,15,14553,497,0,476,0,DIAMOND_I,99,14,12955,382,0,396,0,DIAMOND_I,76,15,13723,178,0,170,0,MASTER_I,49,12,9151,457,0,460,0,DIAMOND_I,0,14,11527,162,0,143,0,DIAMOND_III,73,16,15602,122,0,92,0,DIAMOND_II,99,16,15428,161,0,138,0,MASTER_I,53,17,17913,316,0,300,0,MASTER_I,51,15,14192,212,0,167,0,MASTER_I,55,13,10298
337,0,338,0,MASTER_I,0,17,17147,515,0,501,0,DIAMOND_I,92,16,15914,117,0,116,0,DIAMOND_II,70,16,15356,99,0,85,0,DIAMOND_I,23,13,11003,457,0,460,0,DIAMOND_I,0,15,14209,551,0,554,0,DIAMOND_I,23,17,18312,67,0,82,0,PLATINUM_I,91,18,19420,63,0,37,0,DIAMOND_I,7,18,18992,304,0,301,0,MASTER_I,164,17,17913,105,0,75,0,DIAMOND_I,87,14,11603
167,0,174,0,DIAMOND_II,30,15,13816,568,0,571,0,DIAMOND_II,92,15,13365,129,0,101,0,DIAMOND_I,17,13,11070,341,0,319,0,DIAMOND_I,48,12,9449,457,0,460,0,DIAMOND_I,0,15,13567,74,0,55,0,DIAMOND_I,50,17,17161,110,0,117,0,DIAMOND_II,15,15,13052,226,0,169,0,DIAMOND_I,100,14,12826,176,0,169,0,DIAMOND_I,9,14,12138,547,0,524,0,DIAMOND_I,75,13,11155
102,0,96,0,DIAMOND_I,0,12,8787,183,0,185,0,DIAMOND_II,57,12,8744,120,0,113,0,DIAMOND_I,9,12,9104,195,0,199,0,DIAMOND_I,60,10,6780,499,0,512,0,DIAMOND_I,51,9,5425,327,0,333,0,DIAMOND_I,11,12,8722,221,0,211,0,DIAMOND_I,67,12,8581,147,0,117,0,DIAMOND_II,63,13,10340,344,0,308,0,DIAMOND_I,3,11,8523,68,0,63,0,DIAMOND_II,20,9,5524
120,0,85,0,DIAMOND_I,16,15,13036,45,0,46,0,DIAMOND_I,31,14,12221,304,0,311,0,MASTER_I,0,15,14337,95,0,44,0,DIAMOND_I,34,12,9843,249,0,237,0,DIAMOND_I,12,12,8814,327,0,333,0,DIAMOND_I,11,14,12964,72,0,71,0,DIAMOND_I,68,16,15029,465,0,424,0,DIAMOND_I,100,16,15238,412,0,376,0,DIAMOND_I,100,13,10736,60,0,57,0,DIAMOND_I,67,13,10568
517,0,518,0,DIAMOND_II,76,17,17025,191,0,156,0,DIAMOND_I,14,17,16988,414,0,379,0,MASTER_I,33,17,16956,52,0,37,0,DIAMOND_II,34,16,16048,167,0,171,0,DIAMOND_I,75,15,14170,327,0,333,0,DIAMOND_I,11,15,14103,621,0,600,0,DIAMOND_I,100,16,15399,265,0,247,0,DIAMOND_I,0,14,12259,438,0,450,0,DIAMOND_I,48,15,13528,119,0,134,0,DIAMOND_II,75,14,11614
754,0,758,0,DIAMOND_I,29,14,12191,249,0,228,0,DIAMOND_II,8,13,10055,345,0,343,0,MASTER_I,68,11,7648,331,0,305,0,DIAMOND_I,100,12,9897,53,0,53,0,DIAMOND_II,75,10,7098,327,0,333,0,DIAMOND_I,11,13,10953,475,0,462,0,MASTER_I,43,13,10601,362,0,334,0,DIAMOND_I,68,14,11776,273,0,266,0,DIAMOND_I,63,12,9876,259,0,242,0,MASTER_I,39,12,9372
195,0,197,0,MASTER_I,74,17,17653,179,0,162,0,DIAMOND_I,76,16,16442,251,0,247,0,MASTER_I,0,17,16547,117,0,96,0,DIAMOND_IV,63,17,17430,32,0,34,0,DIAMOND_II,32,14,12911,327,0,333,0,DIAMOND_I,11,16,16075,217,0,219,0,MASTER_I,57,17,17992,129,0,121,0,DIAMOND_II,30,16,16067,94,0,63,0,DIAMOND_I,21,15,14599,221,0,166,0,DIAMOND_I,11,12,9958
417,0,421,0,DIAMOND_III,77,16,16068,115,0,87,0,DIAMOND_I,0,13,11404,233,0,216,0,DIAMOND_I,75,15,14211,1078,0,1062,0,DIAMOND_II,29,15,13326,174,0,149,0,DIAMOND_I,94,12,9485,586,0,563,0,MASTER_I,16,17,17951,51,0,24,0,DIAMOND_II,48,16,15898,167,0,180,0,DIAMOND_II,3,15,14678,236,0,225,0,DIAMOND_II,76,16,16152,725,0,684,0,DIAMOND_I,0,14,11581
530,0,521,0,DIAMOND_I,77,16,16292,115,0,87,0,DIAMOND_I,0,15,13818,48,0,45,0,DIAMOND_III,5,16,16166,111,0,95,0,MASTER_I,31,14,11837,704,0,669,0,DIAMOND_II,46,12,9847,608,0,618,0,DIAMOND_III,16,15,14267,137,0,161,0,DIAMOND_I,34,16,15777,30,0,25,0,DIAMOND_I,100,15,13750,615,0,593,0,MASTER_I,68,16,16290,23,0,20,0,DIAMOND_IV,1,15,14602
551,0,539,0,DIAMOND_II,56,14,11841,115,0,87,0,DIAMOND_I,0,11,7589,386,0,367,0,DIAMOND_II,36,12,9679,619,0,611,0,DIAMOND_II,16,12,8624,769,0,720,0,MASTER_I,57,10,6742,87,0,68,0,MASTER_I,27,13,11120,60,0,38,0,DIAMOND_II,42,14,11857,176,0,165,0,DIAMOND_III,83,15,13306,516,0,488,0,DIAMOND_I,99,14,11914,501,0,429,0,MASTER_I,0,12,9287
309,0,269,0,DIAMOND_II,75,16,15164,115,0,87,0,DIAMOND_I,0,15,13098,428,0,433,0,DIAMOND_II,40,17,16508,136,0,113,0,DIAMOND_II,31,15,13058,99,0,91,0,DIAMOND_II,78,12,9915,117,0,107,0,DIAMOND_III,75,14,11624,289,0,294,0,DIAMOND_II,40,16,15945,151,0,150,0,DIAMOND_I,81,16,14863,818,0,806,0,DIAMOND_II,0,13,10425,268,0,286,0,DIAMOND_III,75,11,8243
63,0,32,0,DIAMOND_II,19,17,16684,115,0,87,0,DIAMOND_I,0,15,14547,123,0,63,0,DIAMOND_I,88,16,15861,141,0,115,0,DIAMOND_I,24,16,15220,50,0,24,0,DIAMOND_IV,27,15,13771,462,0,453,0,DIAMOND_II,84,17,16950,399,0,376,0,MASTER_I,1,17,17669,151,0,150,0,DIAMOND_I,81,18,19662,267,0,264,0,MASTER_I,16,16,16257,256,0,267,0,DIAMOND_I,75,14,12031
711,0,707,0,MASTER_I,267,14,11797,251,0,218,0,MASTER_I,109,13,10657,176,0,148,0,MASTER_I,126,13,11122,52,0,35,0,MASTER_I,234,12,9131,386,0,383,0,MASTER_I,203,11,7944,182,0,158,0,DIAMOND_I,25,10,7139,94,0,85,0,MASTER_I,371,12,9532,535,0,515,0,MASTER_I,43,13,10414,64,0,63,0,DIAMOND_I,16,10,6762,407,0,401,0,MASTER_I,104,9,5760
205,0,187,0,MASTER_I,210,15,14400,251,0,218,0,MASTER_I,109,18,18482,12,0,7,0,DIAMOND_I,90,17,18280,284,0,264,0,MASTER_I,62,15,13958,467,0,448,0,MASTER_I,155,14,11914,182,0,158,0,DIAMOND_I,25,15,13437,356,0,355,0,MASTER_I,144,15,14369,77,0,61,0,MASTER_I,86,14,11504,456,0,438,0,MASTER_I,129,14,11495,184,0,195,0,MASTER_I,138,12,9832
180,0,138,0,GRANDMASTER_I,467,17,16516,405,0,379,0,MASTER_I,321,17,17519,78,0,48,0,MASTER_I,238,16,15760,32,0,16,0,DIAMOND_I,100,15,14025,150,0,146,0,MASTER_I,333,15,14368,182,0,158,0,DIAMOND_I,25,16,16188,54,0,32,0,MASTER_I,382,17,17656,152,0,132,0,MASTER_I,73,14,12783,82,0,51,0,MASTER_I,51,16,15406,447,0,418,0,MASTER_I,92,14,12752
291,0,283,0,DIAMOND_II,0,16,15395,52,0,48,0,DIAMOND_IV,1,17,16874,33,0,20,0,DIAMOND_II,1,16,15440,147,0,130,0,MASTER_I,313,14,12011,267,0,252,0,MASTER_I,18,15,14182,182,0,158,0,DIAMOND_I,25,12,9143,176,0,149,0,DIAMOND_I,75,17,16848,131,0,106,0,MASTER_I,104,15,13431,44,0,47,0,DIAMOND_I,32,15,13911,88,0,85,0,DIAMOND_I,40,14,11461
466,0,453,0,MASTER_I,247,12,9067,352,0,314,0,MASTER_I,104,13,10472,723,0,711,0,MASTER_I,339,10,6785,233,0,223,0,MASTER_I,132,11,8334,241,0,199,0,MASTER_I,222,13,10789,182,0,158,0,DIAMOND_I,25,12,9832,333,0,324,0,MASTER_I,185,14,11587,168,0,146,0,MASTER_I,67,13,11338,159,0,156,0,MASTER_I,182,12,9732,184,0,169,0,MASTER_I,49,10,7252
377,0,368,0,MASTER_I,262,16,15491,256,0,226,0,MASTER_I,178,15,13691,348,0,333,0,MASTER_I,96,14,12343,195,0,165,0,MASTER_I,218,15,14502,278,0,246,0,MASTER_I,338,14,11645,299,0,282,0,MASTER_I,118,14,11883,93,0,86,0,DIAMOND_I,75,14,11811,144,0,108,0,GRANDMASTER_I,581,14,12855,96,0,91,0,MASTER_I,143,14,12949,80,0,75,0,DIAMOND_I,47,12,9076
132,0,137,0,MASTER_I,206,14,12353,420,0,434,0,DIAMOND_I,100,13,11368,103,0,83,0,MASTER_I,317,14,12399,378,0,352,0,MASTER_I,373,13,10167,103,0,83,0,GRANDMASTER_I,473,10,6671,139,0,100,0,MASTER_I,311,12,9585,93,0,86,0,DIAMOND_I,75,11,8161,114,0,89,0,MASTER_I,253,12,8796,705,0,669,0,MASTER_I,348,11,8132,319,0,309,0,DIAMOND_I,33,11,7789
314,0,315,0,MASTER_I,172,13,9963,888,0,849,0,GRANDMASTER_I,619,12,9553,320,0,294,0,MASTER_I,362,11,8267,291,0,309,0,DIAMOND_III,62,11,8105,177,0,150,0,GRANDMASTER_I,453,10,6146,144,0,131,0,MASTER_I,306,11,7746,93,0,86,0,DIAMOND_I,75,9,5730,267,0,245,0,GRANDMASTER_I,588,12,9038,883,0,865,0,GRANDMASTER_I,507,9,5751,81,0,77,0,MASTER_I,137,9,5495
163,0,142,0,MASTER_I,343,12,9903,310,0,290,0,GRANDMASTER_I,531,11,8472,103,0,72,0,DIAMOND_I,75,12,9635,486,0,487,0,MASTER_I,232,11,8060,277,0,250,0,GRANDMASTER_I,468,9,5737,374,0,348,0,GRANDMASTER_I,733,15,13076,93,0,86,0,DIAMOND_I,75,12,9491,387,0,373,0,GRANDMASTER_I,498,14,12053,259,0,231,0,DIAMOND_I,75,13,10037,326,0,302,0,MASTER_I,344,12,8864
95,0,97,0,DIAMOND_I,61,14,12905,190,0,167,0,GRANDMASTER_I,508,16,15675,284,0,244,0,MASTER_I,276,15,14067,103,0,72,0,DIAMOND_I,75,11,8374,733,0,718,0,MASTER_I,243,11,8012,615,0,589,0,MASTER_I,398,15,14674,93,0,86,0,DIAMOND_I,75,11,7579,257,0,260,0,MASTER_I,401,11,7997,98,0,90,0,MASTER_I,306,11,8336,601,0,616,0,MASTER_I,20,9,5396
63,0,49,0,MASTER_I,18,18,22615,155,0,152,0,DIAMOND_II,66,16,15938,313,0,290,0,DIAMOND_I,30,17,16873,117,0,116,0,DIAMOND_II,70,17,16666,375,0,360,0,DIAMOND_I,5,16,15265,170,0,145,0,DIAMOND_I,41,15,14646,440,0,419,0,DIAMOND_I,80,15,13523,342,0,299,0,DIAMOND_II,54,17,17644,115,0,94,0,DIAMOND_I,45,15,13064,128,0,120,0,DIAMOND_I,81,14,12211
119,0,115,0,MASTER_I,52,13,11094,49,0,59,0,DIAMOND_II,55,11,7988,331,0,305,0,DIAMOND_I,100,14,12637,128,0,97,0,DIAMOND_I,5,12,9578,370,0,370,0,MASTER_I,0,12,8599,249,0,223,0,MASTER_I,99,15,13569,245,0,243,0,MASTER_I,0,15,14641,484,0,475,0,DIAMOND_I,71,16,15898,344,0,308,0,DIAMOND_I,3,13,10785,55,0,40,0,DIAMOND_I,42,11,8067
135,0,135,0,DIAMOND_I,47,17,16853,153,0,137,0,DIAMOND_I,75,15,14312,348,0,360,0,DIAMOND_I,30,16,15070,128,0,97,0,DIAMOND_I,5,14,12715,394,0,394,0,MASTER_I,14,14,12403,621,0,600,0,DIAMOND_I,100,17,18331,497,0,476,0,DIAMOND_I,99,16,15475,211,0,184,0,MASTER_I,192,17,17328,548,0,533,0,MASTER_I,139,17,16586,555,0,574,0,DIAMOND_I,51,14,12309
713,0,686,0,MASTER_I,0,13,11415,100,0,79,0,DIAMOND_II,72,14,12246,659,0,648,0,DIAMOND_II,16,14,12954,128,0,97,0,DIAMOND_I,5,12,9878,115,0,115,0,DIAMOND_I,100,12,8999,93,0,72,0,DIAMOND_I,100,13,10155,114,0,91,0,DIAMOND_I,72,12,9793,102,0,96,0,DIAMOND_I,0,12,9761,41,0,44,0,DIAMOND_IV,0,12,8599,156,0,154,0,DIAMOND_I,14,9,5359
192,0,124,0,MASTER_I,118,16,16250,332,0,333,0,MASTER_I,131,17,16709,167,0,152,0,MASTER_I,140,15,14144,128,0,97,0,DIAMOND_I,5,15,14329,452,0,441,0,MASTER_I,178,12,9479,59,0,42,0,DIAMOND_I,93,16,15250,100,0,68,0,DIAMOND_I,100,15,13554,278,0,269,0,MASTER_I,189,18,19211,221,0,216,0,MASTER_I,173,15,14697,233,0,226,0,MASTER_I,65,14,11600
144,0,122,0,MASTER_I,64,11,8378,78,0,67,0,DIAMOND_I,86,12,8784,382,0,364,0,MASTER_I,106,12,9267,128,0,97,0,DIAMOND_I,5,13,10691,82,0,71,0,MASTER_I,290,10,6820,229,0,218,0,MASTER_I,170,13,10228,696,0,667,0,MASTER_I,223,13,11078,376,0,366,0,MASTER_I,139,14,12277,995,0,981,0,MASTER_I,345,14,11957,83,0,61,0,MASTER_I,56,12,9220
140,0,105,0,DIAMOND_I,11,18,18381,43,0,36,0,PLATINUM_I,100,16,15153,65,0,44,0,DIAMOND_III,69,15,14344,57,0,52,0,DIAMOND_I,100,15,14650,118,0,97,0,DIAMOND_I,20,13,10308,29,0,14,0,PLATINUM_I,59,17,16977,90,0,86,0,DIAMOND_I,33,15,14384,129,0,111,0,DIAMOND_II,17,16,16443,280,0,282,0,DIAMOND_II,19,15,14174,9,0,16,0,DIAMOND_III,40,14,11541
205,0,189,0,DIAMOND_II,17,16,15024,148,0,127,0,MASTER_I,1,15,13542,151,0,150,0,DIAMOND_I,81,16,15732,180,0,134,0,DIAMOND_I,100,16,14939,176,0,138,0,DIAMOND_I,6,14,11599,78,0,79,0,DIAMOND_I,64,15,13340,90,0,86,0,DIAMOND_I,33,14,12048,222,0,119,0,DIAMOND_I,100,15,14016,261,0,258,0,MASTER_I,52,13,11194,73,0,71,0,DIAMOND_I,20,13,10858
161,0,84,0,DIAMOND_II,62,17,17364,64,0,28,0,DIAMOND_II,96,18,18738,55,0,32,0,DIAMOND_IV,36,18,18910,144,0,135,0,DIAMOND_II,36,18,20127,463,0,429,0,DIAMOND_I,29,15,14466,243,0,190,0,DIAMOND_I,91,18,19724,90,0,86,0,DIAMOND_I,33,18,19295,150,0,123,0,MASTER_I,1,18,21960,14,0,14,0,PLATINUM_I,100,17,17304,16,0,5,0,PLATINUM_I,100,16,16417
429,0,432,0,DIAMOND_I,72,14,12186,151,0,152,0,DIAMOND_II,0,14,12540,79,0,81,0,DIAMOND_II,55,14,12196,64,0,54,0,DIAMOND_II,99,12,9427,194,0,192,0,DIAMOND_I,19,12,8705,66,0,67,0,DIAMOND_II,3,16,15238,90,0,86,0,DIAMOND_I,33,15,13672,454,0,454,0,DIAMOND_I,42,16,16376,160,0,157,0,DIAMOND_II,50,15,14653,118,0,97,0,DIAMOND_I,20,13,10783
316,0,307,0,DIAMOND_I,30,14,13002,749,0,714,0,DIAMOND_I,63,14,12099,301,0,287,0,DIAMOND_I,75,15,14396,128,0,132,0,DIAMOND_I,61,16,15457,67,0,39,0,DIAMOND_III,98,15,14531,440,0,452,0,DIAMOND_I,20,14,12759,90,0,86,0,DIAMOND_I,33,14,11945,511,0,508,0,DIAMOND_III,75,14,11665,413,0,397,0,DIAMOND_I,59,13,11027,1059,0,1038,0,DIAMOND_II,25,11,8574
498,0,444,0,MASTER_I,0,14,12102,81,0,79,0,DIAMOND_I,76,14,12936,306,0,268,0,DIAMOND_III,75,14,11820,247,0,259,0,DIAMOND_I,35,13,10796,82,0,87,0,DIAMOND_I,54,11,8520,41,0,30,0,DIAMOND_III,0,13,10733,249,0,242,0,DIAMOND_II,26,12,9950,309,0,273,0,DIAMOND_II,60,11,8342,65,0,54,0,DIAMOND_I,2,11,8112,255,0,231,0,DIAMOND_I,87,10,6544
451,0,445,0,DIAMOND_III,55,14,12754,208,0,226,0,DIAMOND_II,64,14,12686,346,0,360,0,DIAMOND_II,75,14,12506,169,0,174,0,DIAMOND_II,44,15,14316,336,0,299,0,DIAMOND_I,100,13,11335,85,0,91,0,DIAMOND_II,0,17,16627,386,0,367,0,DIAMOND_II,36,18,19406,491,0,498,0,DIAMOND_II,57,16,14858,65,0,54,0,DIAMOND_I,2,15,13232,375,0,353,0,DIAMOND_II,61,15,14168
105,0,99,0,DIAMOND_I,1,18,20646,126,0,117,0,DIAMOND_I,7,17,16978,443,0,431,0,DIAMOND_I,26,17,17329,81,0,63,0,DIAMOND_II,60,16,15727,74,0,68,0,DIAMOND_III,0,15,13226,117,0,107,0,DIAMOND_III,75,15,14667,107,0,107,0,DIAMOND_II,45,15,14576,60,0,54,0,DIAMOND_I,0,15,13331,65,0,54,0,DIAMOND_I,2,16,15337,98,0,69,0,DIAMOND_I,1,14,11571
952,0,949,0,DIAMOND_I,16,13,11363,537,0,533,0,MASTER_I,0,14,12825,172,0,146,0,DIAMOND_II,94,15,13025,766,0,754,0,MASTER_I,1,15,14089,222,0,177,0,DIAMOND_I,100,13,10147,236,0,171,0,MASTER_I,5,16,14979,240,0,216,0,DIAMOND_I,54,15,13218,245,0,226,0,DIAMOND_I,19,16,15700,65,0,54,0,DIAMOND_I,2,15,14361,502,0,470,0,MASTER_I,19,12,9551
141,0,81,0,DIAMOND_II,71,12,9868,427,0,420,0,DIAMOND_II,83,12,9873,326,0,301,0,DIAMOND_II,79,12,9228,93,0,93,0,DIAMOND_III,99,11,8220,494,0,488,0,DIAMOND_I,83,10,6666,150,0,137,0,DIAMOND_I,12,14,12509,298,0,292,0,DIAMOND_I,57,14,12689,41,0,33,0,DIAMOND_III,75,14,11747,65,0,54,0,DIAMOND_I,2,13,11047,1089,0,1047,0,DIAMOND_II,78,12,9512
184,0,184,0,PLATINUM_IV,28,16,14753,184,0,184,0,PLATINUM_IV,28,13,10188,183,0,189,0,GOLD_II,45,13,10471,453,0,436,0,DIAMOND_II,8,13,10293,453,0,436,0,DIAMOND_II,8,11,7546,20,0,14,0,GOLD_I,100,14,12921,48,0,46,0,PLATINUM_I,75,16,14798,3,0,7,0,SILVER_III,38,13,11254,3,0,7,0,SILVER_III,38,14,12320,98,0,87,0,DIAMOND_I,13,17,17194
75,0,73,0,GOLD_I,75,17,16730,308,0,305,0,PLATINUM_III,73,16,15935,22,0,23,0,SILVER_I,9,15,14619,42,0,64,0,GOLD_IV,57,15,14211,155,0,139,0,GOLD_III,0,14,12993,20,0,14,0,GOLD_I,100,14,12864,20,0,14,0,GOLD_I,100,15,13917,48,0,46,0,PLATINUM_I,75,15,13679,3,0,7,0,SILVER_III,38,15,13606,98,0,87,0,DIAMOND_I,13,18,19631
436,0,456,0,DIAMOND_III,0,18,18966,236,0,229,0,DIAMOND_III,59,16,15437,129,0,122,0,DIAMOND_IV,95,16,16232,75,0,87,0,DIAMOND_I,13,18,18513,338,0,351,0,DIAMOND_I,43,14,12666,112,0,116,0,DIAMOND_IV,25,17,18168,117,0,82,0,DIAMOND_II,7,18,24026,91,0,98,0,DIAMOND_II,2,18,18585,105,0,99,0,DIAMOND_III,75,15,13708,98,0,87,0,DIAMOND_I,13,18,22945
131,0,123,0,DIAMOND_I,0,15,13356,293,0,310,0,DIAMOND_I,0,14,12345,321,0,324,0,DIAMOND_II,0,15,14124,363,0,347,0,DIAMOND_I,39,14,12861,686,0,666,0,DIAMOND_III,44,12,9422,218,0,193,0,DIAMOND_III,56,14,12416,117,0,82,0,DIAMOND_II,7,17,17390,318,0,286,0,DIAMOND_II,7,15,14127,274,0,269,0,DIAMOND_IV,75,16,15339,98,0,87,0,DIAMOND_I,13,18,19530
115,0,95,0,MASTER_I,66,11,7995,82,0,69,0,PLATINUM_III,15,11,7401,39,0,30,0,DIAMOND_IV,75,11,8155,39,0,30,0,DIAMOND_IV,75,11,7404,38,0,23,0,GOLD_I,100,10,6619,138,0,123,0,MASTER_I,324,13,10927,205,0,203,0,PLATINUM_I,70,13,10830,425,0,417,0,DIAMOND_II,6,12,8601,315,0,293,0,DIAMOND_I,0,10,7105,98,0,87,0,DIAMOND_I,13,14,12826
92,0,95,0,DIAMOND_I,83,15,14147,116,0,103,0,DIAMOND_I,75,15,14358,91,0,82,0,DIAMOND_I,29,15,14123,153,0,115,0,DIAMOND_II,0,14,11443,234,0,221,0,DIAMOND_II,93,13,10601,403,0,413,0,MASTER_I,72,14,12104,184,0,168,0,MASTER_I,1,14,11734,879,0,863,0,MASTER_I,48,14,11556,161,0,126,0,DIAMOND_I,33,13,10148,48,0,37,0,DIAMOND_II,12,11,7315
297,0,288,0,DIAMOND_I,22,11,8516,718,0,720,0,DIAMOND_I,27,12,9186,367,0,350,0,DIAMOND_III,43,12,9362,154,0,127,0,DIAMOND_II,75,11,7425,304,0,284,0,DIAMOND_II,0,9,5890,551,0,525,0,MASTER_I,53,13,10534,196,0,188,0,DIAMOND_I,5,13,10471,100,0,82,0,DIAMOND_II,35,14,11705,161,0,126,0,DIAMOND_I,33,12,9751,331,0,300,0,DIAMOND_I,59,11,7543
1078,0,1062,0,DIAMOND_II,29,13,10348,154,0,127,0,DIAMOND_I,59,12,9470,160,0,157,0,MASTER_I,16,12,9451,84,0,32,0,DIAMOND_I,0,12,9774,138,0,134,0,MASTER_I,93,11,8567,179,0,162,0,DIAMOND_I,76,14,12444,141,0,91,0,MASTER_I,1,15,13951,508,0,511,0,DIAMOND_I,10,14,12315,161,0,126,0,DIAMOND_I,33,11,8264,820,0,752,0,DIAMOND_I,0,10,6263
185,0,138,0,DIAMOND_I,6,13,10257,59,0,45,0,DIAMOND_III,54,13,10141,1002,0,973,0,DIAMOND_I,8,13,10151,469,0,412,0,MASTER_I,206,11,8220,207,0,201,0,DIAMOND_III,49,11,7572,125,0,70,0,GRANDMASTER_I,594,14,12954,108,0,103,0,DIAMOND_I,44,15,13609,329,0,331,0,MASTER_I,115,15,14517,161,0,126,0,DIAMOND_I,33,13,10244,101,0,84,0,DIAMOND_II,10,12,8611
65,0,70,0,DIAMOND_III,56,5,2299,277,0,284,0,DIAMOND_I,1,9,5284,237,0,203,0,DIAMOND_I,6,11,8361,91,0,73,0,DIAMOND_III,46,10,6242,287,0,292,0,DIAMOND_I,8,8,4856,79,0,80,0,DIAMOND_II,64,12,8630,154,0,142,0,DIAMOND_I,31,11,8030,379,0,363,0,DIAMOND_I,30,11,7477,92,0,58,0,DIAMOND_III,72,10,6736,79,0,85,0,DIAMOND_I,0,9,5234
89,0,85,0,DIAMOND_II,64,15,14652,318,0,292,0,DIAMOND_II,49,16,15483,237,0,203,0,DIAMOND_I,6,18,19524,164,0,143,0,DIAMOND_II,0,17,18239,442,0,427,0,DIAMOND_II,37,15,13067,150,0,169,0,DIAMOND_III,88,17,17634,482,0,420,0,DIAMOND_II,0,15,13784,93,0,107,0,DIAMOND_III,32,15,14410,171,0,176,0,DIAMOND_III,47,16,15490,195,0,190,0,DIAMOND_II,23,13,10800
115,0,91,0,DIAMOND_II,58,13,11391,176,0,149,0,DIAMOND_II,33,13,10339,237,0,203,0,DIAMOND_I,6,13,10644,276,0,272,0,DIAMOND_I,60,13,11335,743,0,746,0,DIAMOND_IV,75,12,8605,249,0,225,0,DIAMOND_I,61,15,13879,196,0,162,0,DIAMOND_II,17,15,13284,611,0,590,0,DIAMOND_I,7,15,14150,148,0,151,0,DIAMOND_II,1,15,13154,376,0,326,0,MASTER_I,0,13,11416
110,0,97,0,DIAMOND_II,18,14,12281,149,0,137,0,DIAMOND_I,0,17,16899,237,0,203,0,DIAMOND_I,6,16,16462,202,0,175,0,DIAMOND_I,16,14,11660,378,0,346,0,DIAMOND_III,37,14,12511,162,0,146,0,DIAMOND_II,57,13,11427,266,0,283,0,DIAMOND_III,75,14,12768,169,0,163,0,DIAMOND_I,29,14,11625,392,0,388,0,DIAMOND_II,75,13,10278,497,0,493,0,DIAMOND_II,0,12,8622
307,0,269,0,DIAMOND_I,0,18,19172,209,0,162,0,DIAMOND_I,100,18,19464,237,0,203,0,DIAMOND_I,6,18,19867,281,0,272,0,DIAMOND_III,50,18,20153,157,0,121,0,DIAMOND_I,100,16,15527,110,0,97,0,DIAMOND_II,18,16,15012,241,0,201,0,DIAMOND_I,72,15,13248,511,0,539,0,DIAMOND_III,78,14,12949,279,0,297,0,DIAMOND_III,42,15,14312,274,0,233,0,DIAMOND_II,27,14,11934
