rival_0_wins,rival_0_miniseries_wins,rival_0_losses,rival_0_miniseries_losses,rival_0_tier,rival_0_league_points,rival_0_champion_level,rival_0_champion_experience,rival_1_wins,rival_1_miniseries_wins,rival_1_losses,rival_1_miniseries_losses,rival_1_tier,rival_1_league_points,rival_1_champion_level,rival_1_champion_experience,rival_2_wins,rival_2_miniseries_wins,rival_2_losses,rival_2_miniseries_losses,rival_2_tier,rival_2_league_points,rival_2_champion_level,rival_2_champion_experience,rival_3_wins,rival_3_miniseries_wins,rival_3_losses,rival_3_miniseries_losses,rival_3_tier,rival_3_league_points,rival_3_champion_level,rival_3_champion_experience,rival_4_wins,rival_4_miniseries_wins,rival_4_losses,rival_4_miniseries_losses,rival_4_tier,rival_4_league_points,rival_4_champion_level,rival_4_champion_experience,ally_0_wins,ally_0_miniseries_wins,ally_0_losses,ally_0_miniseries_losses,ally_0_tier,ally_0_league_points,ally_0_champion_level,ally_0_champion_experience,main_player_win,main_player_miniseries_wins,main_player_losses,main_player_miniseries_losses,main_player_tier,main_player_league_points,main_player_champion_level,main_player_champion_experience,ally_1_wins,ally_1_miniseries_wins,ally_1_losses,ally_1_miniseries_losses,ally_1_tier,ally_1_league_points,ally_1_champion_level,ally_1_champion_experience,ally_2_wins,ally_2_miniseries_wins,ally_2_losses,ally_2_miniseries_losses,ally_2_tier,ally_2_league_points,ally_2_champion_level,ally_2_champion_experience,ally_3_wins,ally_3_miniseries_wins,ally_3_losses,ally_3_miniseries_losses,ally_3_tier,ally_3_league_points,ally_3_champion_level,ally_3_champion_experience
67,0,85,0,GOLD_III,16,18,18481,241,0,235,0,PLATINUM_IV,59,15,14297,121,0,127,0,GOLD_IV,72,17,18298,280,0,265,0,PLATINUM_III,50,15,14504,231,0,243,0,GOLD_III,75,15,14221,66,0,65,0,GOLD_III,62,15,14280,126,0,129,0,GOLD_I,53,16,15107,366,0,363,0,PLATINUM_IV,0,15,13958,126,0,131,0,PLATINUM_IV,0,14,11649,49,0,49,0,GOLD_II,56,16,15224
30,0,36,0,PLATINUM_II,15,9,6003,10,0,13,0,PLATINUM_IV,0,9,5160,211,0,200,0,DIAMOND_IV,17,9,5050,23,0,26,0,GOLD_II,76,8,4670,99,0,103,0,BRONZE_II,0,7,3561,389,0,379,0,PLATINUM_IV,79,8,4952,126,0,129,0,GOLD_I,53,9,5059,9,0,3,0,PLATINUM_I,95,6,2896,66,0,65,0,GOLD_III,62,7,3206,42,0,52,0,SILVER_II,61,7,3324
156,0,161,0,GOLD_I,69,12,9537,567,0,567,0,GOLD_II,4,10,6440,48,0,41,0,GOLD_I,0,11,7758,261,0,243,0,PLATINUM_IV,0,10,6269,66,0,54,0,GOLD_I,28,10,6203,66,0,65,0,GOLD_III,62,9,5817,126,0,129,0,GOLD_I,53,10,7132,343,0,357,0,PLATINUM_IV,0,9,5945,64,0,72,0,GOLD_II,57,10,6995,229,0,229,0,GOLD_I,31,8,4965
16,0,9,0,GOLD_II,30,14,12965,141,0,136,0,PLATINUM_IV,1,15,14009,120,0,111,0,GOLD_I,54,15,14568,29,0,42,0,GOLD_II,27,15,14489,130,0,129,0,PLATINUM_IV,10,13,11253,66,0,65,0,GOLD_III,62,16,15253,126,0,129,0,GOLD_I,53,14,11493,216,0,185,0,PLATINUM_IV,59,14,11607,430,0,375,0,GOLD_I,79,12,9147,47,0,33,0,GOLD_II,80,12,8733
293,0,291,0,SILVER_I,68,14,12312,162,0,157,0,SILVER_I,80,15,13736,90,0,97,0,GOLD_IV,13,16,15136,155,0,157,0,GOLD_IV,11,15,13263,593,0,596,0,GOLD_IV,45,15,13316,98,0,98,0,GOLD_III,17,16,16012,126,0,129,0,GOLD_I,53,16,15159,261,0,240,0,GOLD_III,0,16,15234,477,0,448,0,GOLD_IV,0,15,14372,297,0,314,0,SILVER_IV,14,14,12064
113,0,107,0,PLATINUM_III,0,18,23988,136,0,145,0,PLATINUM_III,59,18,24334,117,0,106,0,PLATINUM_III,48,18,22160,288,0,310,0,PLATINUM_III,11,18,23462,460,0,452,0,PLATINUM_IV,23,17,17949,84,0,62,0,GOLD_I,26,18,23746,73,0,49,0,PLATINUM_II,16,18,21643,253,0,209,0,PLATINUM_IV,76,17,18331,646,0,614,0,PLATINUM_IV,59,18,19175,922,0,913,0,PLATINUM_III,55,18,19292
239,0,209,0,PLATINUM_III,30,2,514,256,0,258,0,PLATINUM_III,57,3,1020,68,0,78,0,PLATINUM_IV,61,3,1060,220,0,184,0,PLATINUM_III,46,2,587,283,0,287,0,PLATINUM_IV,90,2,526,84,0,62,0,GOLD_I,26,2,549,73,0,49,0,PLATINUM_II,16,3,832,248,0,228,0,PLATINUM_III,85,3,914,380,0,358,0,PLATINUM_IV,30,2,491,366,0,343,0,PLATINUM_III,17,1,0
167,0,158,0,PLATINUM_IV,58,10,6777,145,0,86,0,PLATINUM_II,14,10,6340,27,0,15,0,GOLD_I,74,11,7439,99,0,99,0,PLATINUM_IV,41,9,5278,138,0,113,0,GOLD_I,70,8,4691,84,0,62,0,GOLD_I,26,10,7123,73,0,49,0,PLATINUM_II,16,11,7820,273,0,251,0,PLATINUM_III,25,13,10012,534,0,512,0,PLATINUM_III,87,10,6450,131,0,118,0,PLATINUM_III,0,9,5631
96,0,105,0,PLATINUM_IV,81,18,18665,85,0,96,0,PLATINUM_IV,79,18,18554,150,0,158,0,PLATINUM_III,30,15,14250,237,0,236,0,PLATINUM_III,26,17,17327,58,0,56,0,PLATINUM_IV,87,16,15160,84,0,62,0,GOLD_I,26,15,13201,242,0,241,0,PLATINUM_IV,36,16,15404,355,0,329,0,PLATINUM_III,22,15,13774,87,0,78,0,PLATINUM_III,19,15,13807,73,0,49,0,PLATINUM_II,16,14,12296
69,0,61,0,PLATINUM_IV,32,13,11190,42,0,38,0,GOLD_I,5,14,12190,313,0,314,0,PLATINUM_IV,58,12,9893,315,0,297,0,PLATINUM_IV,62,11,7452,153,0,149,0,PLATINUM_IV,73,11,8526,84,0,62,0,GOLD_I,26,15,14290,270,0,238,0,PLATINUM_III,0,15,14197,137,0,128,0,PLATINUM_II,89,14,12136,53,0,36,0,GOLD_I,51,15,13057,73,0,49,0,PLATINUM_II,16,14,11881
49,0,48,0,SILVER_II,81,17,17695,26,0,15,0,GOLD_II,78,17,16930,46,0,49,0,PLATINUM_IV,39,17,17910,56,0,58,0,GOLD_I,0,15,13777,52,0,46,0,GOLD_II,5,16,15050,95,0,97,0,GOLD_IV,39,17,17453,81,0,70,0,PLATINUM_IV,1,18,19520,91,0,85,0,GOLD_IV,58,17,17818,95,0,76,0,PLATINUM_III,10,17,18325,57,0,48,0,GOLD_III,7,15,14627
52,0,46,0,GOLD_II,5,12,9318,49,0,48,0,SILVER_II,81,13,11278,26,0,15,0,GOLD_II,78,12,9080,56,0,58,0,GOLD_I,0,12,9579,29,0,27,0,GOLD_III,77,10,6924,95,0,76,0,PLATINUM_III,10,14,12437,81,0,70,0,PLATINUM_IV,1,13,10972,123,0,96,0,PLATINUM_I,74,15,13042,125,0,110,0,PLATINUM_III,24,13,10638,57,0,48,0,GOLD_III,7,11,8397
32,0,17,0,GOLD_III,75,17,18012,52,0,35,0,GOLD_III,67,18,19482,57,0,52,0,GOLD_II,77,18,21487,56,0,58,0,GOLD_I,0,5,1990,29,0,27,0,GOLD_III,77,15,14007,227,0,197,0,GOLD_I,100,16,15095,36,0,45,0,GOLD_II,2,17,16997,193,0,165,0,PLATINUM_IV,1,17,18057,266,0,235,0,GOLD_I,30,16,15731,65,0,47,0,GOLD_II,80,14,12009
6,0,4,0,GOLD_II,62,15,14337,154,0,147,0,PLATINUM_II,6,15,14211,12,0,7,0,PLATINUM_II,41,17,16786,3,0,7,0,GOLD_I,45,15,13989,372,0,336,0,DIAMOND_III,2,13,11093,40,0,33,0,PLATINUM_III,33,15,13290,7,0,3,0,GOLD_I,99,15,13803,84,0,71,0,PLATINUM_II,58,15,14053,64,0,65,0,PLATINUM_IV,12,13,11402,105,0,101,0,DIAMOND_IV,0,12,9167
29,0,30,0,GOLD_I,45,15,13940,48,0,40,0,GOLD_III,75,13,10803,275,0,271,0,GOLD_I,23,14,11511,56,0,45,0,GOLD_IV,54,14,11537,149,0,184,0,GOLD_IV,61,11,8115,81,0,94,0,GOLD_IV,0,14,12354,82,0,92,0,GOLD_II,11,16,15056,60,0,64,0,GOLD_I,0,15,13277,20,0,22,0,GOLD_II,27,16,14787,112,0,74,0,PLATINUM_III,68,14,12193
29,0,30,0,GOLD_I,45,15,14311,276,0,274,0,PLATINUM_III,60,17,17131,117,0,143,0,PLATINUM_IV,58,18,19964,417,0,409,0,PLATINUM_IV,75,15,13278,490,0,473,0,DIAMOND_IV,66,14,12899,241,0,259,0,PLATINUM_II,15,18,22233,81,0,82,0,PLATINUM_II,20,15,14165,697,0,668,0,PLATINUM_II,58,18,19707,479,0,470,0,PLATINUM_II,13,17,16627,240,0,228,0,PLATINUM_II,93,16,15700
29,0,30,0,GOLD_I,45,14,11816,390,0,380,0,GOLD_I,60,12,9373,196,0,172,0,PLATINUM_III,51,13,11184,417,0,409,0,PLATINUM_IV,75,13,10754,70,0,81,0,PLATINUM_IV,31,11,8148,687,0,666,0,PLATINUM_II,59,12,9531,45,0,47,0,PLATINUM_III,55,12,9031,231,0,263,0,PLATINUM_IV,0,11,8398,90,0,96,0,PLATINUM_II,20,12,9420,163,0,175,0,PLATINUM_IV,8,9,5893
29,0,30,0,GOLD_I,45,14,11544,151,0,97,0,DIAMOND_I,6,13,10003,26,0,23,0,GOLD_I,0,14,12603,939,0,888,0,PLATINUM_III,60,11,7622,282,0,256,0,PLATINUM_I,32,12,9053,410,0,423,0,PLATINUM_IV,93,11,7495,158,0,130,0,PLATINUM_III,45,12,9013,72,0,85,0,PLATINUM_IV,69,12,8948,267,0,240,0,DIAMOND_IV,3,11,8423,45,0,58,0,PLATINUM_IV,0,10,6727
29,0,30,0,GOLD_I,45,15,14298,223,0,226,0,GOLD_IV,0,14,12572,587,0,575,0,PLATINUM_III,0,16,14753,232,0,228,0,PLATINUM_IV,0,13,10066,303,0,270,0,PLATINUM_III,73,13,10790,100,0,86,0,PLATINUM_IV,95,15,13970,156,0,155,0,PLATINUM_IV,36,12,9249,68,0,50,0,GOLD_II,79,13,10332,534,0,512,0,PLATINUM_III,87,12,9275,88,0,80,0,GOLD_III,48,11,7760
76,0,76,0,PLATINUM_III,64,18,21148,36,0,27,0,GOLD_I,100,17,17691,7,0,4,0,GOLD_I,55,18,20619,61,0,45,0,PLATINUM_III,55,17,18227,45,0,57,0,PLATINUM_II,80,16,15613,58,0,46,0,DIAMOND_IV,62,18,19460,58,0,42,0,PLATINUM_III,91,18,24359,40,0,43,0,PLATINUM_IV,13,18,18794,25,0,15,0,GOLD_I,95,18,20311,35,0,21,0,PLATINUM_II,17,16,15490
34,0,25,0,PLATINUM_IV,98,14,12750,109,0,83,0,PLATINUM_II,9,16,15245,13,0,16,0,GOLD_I,100,16,16076,73,0,55,0,DIAMOND_IV,6,17,18045,36,0,21,0,PLATINUM_IV,1,15,13355,58,0,46,0,DIAMOND_IV,62,18,20264,9,0,7,0,PLATINUM_III,81,17,16782,12,0,18,0,GOLD_II,27,17,17249,25,0,15,0,GOLD_I,95,18,18625,52,0,50,0,PLATINUM_II,0,14,12946
183,0,163,0,PLATINUM_I,53,18,18990,31,0,22,0,GOLD_I,53,14,12518,42,0,32,0,GOLD_I,80,18,18473,44,0,18,0,PLATINUM_IV,74,15,14168,44,0,18,0,PLATINUM_IV,74,16,14923,25,0,15,0,GOLD_I,95,14,11593,58,0,46,0,DIAMOND_IV,62,17,18103,20,0,19,0,PLATINUM_IV,47,13,11167,25,0,15,0,GOLD_I,95,16,15122,9,0,7,0,GOLD_I,0,13,11061
10,0,7,0,GOLD_I,16,18,18374,30,0,19,0,GOLD_II,72,15,13311,12,0,12,0,GOLD_I,20,18,20734,33,0,25,0,GOLD_I,46,18,18495,202,0,207,0,PLATINUM_IV,2,14,11803,6,0,6,0,GOLD_I,35,15,14580,30,0,26,0,GOLD_II,7,15,13216,7,0,11,0,GOLD_III,6,15,13617,25,0,15,0,GOLD_I,95,16,14731,10,0,7,0,SILVER_I,39,15,13710
23,0,36,0,GOLD_II,0,17,17825,7,0,7,0,GOLD_III,73,16,15269,11,0,11,0,GOLD_I,64,17,17245,32,0,18,0,PLATINUM_IV,0,18,19027,32,0,18,0,PLATINUM_IV,0,17,17040,56,0,43,0,PLATINUM_IV,34,17,17400,25,0,17,0,GOLD_I,1,18,19125,25,0,17,0,GOLD_I,1,18,20321,25,0,15,0,GOLD_I,95,16,16285,10,0,7,0,SILVER_I,39,16,14976
435,0,407,0,GOLD_I,32,18,29592,510,0,509,0,GOLD_II,76,18,23704,46,0,48,0,GOLD_II,0,18,27801,234,0,220,0,GOLD_I,33,18,22948,155,0,142,0,GOLD_I,10,18,18614,385,0,357,0,GOLD_II,31,18,25109,84,0,89,0,GOLD_II,19,18,21366,321,0,310,0,GOLD_I,2,18,22590,104,0,120,0,PLATINUM_IV,0,18,21951,286,0,258,0,GOLD_II,68,17,17011
370,0,333,0,GOLD_I,0,12,8643,163,0,149,0,PLATINUM_IV,11,10,6619,558,0,541,0,GOLD_I,11,12,9629,468,0,450,0,PLATINUM_IV,61,11,7629,116,0,96,0,GOLD_III,1,9,6081,25,0,38,0,GOLD_II,0,12,9809,163,0,172,0,PLATINUM_IV,1,12,8995,321,0,310,0,GOLD_I,2,12,9798,384,0,379,0,GOLD_II,50,12,9688,182,0,176,0,GOLD_I,51,9,5504
410,0,415,0,GOLD_I,0,16,16385,157,0,161,0,GOLD_II,51,16,15045,83,0,77,0,GOLD_I,1,18,18961,135,0,141,0,GOLD_II,26,15,13642,596,0,603,0,GOLD_I,19,13,11123,288,0,264,0,GOLD_III,90,15,14500,159,0,134,0,GOLD_I,19,14,11841,321,0,310,0,GOLD_I,2,15,13682,437,0,426,0,GOLD_II,62,13,10259,121,0,122,0,GOLD_II,9,11,8550
199,0,168,0,GOLD_I,90,17,16821,119,0,121,0,PLATINUM_IV,26,15,14690,206,0,185,0,PLATINUM_IV,82,17,17538,25,0,22,0,GOLD_II,39,16,15693,176,0,171,0,GOLD_II,41,15,13041,69,0,83,0,GOLD_I,60,18,20727,135,0,111,0,GOLD_I,65,17,16575,321,0,310,0,GOLD_I,2,18,20313,71,0,78,0,GOLD_I,52,16,16049,145,0,161,0,PLATINUM_IV,20,15,14045
138,0,145,0,PLATINUM_IV,50,13,10284,442,0,420,0,PLATINUM_IV,0,10,6180,223,0,204,0,PLATINUM_IV,63,11,8471,313,0,297,0,GOLD_I,14,12,8642,268,0,275,0,PLATINUM_IV,0,10,6413,159,0,110,0,PLATINUM_IV,1,14,12203,83,0,80,0,GOLD_I,45,12,9568,321,0,310,0,GOLD_I,2,13,11049,430,0,431,0,PLATINUM_IV,14,12,8811,69,0,64,0,GOLD_I,59,12,9293
69,0,64,0,GOLD_I,59,13,10868,22,0,11,0,PLATINUM_IV,43,12,9755,93,0,98,0,PLATINUM_II,23,14,12427,302,0,305,0,PLATINUM_I,75,11,8133,281,0,252,0,PLATINUM_II,75,10,6703,46,0,41,0,PLATINUM_II,62,14,12025,223,0,204,0,PLATINUM_III,1,15,13908,167,0,169,0,DIAMOND_IV,31,14,12753,56,0,32,0,GOLD_I,41,13,11244,45,0,26,0,PLATINUM_I,92,13,10330
113,0,129,0,PLATINUM_IV,65,13,11379,146,0,131,0,DIAMOND_IV,41,11,8533,67,0,76,0,PLATINUM_IV,69,11,7707,41,0,42,0,DIAMOND_III,0,12,9084,198,0,188,0,DIAMOND_II,84,10,6446,271,0,247,0,PLATINUM_I,64,15,13175,336,0,353,0,PLATINUM_II,26,14,12555,90,0,85,0,PLATINUM_I,75,13,11311,56,0,32,0,GOLD_I,41,12,9602,45,0,26,0,PLATINUM_I,92,11,7890
16,0,23,0,GOLD_I,38,16,15303,18,0,7,0,SILVER_I,82,16,14931,87,0,96,0,PLATINUM_IV,0,14,12023,91,0,74,0,PLATINUM_III,13,13,10257,19,0,25,0,GOLD_I,71,13,10142,135,0,133,0,PLATINUM_I,75,13,10369,43,0,51,0,PLATINUM_IV,0,13,11139,54,0,38,0,PLATINUM_III,0,12,9164,56,0,32,0,GOLD_I,41,14,11749,23,0,25,0,PLATINUM_IV,0,12,8637
199,0,216,0,SILVER_II,25,18,19555,72,0,52,0,DIAMOND_IV,19,18,20434,21,0,16,0,GOLD_II,74,18,21010,190,0,197,0,GOLD_I,40,17,17007,86,0,83,0,PLATINUM_IV,30,16,15658,17,0,27,0,GOLD_II,33,17,17451,182,0,183,0,PLATINUM_IV,18,18,18947,36,0,12,0,PLATINUM_I,18,16,15770,56,0,32,0,GOLD_I,41,18,22335,93,0,97,0,PLATINUM_IV,46,18,19564
35,0,43,0,GOLD_II,43,10,6874,253,0,261,0,PLATINUM_IV,15,8,4701,87,0,96,0,PLATINUM_IV,0,10,6976,79,0,49,0,PLATINUM_I,98,8,4383,79,0,49,0,PLATINUM_I,98,8,4249,30,0,27,0,GOLD_II,21,10,6835,8,0,7,0,GOLD_III,90,12,9054,64,0,72,0,GOLD_I,21,10,6264,56,0,32,0,GOLD_I,41,11,8030,67,0,86,0,GOLD_III,23,8,4796
646,0,625,0,PLATINUM_IV,28,15,13934,234,0,250,0,GOLD_I,77,16,15114,17,0,24,0,GOLD_I,46,15,13748,234,0,181,0,DIAMOND_IV,0,15,14059,254,0,238,0,PLATINUM_III,75,14,12925,84,0,76,0,PLATINUM_IV,12,14,12820,128,0,122,0,PLATINUM_IV,0,13,11286,134,0,146,0,PLATINUM_IV,20,14,12869,162,0,156,0,PLATINUM_II,35,14,11689,77,0,88,0,PLATINUM_IV,0,12,9540
83,0,78,0,PLATINUM_IV,44,15,13748,40,0,52,0,GOLD_I,60,15,13494,17,0,24,0,GOLD_I,46,15,13820,15,0,15,0,GOLD_III,73,14,11455,14,0,15,0,GOLD_I,0,14,12102,22,0,25,0,PLATINUM_IV,7,18,18580,107,0,88,0,GOLD_II,0,15,14156,142,0,129,0,PLATINUM_IV,47,17,16891,106,0,93,0,PLATINUM_IV,31,15,13402,78,0,73,0,GOLD_II,90,15,13134
340,0,318,0,PLATINUM_III,32,11,8560,188,0,182,0,PLATINUM_IV,10,14,12112,94,0,70,0,GOLD_II,58,13,11393,77,0,81,0,GOLD_I,0,14,12354,415,0,390,0,PLATINUM_IV,12,12,8649,102,0,107,0,GOLD_II,75,12,9055,29,0,35,0,GOLD_II,50,11,7598,20,0,17,0,GOLD_I,5,11,7526,71,0,65,0,GOLD_III,35,11,7628,347,0,349,0,PLATINUM_IV,0,10,6704
75,0,62,0,PLATINUM_IV,81,18,20492,163,0,155,0,GOLD_II,90,17,18319,17,0,18,0,GOLD_II,42,17,17002,58,0,50,0,GOLD_I,61,15,14547,19,0,28,0,GOLD_III,52,15,13894,71,0,65,0,GOLD_III,35,16,15135,46,0,48,0,GOLD_III,75,15,13507,20,0,17,0,GOLD_I,5,14,12947,69,0,78,0,GOLD_II,3,17,18346,23,0,21,0,GOLD_IV,20,14,11497
114,0,90,0,PLATINUM_IV,89,18,20902,7,0,13,0,GOLD_IV,28,16,15144,60,0,64,0,GOLD_I,55,16,15122,14,0,19,0,GOLD_II,91,16,16435,46,0,36,0,GOLD_I,60,15,13256,13,0,15,0,GOLD_II,75,16,14912,122,0,122,0,PLATINUM_IV,14,14,12466,20,0,17,0,GOLD_I,5,17,17929,12,0,12,0,GOLD_II,75,15,13835,16,0,22,0,GOLD_II,43,13,11154
110,0,88,0,PLATINUM_IV,84,14,12891,102,0,86,0,PLATINUM_III,78,13,10763,257,0,218,0,PLATINUM_III,74,14,11516,69,0,63,0,PLATINUM_III,9,14,12002,568,0,583,0,GOLD_I,46,13,10175,218,0,198,0,PLATINUM_III,48,16,15564,112,0,90,0,PLATINUM_III,25,18,19343,20,0,17,0,GOLD_I,5,15,13707,277,0,266,0,PLATINUM_IV,75,16,14916,173,0,155,0,PLATINUM_III,1,14,12764
60,0,54,0,PLATINUM_IV,54,14,12301,199,0,198,0,PLATINUM_IV,60,15,13538,59,0,58,0,PLATINUM_IV,0,14,11770,53,0,36,0,PLATINUM_III,35,14,11952,320,0,320,0,PLATINUM_IV,36,13,10379,244,0,181,0,DIAMOND_IV,1,13,11382,28,0,22,0,GOLD_II,0,14,12034,20,0,17,0,GOLD_I,5,12,9128,57,0,56,0,PLATINUM_IV,51,14,12977,146,0,125,0,PLATINUM_III,66,11,7808
78,0,73,0,GOLD_II,49,16,15404,95,0,100,0,PLATINUM_IV,1,14,12522,131,0,109,0,GOLD_I,25,16,15848,43,0,53,0,GOLD_II,0,15,13507,279,0,248,0,GOLD_I,20,13,11157,178,0,158,0,GOLD_I,44,16,16081,61,0,47,0,GOLD_II,0,16,16180,44,0,49,0,GOLD_II,85,16,15859,86,0,92,0,GOLD_I,32,15,14407,229,0,229,0,GOLD_I,31,15,14246
58,0,52,0,GOLD_II,54,15,13915,168,0,161,0,GOLD_II,97,14,12159,159,0,140,0,GOLD_II,89,13,11135,164,0,132,0,GOLD_II,40,13,10260,156,0,167,0,GOLD_II,48,12,9686,77,0,60,0,GOLD_IV,77,15,14630,122,0,107,0,GOLD_I,71,15,13942,165,0,153,0,GOLD_II,75,15,13117,86,0,92,0,GOLD_I,32,14,12060,47,0,46,0,GOLD_II,61,11,8411
402,0,402,0,PLATINUM_III,58,16,15300,221,0,184,0,PLATINUM_III,75,17,17275,86,0,66,0,PLATINUM_III,75,18,18910,530,0,536,0,PLATINUM_III,14,16,16399,60,0,60,0,GOLD_I,60,15,13950,56,0,48,0,PLATINUM_IV,39,15,14501,75,0,71,0,PLATINUM_I,0,15,13483,240,0,225,0,PLATINUM_IV,67,15,13369,10,0,12,0,GOLD_I,1,14,12555,258,0,217,0,PLATINUM_IV,75,12,9232
207,0,225,0,PLATINUM_IV,47,17,16493,49,0,53,0,PLATINUM_IV,5,14,11847,31,0,23,0,PLATINUM_IV,1,16,15059,129,0,66,0,PLATINUM_I,46,16,15763,56,0,30,0,GOLD_III,32,15,13336,56,0,48,0,PLATINUM_IV,39,15,13028,142,0,140,0,PLATINUM_IV,13,13,11412,134,0,146,0,PLATINUM_IV,20,14,12026,10,0,12,0,GOLD_I,1,14,11692,181,0,190,0,PLATINUM_III,27,12,9269
501,0,497,0,PLATINUM_IV,90,15,14646,117,0,94,0,PLATINUM_II,21,15,13244,115,0,92,0,PLATINUM_III,53,16,16174,272,0,245,0,PLATINUM_I,7,15,13479,76,0,55,0,PLATINUM_II,37,12,9225,56,0,48,0,PLATINUM_IV,39,13,10707,176,0,155,0,DIAMOND_IV,0,15,13514,455,0,463,0,DIAMOND_IV,0,14,12806,10,0,12,0,GOLD_I,1,12,9503,108,0,122,0,PLATINUM_IV,53,11,8457
159,0,141,0,PLATINUM_III,9,18,20447,205,0,172,0,PLATINUM_III,32,17,18108,19,0,11,0,GOLD_I,100,17,17279,44,0,34,0,PLATINUM_IV,28,18,21223,254,0,211,0,PLATINUM_IV,0,14,11743,56,0,48,0,PLATINUM_IV,39,17,18290,58,0,61,0,PLATINUM_III,43,16,15961,485,0,492,0,GOLD_IV,41,18,18649,10,0,12,0,GOLD_I,1,18,18887,87,0,98,0,PLATINUM_IV,0,15,13363
197,0,201,0,PLATINUM_II,0,17,16565,88,0,71,0,PLATINUM_II,44,14,11842,213,0,222,0,GOLD_I,0,15,13718,89,0,83,0,PLATINUM_IV,76,13,10115,90,0,90,0,PLATINUM_IV,21,12,9750,56,0,48,0,PLATINUM_IV,39,17,17652,66,0,61,0,PLATINUM_II,29,17,17013,143,0,137,0,PLATINUM_III,5,17,17665,10,0,12,0,GOLD_I,1,17,16639,357,0,368,0,GOLD_I,16,14,11528
359,0,349,0,GOLD_III,72,12,9490,176,0,162,0,GOLD_I,55,12,9002,134,0,149,0,GOLD_III,32,13,10658,154,0,173,0,GOLD_I,31,12,9843,459,0,444,0,GOLD_III,15,9,5735,547,0,549,0,GOLD_I,1,13,11332,53,0,60,0,GOLD_IV,58,10,6574,589,0,576,0,GOLD_IV,53,11,7557,669,0,648,0,GOLD_III,46,12,8850,28,0,26,0,GOLD_IV,83,10,6600
192,0,191,0,GOLD_III,0,17,17057,210,0,206,0,GOLD_III,60,18,19939,255,0,269,0,GOLD_IV,28,17,16885,154,0,173,0,GOLD_I,31,13,11234,214,0,205,0,GOLD_II,14,15,13966,230,0,222,0,GOLD_II,4,18,19594,316,0,323,0,GOLD_II,30,18,21066,660,0,629,0,GOLD_III,53,18,18494,302,0,302,0,GOLD_II,75,16,15589,336,0,326,0,GOLD_III,21,16,15164
245,0,224,0,GOLD_II,75,18,19130,243,0,254,0,GOLD_II,1,15,13484,105,0,111,0,PLATINUM_IV,0,18,22452,154,0,173,0,GOLD_I,31,18,18430,274,0,270,0,GOLD_IV,27,13,10372,71,0,58,0,GOLD_II,80,18,21265,136,0,137,0,GOLD_IV,0,18,20844,255,0,269,0,GOLD_IV,28,18,19837,195,0,166,0,GOLD_I,63,18,18951,137,0,106,0,PLATINUM_IV,0,16,15024
625,0,640,0,GOLD_IV,6,16,15126,158,0,148,0,GOLD_I,1,14,12754,320,0,328,0,PLATINUM_IV,10,15,13306,154,0,173,0,GOLD_I,31,14,12385,257,0,266,0,GOLD_II,47,12,9846,60,0,64,0,GOLD_IV,75,18,18529,88,0,116,0,GOLD_III,75,17,17739,443,0,453,0,GOLD_II,19,16,15858,332,0,310,0,GOLD_II,73,15,13970,140,0,127,0,GOLD_I,100,15,13267
157,0,150,0,GOLD_I,31,17,17170,54,0,45,0,GOLD_II,50,15,14277,201,0,175,0,PLATINUM_IV,13,17,17380,31,0,33,0,GOLD_III,75,14,12430,35,0,37,0,GOLD_III,72,14,12440,19,0,27,0,GOLD_I,20,16,15261,192,0,170,0,GOLD_II,37,15,14446,613,0,609,0,PLATINUM_IV,0,16,15192,224,0,241,0,GOLD_II,17,15,14524,390,0,373,0,GOLD_I,11,14,12969
211,0,206,0,GOLD_I,15,17,16939,12,0,12,0,GOLD_II,54,18,18551,108,0,90,0,GOLD_IV,0,16,15394,26,0,29,0,GOLD_II,85,16,14920,46,0,48,0,GOLD_I,87,14,12829,19,0,27,0,GOLD_I,20,15,13022,192,0,170,0,GOLD_II,37,16,15305,13,0,18,0,GOLD_III,26,16,16045,31,0,33,0,GOLD_III,75,15,14367,35,0,37,0,GOLD_III,72,13,11276
247,0,245,0,GOLD_II,43,14,12913,345,0,300,0,PLATINUM_IV,55,15,14109,105,0,67,0,PLATINUM_IV,0,15,14161,103,0,112,0,GOLD_IV,1,13,11248,652,0,667,0,GOLD_IV,26,13,10534,19,0,27,0,GOLD_I,20,16,15408,190,0,174,0,SILVER_I,0,17,16485,108,0,103,0,GOLD_III,53,17,17556,297,0,300,0,GOLD_III,0,16,15823,459,0,461,0,GOLD_II,11,13,11430
76,0,76,0,PLATINUM_III,64,18,21148,36,0,27,0,GOLD_I,100,17,17691,7,0,4,0,GOLD_I,55,18,20619,61,0,45,0,PLATINUM_III,55,17,18227,45,0,57,0,PLATINUM_II,80,16,15613,58,0,46,0,DIAMOND_IV,62,18,19460,58,0,42,0,PLATINUM_III,91,18,24359,40,0,43,0,PLATINUM_IV,13,18,18794,25,0,15,0,GOLD_I,95,18,20311,35,0,21,0,PLATINUM_II,17,16,15490
34,0,25,0,PLATINUM_IV,98,14,12750,109,0,83,0,PLATINUM_II,9,16,15245,13,0,16,0,GOLD_I,100,16,16076,73,0,55,0,DIAMOND_IV,6,17,18045,36,0,21,0,PLATINUM_IV,1,15,13355,58,0,46,0,DIAMOND_IV,62,18,20264,9,0,7,0,PLATINUM_III,81,17,16782,12,0,18,0,GOLD_II,27,17,17249,25,0,15,0,GOLD_I,95,18,18625,53,0,50,0,PLATINUM_II,16,14,12946
183,0,164,0,PLATINUM_I,36,18,18990,31,0,22,0,GOLD_I,53,14,12518,42,0,32,0,GOLD_I,80,18,18473,44,0,18,0,PLATINUM_IV,74,15,14168,44,0,18,0,PLATINUM_IV,74,16,14923,25,0,15,0,GOLD_I,95,14,11593,58,0,46,0,DIAMOND_IV,62,17,18103,20,0,19,0,PLATINUM_IV,47,13,11167,25,0,15,0,GOLD_I,95,16,15122,9,0,7,0,GOLD_I,0,13,11061
10,0,7,0,GOLD_I,16,18,18374,30,0,19,0,GOLD_II,72,15,13311,12,0,12,0,GOLD_I,20,18,20734,33,0,25,0,GOLD_I,46,18,18495,202,0,207,0,PLATINUM_IV,2,14,11803,6,0,6,0,GOLD_I,35,15,14580,30,0,26,0,GOLD_II,7,15,13216,7,0,11,0,GOLD_III,6,15,13617,25,0,15,0,GOLD_I,95,16,14731,10,0,7,0,SILVER_I,39,15,13710
23,0,36,0,GOLD_II,0,17,17825,7,0,7,0,GOLD_III,73,16,15269,11,0,11,0,GOLD_I,64,17,17245,32,0,18,0,PLATINUM_IV,0,18,19027,32,0,18,0,PLATINUM_IV,0,17,17040,56,0,43,0,PLATINUM_IV,34,17,17400,25,0,17,0,GOLD_I,1,18,19125,25,0,17,0,GOLD_I,1,18,20321,25,0,15,0,GOLD_I,95,16,16285,10,0,7,0,SILVER_I,39,16,14976
43,0,41,0,GOLD_I,46,17,17301,201,0,179,0,GOLD_III,61,13,10745,117,0,123,0,GOLD_IV,0,15,13680,520,0,484,0,GOLD_II,41,14,11520,220,0,225,0,GOLD_III,60,13,10092,84,0,101,0,GOLD_IV,61,16,16158,60,0,73,0,GOLD_II,79,16,15230,792,0,815,0,GOLD_III,50,16,16242,99,0,96,0,GOLD_IV,65,15,14440,583,0,569,0,PLATINUM_IV,0,13,10121
43,0,41,0,GOLD_I,46,17,17838,117,0,123,0,GOLD_IV,0,16,15917,104,0,117,0,GOLD_IV,0,17,18031,98,0,91,0,GOLD_IV,69,15,14099,35,0,34,0,GOLD_III,0,15,13236,95,0,91,0,SILVER_III,90,15,14035,36,0,25,0,GOLD_II,44,16,15191,128,0,137,0,GOLD_IV,64,15,13636,180,0,175,0,GOLD_IV,89,14,11808,99,0,91,0,GOLD_III,65,14,11803
43,0,41,0,GOLD_I,46,13,11094,117,0,123,0,GOLD_IV,0,12,9952,108,0,106,0,GOLD_III,75,12,9319,336,0,339,0,GOLD_II,13,13,10671,136,0,117,0,GOLD_III,53,12,8590,387,0,397,0,GOLD_II,24,12,9564,118,0,115,0,GOLD_IV,2,11,7594,111,0,95,0,GOLD_IV,44,12,9080,298,0,285,0,GOLD_II,80,11,8193,148,0,139,0,GOLD_IV,0,10,6567
43,0,41,0,GOLD_I,46,16,15719,117,0,123,0,GOLD_IV,0,15,13427,315,0,291,0,GOLD_III,70,17,17165,113,0,106,0,PLATINUM_IV,1,15,13718,115,0,97,0,GOLD_IV,1,13,11168,123,0,138,0,GOLD_III,75,16,15558,186,0,188,0,GOLD_IV,9,15,14502,43,0,50,0,GOLD_II,59,16,16386,270,0,238,0,GOLD_I,69,15,13265,156,0,146,0,GOLD_I,34,13,10501
43,0,41,0,GOLD_I,46,12,8621,117,0,123,0,GOLD_IV,0,11,7958,232,0,240,0,GOLD_IV,0,10,7146,120,0,128,0,GOLD_III,34,8,4968,186,0,213,0,GOLD_IV,0,9,5649,45,0,59,0,GOLD_I,2,12,9723,140,0,181,0,GOLD_IV,6,10,7000,206,0,189,0,GOLD_II,14,12,9680,69,0,67,0,GOLD_III,0,11,8534,266,0,279,0,GOLD_IV,5,10,6543
72,0,74,0,GOLD_II,65,14,11718,9,0,14,0,GOLD_I,0,14,11562,17,0,21,0,GOLD_I,62,13,11394,38,0,23,0,GOLD_I,9,13,11272,28,0,22,0,GOLD_III,33,13,9982,104,0,86,0,PLATINUM_IV,53,15,14626,35,0,26,0,PLATINUM_IV,0,16,14954,10,0,10,0,GOLD_IV,8,15,14467,87,0,78,0,PLATINUM_I,44,15,13439,266,0,244,0,PLATINUM_IV,65,13,10074
154,0,111,0,PLATINUM_IV,92,17,18299,581,0,524,0,PLATINUM_II,1,17,16644,82,0,74,0,GOLD_I,5,17,17300,38,0,23,0,GOLD_I,9,16,16449,28,0,22,0,GOLD_III,33,15,13680,16,0,25,0,GOLD_II,73,16,15341,94,0,85,0,PLATINUM_IV,58,15,14000,120,0,97,0,PLATINUM_IV,47,16,15470,221,0,215,0,PLATINUM_IV,0,15,14117,100,0,100,0,GOLD_I,31,14,12825
146,0,156,0,PLATINUM_IV,0,15,13112,582,0,547,0,PLATINUM_II,75,15,14521,95,0,83,0,PLATINUM_IV,0,16,15132,38,0,23,0,GOLD_I,9,15,13796,28,0,22,0,GOLD_III,33,13,10765,195,0,200,0,PLATINUM_IV,1,15,14477,46,0,108,0,SILVER_IV,83,12,9553,205,0,209,0,PLATINUM_III,48,14,12316,69,0,69,0,GOLD_II,0,13,10260,151,0,129,0,PLATINUM_IV,43,11,8431
63,0,63,0,GOLD_I,0,18,24335,33,0,31,0,GOLD_I,39,18,21488,16,0,24,0,GOLD_II,56,18,25854,38,0,23,0,GOLD_I,9,18,25205,28,0,22,0,GOLD_III,33,18,18880,104,0,98,0,GOLD_I,100,18,25798,157,0,167,0,GOLD_IV,53,18,19577,32,0,27,0,GOLD_I,30,17,18331,24,0,25,0,GOLD_II,0,17,17621,31,0,19,0,PLATINUM_III,6,16,15361
51,0,55,0,GOLD_III,66,14,12968,62,0,54,0,GOLD_I,69,15,14044,34,0,51,0,GOLD_II,50,15,13267,38,0,23,0,GOLD_I,9,14,12689,28,0,22,0,GOLD_III,33,13,10017,312,0,274,0,PLATINUM_II,5,14,12049,596,0,563,0,DIAMOND_IV,0,13,10617,83,0,76,0,PLATINUM_III,34,14,12910,112,0,95,0,GOLD_I,19,14,12016,153,0,139,0,PLATINUM_IV,0,10,6312
116,0,101,0,PLATINUM_III,26,13,11409,103,0,110,0,GOLD_II,54,13,10001,101,0,79,0,PLATINUM_IV,45,15,13085,148,0,155,0,GOLD_IV,87,15,13026,141,0,144,0,GOLD_III,3,12,9946,530,0,497,0,PLATINUM_IV,56,14,12734,283,0,303,0,GOLD_IV,0,12,9360,99,0,92,0,GOLD_I,18,13,11020,21,0,27,0,GOLD_II,12,12,8990,17,0,12,0,GOLD_I,100,11,7453
167,0,151,0,PLATINUM_IV,75,16,15392,120,0,117,0,GOLD_II,42,14,12592,157,0,166,0,GOLD_III,64,15,14203,64,0,64,0,GOLD_II,98,14,12225,38,0,47,0,GOLD_IV,63,12,9422,226,0,212,0,GOLD_I,14,16,15862,283,0,303,0,GOLD_IV,0,15,14005,83,0,116,0,GOLD_IV,61,17,17505,152,0,180,0,GOLD_IV,97,16,15339,17,0,12,0,GOLD_I,100,14,12446
90,0,96,0,PLATINUM_IV,0,6,2824,297,0,309,0,PLATINUM_II,75,12,9482,206,0,190,0,PLATINUM_II,56,13,10666,206,0,207,0,PLATINUM_IV,0,11,7397,201,0,233,0,PLATINUM_IV,34,12,8594,210,0,204,0,PLATINUM_III,0,14,11610,38,0,41,0,PLATINUM_IV,61,13,10208,108,0,107,0,PLATINUM_IV,26,14,12035,273,0,285,0,PLATINUM_II,35,11,8442,17,0,12,0,GOLD_I,100,9,5761
345,0,332,0,PLATINUM_III,0,15,13714,48,0,40,0,PLATINUM_IV,0,15,13965,776,0,775,0,PLATINUM_IV,50,14,12358,92,0,86,0,PLATINUM_III,9,14,11859,58,0,13,0,PLATINUM_IV,63,13,10775,49,0,44,0,GOLD_I,100,14,11752,38,0,41,0,PLATINUM_IV,61,14,11751,148,0,127,0,GOLD_IV,0,13,10231,41,0,53,0,PLATINUM_IV,22,12,9795,17,0,12,0,GOLD_I,100,11,8222
45,0,25,0,PLATINUM_IV,74,16,16175,418,0,396,0,PLATINUM_IV,4,16,14815,48,0,28,0,GOLD_I,73,16,16454,32,0,25,0,GOLD_I,11,15,14599,9,0,5,0,GOLD_I,36,14,12650,9,0,5,0,GOLD_I,36,14,12914,45,0,32,0,PLATINUM_IV,50,16,16276,12,0,16,0,GOLD_I,56,18,20152,34,0,25,0,GOLD_II,72,15,14482,13,0,12,0,GOLD_I,69,14,12901
45,0,25,0,PLATINUM_IV,74,17,16971,418,0,396,0,PLATINUM_IV,4,17,17027,105,0,91,0,PLATINUM_III,16,18,19248,32,0,25,0,GOLD_I,11,16,15192,9,0,5,0,GOLD_I,36,14,12980,15,0,16,0,GOLD_II,43,16,15149,45,0,32,0,PLATINUM_IV,50,14,12608,48,0,28,0,GOLD_I,73,15,13701,278,0,266,0,PLATINUM_IV,90,14,11986,5,0,17,0,GOLD_II,30,13,10699
58,0,47,0,PLATINUM_IV,9,15,13221,20,0,22,0,GOLD_I,70,14,12791,274,0,285,0,PLATINUM_IV,0,14,12554,32,0,25,0,GOLD_I,11,14,11991,9,0,5,0,GOLD_I,36,12,9823,222,0,226,0,PLATINUM_IV,94,17,16965,38,0,24,0,GOLD_I,54,15,14673,37,0,27,0,GOLD_I,100,17,17299,18,0,8,0,PLATINUM_II,54,16,14885,139,0,130,0,GOLD_I,38,13,11205
6,0,4,0,GOLD_II,62,15,14337,154,0,147,0,PLATINUM_II,6,15,14211,12,0,7,0,PLATINUM_II,41,17,16786,3,0,7,0,GOLD_I,45,15,13989,372,0,336,0,DIAMOND_III,2,13,11093,40,0,33,0,PLATINUM_III,33,15,13290,7,0,3,0,GOLD_I,99,15,13803,84,0,71,0,PLATINUM_II,58,15,14053,64,0,65,0,PLATINUM_IV,12,13,11402,105,0,101,0,DIAMOND_IV,0,12,9167
17,0,12,0,GOLD_I,86,15,14385,73,0,57,0,GOLD_I,20,14,11819,501,0,501,0,PLATINUM_III,55,16,16048,20,0,27,0,GOLD_II,75,14,12314,25,0,15,0,GOLD_II,88,11,8399,32,0,25,0,GOLD_I,23,15,14670,5,0,8,0,GOLD_IV,85,15,13422,35,0,31,0,PLATINUM_IV,75,12,9362,28,0,11,0,GOLD_I,100,13,11122,232,0,233,0,PLATINUM_IV,35,13,10135
149,0,143,0,GOLD_IV,25,15,13552,129,0,124,0,GOLD_IV,75,12,9390,50,0,60,0,GOLD_II,65,16,15027,310,0,309,0,GOLD_II,15,13,11028,158,0,159,0,GOLD_III,45,12,9461,258,0,237,0,GOLD_III,89,16,15265,121,0,100,0,GOLD_II,46,14,13012,62,0,71,0,GOLD_IV,66,15,13801,28,0,11,0,GOLD_I,100,15,13834,654,0,663,0,SILVER_III,13,13,11218
234,0,225,0,PLATINUM_I,92,14,11716,223,0,242,0,PLATINUM_III,75,13,11117,89,0,95,0,PLATINUM_II,33,15,13538,39,0,28,0,PLATINUM_III,45,13,10200,98,0,77,0,PLATINUM_II,60,12,8617,519,0,510,0,DIAMOND_III,40,15,13181,107,0,87,0,PLATINUM_I,0,16,15551,30,0,33,0,PLATINUM_I,3,13,10933,28,0,11,0,GOLD_I,100,15,14280,198,0,178,0,PLATINUM_I,76,13,11329
66,0,69,0,PLATINUM_I,13,16,15997,170,0,115,0,MASTER_I,1,18,18373,49,0,43,0,PLATINUM_III,75,15,13586,164,0,175,0,PLATINUM_II,27,17,17792,301,0,264,0,DIAMOND_IV,0,15,13192,410,0,367,0,PLATINUM_I,0,17,17607,205,0,175,0,PLATINUM_I,41,17,17767,30,0,33,0,PLATINUM_I,3,15,14498,28,0,11,0,GOLD_I,100,18,19323,89,0,82,0,DIAMOND_IV,17,15,14562
66,0,69,0,PLATINUM_I,13,16,14909,93,0,78,0,PLATINUM_II,59,14,11505,75,0,38,0,PLATINUM_I,100,14,12567,264,0,271,0,PLATINUM_IV,5,15,13387,74,0,68,0,PLATINUM_II,52,13,10227,374,0,359,0,PLATINUM_III,56,16,15374,44,0,36,0,PLATINUM_III,16,17,18031,30,0,33,0,PLATINUM_I,3,16,15969,28,0,11,0,GOLD_I,100,16,15953,142,0,136,0,DIAMOND_III,26,14,12410
70,0,51,0,GOLD_I,25,18,18775,23,0,17,0,GOLD_IV,19,16,16108,19,0,13,0,SILVER_I,32,18,23306,31,0,25,0,GOLD_II,32,17,17580,11,0,13,0,GOLD_III,5,16,16035,32,0,35,0,GOLD_IV,64,18,20427,12,0,14,0,GOLD_IV,28,18,18446,11,0,13,0,SILVER_I,27,16,15994,91,0,82,0,GOLD_I,34,15,13267,22,0,19,0,GOLD_IV,63,14,11582
24,0,33,0,GOLD_II,27,13,11107,301,0,298,0,GOLD_I,86,13,10952,126,0,133,0,GOLD_I,14,14,11482,116,0,118,0,PLATINUM_IV,77,13,10063,171,0,145,0,PLATINUM_IV,12,11,8294,108,0,85,0,GOLD_I,50,16,15351,199,0,198,0,GOLD_I,49,14,12990,199,0,173,0,GOLD_I,0,16,15174,320,0,311,0,GOLD_I,46,14,11948,16,0,12,0,GOLD_II,38,12,9322
157,0,158,0,GOLD_II,15,16,16426,385,0,386,0,GOLD_II,29,18,21646,75,0,73,0,GOLD_II,9,18,18709,849,0,853,0,GOLD_II,44,18,23748,275,0,268,0,GOLD_II,0,16,16441,176,0,156,0,GOLD_I,0,18,21572,272,0,250,0,GOLD_II,65,18,20546,87,0,78,0,GOLD_II,62,18,19789,68,0,78,0,GOLD_II,42,17,17485,33,0,28,0,GOLD_IV,74,16,16325
119,0,141,0,GOLD_II,0,15,14410,259,0,255,0,GOLD_I,0,15,13496,501,0,477,0,GOLD_I,24,15,14023,212,0,204,0,PLATINUM_IV,24,16,15772,421,0,419,0,GOLD_II,72,12,9570,176,0,156,0,GOLD_I,0,15,13024,217,0,215,0,GOLD_I,0,16,15930,310,0,327,0,PLATINUM_IV,0,13,10777,130,0,130,0,GOLD_II,63,13,10979,241,0,244,0,PLATINUM_IV,0,11,8023
142,0,128,0,GOLD_I,38,16,15001,226,0,206,0,GOLD_III,39,15,14360,103,0,118,0,SILVER_II,1,14,12087,58,0,59,0,PLATINUM_IV,1,14,12714,164,0,155,0,GOLD_III,63,12,8735,176,0,156,0,GOLD_I,0,17,16914,13,0,20,0,BRONZE_II,40,15,13605,112,0,78,0,GOLD_II,57,17,16567,45,0,49,0,GOLD_IV,59,16,15439,35,0,34,0,SILVER_I,67,15,13098
122,0,144,0,GOLD_IV,10,14,12624,183,0,203,0,GOLD_IV,0,14,11855,104,0,104,0,PLATINUM_IV,1,14,12696,56,0,64,0,GOLD_III,7,15,13780,299,0,298,0,PLATINUM_IV,0,14,12472,176,0,156,0,GOLD_I,0,15,14019,13,0,20,0,BRONZE_II,40,14,12314,112,0,78,0,GOLD_II,57,12,9764,55,0,36,0,PLATINUM_IV,4,13,11042,9,0,13,0,SILVER_IV,0,12,9756
336,0,315,0,PLATINUM_IV,0,15,14595,226,0,212,0,GOLD_I,16,14,12187,344,0,352,0,PLATINUM_IV,22,16,15651,207,0,202,0,GOLD_I,65,14,12861,126,0,109,0,GOLD_I,0,12,9193,71,0,51,0,GOLD_I,63,18,18638,220,0,172,0,GOLD_I,54,16,15288,359,0,365,0,GOLD_I,18,16,14926,44,0,32,0,GOLD_I,9,15,13555,362,0,355,0,GOLD_I,14,15,13148
101,0,104,0,PLATINUM_IV,0,15,13758,64,0,62,0,GOLD_II,5,16,15058,121,0,127,0,GOLD_IV,72,16,15438,113,0,123,0,PLATINUM_IV,0,15,14187,285,0,277,0,PLATINUM_IV,11,14,12332,273,0,245,0,GOLD_II,69,17,16894,19,0,31,0,GOLD_II,94,17,17938,359,0,365,0,GOLD_I,18,17,17666,85,0,108,0,GOLD_IV,51,16,14998,256,0,268,0,GOLD_II,44,14,12733
54,0,51,0,GOLD_I,28,13,10967,19,0,18,0,SILVER_I,100,13,11290,51,0,32,0,GOLD_III,5,13,10697,140,0,140,0,GOLD_II,32,11,8322,269,0,245,0,GOLD_III,60,10,7091,137,0,132,0,GOLD_I,46,15,13653,93,0,104,0,GOLD_II,36,13,11085,359,0,365,0,GOLD_I,18,14,12340,104,0,92,0,GOLD_II,95,13,10938,1010,0,1073,0,GOLD_II,70,13,10153
120,0,120,0,GOLD_II,18,14,12879,122,0,120,0,GOLD_III,92,12,9491,101,0,71,0,GOLD_II,0,13,10970,240,0,236,0,GOLD_II,3,13,11352,58,0,50,0,GOLD_III,51,11,7534,206,0,187,0,GOLD_III,36,15,14652,312,0,294,0,PLATINUM_IV,13,15,13374,359,0,365,0,GOLD_I,18,15,13453,176,0,203,0,GOLD_II,31,14,11661,353,0,367,0,PLATINUM_IV,1,13,11247
364,0,369,0,PLATINUM_IV,19,18,21430,85,0,47,0,GOLD_I,64,18,18442,197,0,178,0,GOLD_I,81,17,17323,186,0,168,0,GOLD_I,61,18,20001,38,0,32,0,GOLD_I,24,15,13397,52,0,47,0,GOLD_II,15,18,19058,492,0,454,0,GOLD_I,83,16,16175,359,0,365,0,GOLD_I,18,15,13982,262,0,261,0,PLATINUM_IV,15,14,12241,497,0,503,0,GOLD_I,17,14,12788
56,0,55,0,PLATINUM_III,18,11,7438,7,0,14,0,GOLD_I,8,10,7067,7,0,14,0,GOLD_I,8,9,6000,10,0,4,0,SILVER_IV,68,9,5221,10,0,4,0,SILVER_IV,68,7,3644,141,0,124,0,PLATINUM_IV,1,9,5907,33,0,32,0,PLATINUM_IV,25,9,5271,33,0,32,0,PLATINUM_IV,25,10,7063,23,0,28,0,SILVER_III,83,9,5707,23,0,28,0,SILVER_III,83,7,4044
56,0,55,0,PLATINUM_III,18,11,8541,7,0,14,0,GOLD_I,8,8,4458,56,0,55,0,PLATINUM_III,18,8,4472,56,0,55,0,PLATINUM_III,18,9,5992,10,0,4,0,SILVER_IV,68,8,4849,141,0,124,0,PLATINUM_IV,1,9,5679,33,0,32,0,PLATINUM_IV,25,10,6465,33,0,32,0,PLATINUM_IV,25,10,6164,23,0,28,0,SILVER_III,83,8,4566,23,0,28,0,SILVER_III,83,9,5459
56,0,55,0,PLATINUM_III,18,11,8005,7,0,14,0,GOLD_I,8,9,5833,56,0,55,0,PLATINUM_III,18,6,2636,10,0,4,0,SILVER_IV,68,8,4599,10,0,4,0,SILVER_IV,68,7,3462,128,0,137,0,PLATINUM_IV,36,10,6369,21,0,14,0,GOLD_II,9,10,6498,29,0,15,0,SILVER_I,65,9,5253,29,0,15,0,SILVER_I,65,8,4673,26,0,31,0,GOLD_III,12,8,4514
9,0,11,0,GOLD_I,30,15,14548,7,0,14,0,GOLD_I,8,17,16969,41,0,41,0,PLATINUM_IV,75,15,13884,157,0,139,0,PLATINUM_IV,0,15,13341,282,0,293,0,PLATINUM_IV,0,13,10302,132,0,118,0,PLATINUM_IV,85,15,13955,111,0,101,0,PLATINUM_III,4,16,15374,173,0,196,0,PLATINUM_IV,12,16,15544,199,0,174,0,DIAMOND_III,79,17,17267,49,0,28,0,PLATINUM_IV,0,14,13011
115,0,115,0,PLATINUM_IV,77,15,14094,7,0,14,0,GOLD_I,8,17,16491,41,0,41,0,PLATINUM_IV,75,17,16554,222,0,225,0,PLATINUM_III,2,18,19638,402,0,391,0,GOLD_I,4,14,12785,39,0,38,0,GOLD_II,48,16,15394,88,0,56,0,DIAMOND_III,51,14,12060,117,0,134,0,PLATINUM_IV,50,16,15912,42,0,37,0,PLATINUM_III,0,15,14154,49,0,54,0,PLATINUM_IV,35,14,12061
519,0,527,0,PLATINUM_IV,0,14,12283,93,0,94,0,PLATINUM_II,75,15,13913,27,0,27,0,GOLD_I,11,15,14075,17,0,20,0,SILVER_I,77,13,10855,478,0,460,0,PLATINUM_IV,14,12,9877,91,0,87,0,PLATINUM_IV,14,14,11812,85,0,87,0,PLATINUM_IV,36,11,8410,126,0,130,0,PLATINUM_IV,24,13,10879,161,0,167,0,GOLD_II,40,12,8687,104,0,104,0,GOLD_II,0,11,7980
89,0,97,0,PLATINUM_IV,73,15,13591,146,0,135,0,PLATINUM_III,26,13,11157,27,0,27,0,GOLD_I,11,14,12283,727,0,715,0,PLATINUM_IV,52,13,11069,478,0,460,0,PLATINUM_IV,14,12,9117,471,0,467,0,GOLD_II,75,13,10516,313,0,297,0,GOLD_I,14,10,7272,145,0,141,0,PLATINUM_IV,0,13,10871,230,0,239,0,PLATINUM_IV,14,13,10435,437,0,419,0,GOLD_III,0,11,7486
135,0,140,0,PLATINUM_IV,0,14,11922,91,0,93,0,GOLD_II,47,14,12454,27,0,27,0,GOLD_I,11,16,15024,295,0,292,0,PLATINUM_IV,2,14,12453,478,0,460,0,PLATINUM_IV,14,14,12474,154,0,142,0,GOLD_I,100,14,12949,57,0,39,0,GOLD_I,84,16,15576,60,0,60,0,GOLD_I,100,15,13122,44,0,42,0,GOLD_I,100,13,10733,54,0,71,0,GOLD_II,85,12,9591
80,0,85,0,GOLD_II,42,18,23477,81,0,49,0,PLATINUM_I,0,18,18563,27,0,27,0,GOLD_I,11,17,18270,506,0,498,0,GOLD_III,79,17,17553,201,0,200,0,PLATINUM_IV,29,15,14266,192,0,179,0,PLATINUM_IV,12,18,19493,447,0,449,0,PLATINUM_III,9,18,20392,57,0,52,0,PLATINUM_IV,41,17,17591,145,0,123,0,PLATINUM_III,53,18,19897,66,0,48,0,PLATINUM_IV,1,16,14880
136,0,113,0,PLATINUM_IV,75,10,6698,33,0,38,0,GOLD_III,21,10,7101,27,0,27,0,GOLD_I,11,12,9752,462,0,437,0,DIAMOND_I,9,10,6245,115,0,114,0,PLATINUM_IV,0,8,5010,168,0,161,0,PLATINUM_III,36,11,8005,222,0,215,0,GOLD_II,43,11,8298,166,0,168,0,PLATINUM_IV,0,12,8651,211,0,230,0,GOLD_II,32,12,9178,197,0,160,0,DIAMOND_III,0,11,8060
189,0,171,0,GOLD_I,38,18,23255,342,0,341,0,PLATINUM_IV,4,18,23775,9,0,14,0,GOLD_III,75,18,19941,119,0,116,0,GOLD_I,15,18,21436,108,0,111,0,GOLD_I,76,16,16198,27,0,23,0,GOLD_IV,15,18,28950,36,0,36,0,GOLD_I,86,18,18411,39,0,26,0,GOLD_II,50,18,19382,51,0,46,0,GOLD_I,30,17,17355,56,0,49,0,GOLD_III,72,16,15282
91,0,84,0,GOLD_IV,48,16,14855,60,0,59,0,SILVER_I,40,17,16758,60,0,59,0,SILVER_I,40,16,15362,119,0,116,0,GOLD_I,15,15,14056,59,0,58,0,SILVER_I,69,13,10673,19,0,12,0,SILVER_II,49,16,15012,56,0,40,0,GOLD_II,8,15,14428,220,0,201,0,GOLD_IV,75,16,16162,158,0,126,0,PLATINUM_III,25,17,16484,380,0,372,0,PLATINUM_III,29,15,14599
300,0,276,0,GOLD_I,83,17,17835,212,0,207,0,GOLD_II,55,18,19129,202,0,193,0,GOLD_I,48,16,15408,119,0,116,0,GOLD_I,15,15,14271,59,0,51,0,GOLD_I,81,17,17037,32,0,40,0,GOLD_II,75,18,19974,559,0,560,0,PLATINUM_IV,10,17,17312,234,0,249,0,GOLD_II,46,18,19681,96,0,111,0,GOLD_IV,84,17,18111,277,0,250,0,GOLD_I,100,16,15682
164,0,165,0,GOLD_II,1,16,15751,48,0,69,0,GOLD_II,55,16,15046,922,0,931,0,GOLD_II,81,16,15267,119,0,116,0,GOLD_I,15,16,16002,251,0,217,0,PLATINUM_IV,29,15,13259,179,0,194,0,GOLD_III,48,14,11899,339,0,329,0,GOLD_I,0,15,13307,310,0,295,0,GOLD_II,61,15,13716,179,0,184,0,GOLD_II,68,13,10253,204,0,191,0,GOLD_II,28,12,9698
507,0,495,0,GOLD_II,31,16,15390,133,0,136,0,PLATINUM_IV,0,16,14954,252,0,257,0,GOLD_I,34,15,14612,119,0,116,0,GOLD_I,15,16,15292,158,0,146,0,GOLD_II,77,13,10962,161,0,185,0,PLATINUM_IV,0,18,19673,335,0,326,0,PLATINUM_IV,5,17,18079,81,0,81,0,GOLD_I,74,17,17822,122,0,123,0,PLATINUM_IV,0,16,15296,287,0,286,0,GOLD_I,43,15,13773
214,0,196,0,PLATINUM_IV,43,15,14633,22,0,21,0,GOLD_I,59,13,11190,155,0,154,0,PLATINUM_IV,1,14,12695,277,0,261,0,GOLD_III,0,13,10302,371,0,357,0,DIAMOND_IV,37,13,10948,50,0,56,0,GOLD_I,16,13,10061,507,0,512,0,PLATINUM_IV,0,11,8249,496,0,479,0,PLATINUM_IV,0,13,10703,56,0,45,0,PLATINUM_III,55,11,8155,37,0,32,0,GOLD_IV,84,11,7803
425,0,398,0,PLATINUM_III,56,16,14956,483,0,476,0,PLATINUM_IV,15,17,16646,79,0,89,0,PLATINUM_IV,45,16,15974,168,0,163,0,PLATINUM_IV,49,16,16107,80,0,75,0,GOLD_I,18,16,15912,50,0,56,0,GOLD_I,16,17,16550,124,0,115,0,GOLD_I,14,16,16004,178,0,174,0,PLATINUM_IV,0,17,17064,58,0,67,0,PLATINUM_IV,29,16,15754,298,0,286,0,PLATINUM_IV,13,14,11985
45,0,73,0,PLATINUM_IV,14,16,15962,483,0,476,0,PLATINUM_IV,15,16,15833,26,0,25,0,GOLD_I,21,16,15856,86,0,103,0,PLATINUM_III,0,16,15408,241,0,223,0,PLATINUM_III,18,13,10137,50,0,56,0,GOLD_I,16,15,13248,10,0,9,0,GOLD_II,13,13,10000,103,0,98,0,PLATINUM_IV,0,15,13914,217,0,205,0,PLATINUM_IV,13,13,9960,328,0,331,0,PLATINUM_IV,36,13,9984
119,0,103,0,GOLD_IV,78,18,23929,119,0,103,0,GOLD_IV,78,18,21380,18,0,15,0,GOLD_II,21,18,18562,57,0,52,0,SILVER_II,79,18,20645,63,0,66,0,GOLD_I,16,17,17122,50,0,56,0,GOLD_I,16,18,19806,30,0,30,0,PLATINUM_IV,40,15,14319,30,0,30,0,PLATINUM_IV,40,17,18351,20,0,29,0,GOLD_III,67,17,18059,8,0,16,0,SILVER_III,45,16,15927
70,0,69,0,SILVER_I,72,1,0,174,0,176,0,GOLD_II,73,3,833,160,0,177,0,SILVER_II,80,3,965,158,0,141,0,PLATINUM_IV,33,2,569,125,0,113,0,PLATINUM_III,63,2,509,50,0,56,0,GOLD_I,16,3,1025,30,0,30,0,PLATINUM_IV,40,3,1086,30,0,30,0,PLATINUM_IV,40,3,985,20,0,29,0,GOLD_III,67,2,640,8,0,16,0,SILVER_III,45,2,640
9,0,12,0,GOLD_II,34,13,10072,34,0,28,0,PLATINUM_IV,23,12,8683,56,0,55,0,PLATINUM_IV,3,11,8409,78,0,78,0,PLATINUM_II,0,11,7591,14,0,10,0,GOLD_I,31,9,5729,6,0,4,0,GOLD_III,57,12,9597,48,0,24,0,GOLD_II,70,14,12246,69,0,60,0,PLATINUM_II,37,12,9119,63,0,55,0,PLATINUM_IV,17,11,8273,79,0,49,0,MASTER_I,359,11,7368
21,0,26,0,GOLD_II,75,16,14899,23,0,25,0,GOLD_I,35,15,13587,73,0,63,0,GOLD_I,74,15,14052,131,0,126,0,PLATINUM_I,32,15,13870,102,0,94,0,GOLD_III,14,14,12187,78,0,89,0,PLATINUM_IV,59,17,17536,318,0,277,0,PLATINUM_II,0,15,14662,413,0,407,0,PLATINUM_IV,60,17,17946,275,0,266,0,PLATINUM_III,69,16,16361,138,0,131,0,PLATINUM_III,56,15,14550
198,0,185,0,PLATINUM_IV,55,15,13702,393,0,393,0,PLATINUM_III,62,14,12205,73,0,63,0,GOLD_I,74,15,13905,108,0,108,0,PLATINUM_III,27,14,12142,255,0,239,0,PLATINUM_IV,96,12,9256,867,0,883,0,PLATINUM_IV,0,13,10225,229,0,250,0,PLATINUM_IV,71,12,9226,911,0,863,0,PLATINUM_I,13,14,11947,824,0,791,0,PLATINUM_II,89,13,10761,452,0,424,0,PLATINUM_IV,47,11,7623
432,0,425,0,PLATINUM_IV,66,17,16838,155,0,117,0,PLATINUM_III,54,15,13141,73,0,63,0,GOLD_I,74,16,15873,393,0,376,0,PLATINUM_IV,0,14,12817,73,0,62,0,PLATINUM_III,9,13,9990,222,0,227,0,PLATINUM_IV,0,14,12204,235,0,248,0,PLATINUM_IV,2,14,12929,309,0,296,0,PLATINUM_IV,0,12,9926,146,0,135,0,PLATINUM_IV,0,13,10536,67,0,77,0,PLATINUM_IV,42,12,9803
486,0,449,0,PLATINUM_IV,0,13,10424,202,0,202,0,PLATINUM_IV,0,13,10530,73,0,63,0,GOLD_I,74,14,11829,278,0,267,0,PLATINUM_III,0,14,11885,293,0,293,0,PLATINUM_IV,62,12,8887,290,0,286,0,PLATINUM_III,30,16,15551,113,0,96,0,PLATINUM_II,48,15,13829,162,0,153,0,PLATINUM_III,19,14,11763,42,0,31,0,GOLD_I,100,14,12521,30,0,24,0,GOLD_III,72,14,11677
195,0,178,0,PLATINUM_IV,74,13,10989,58,0,56,0,PLATINUM_IV,0,15,13527,73,0,63,0,GOLD_I,74,16,15203,114,0,104,0,PLATINUM_IV,12,15,13253,33,0,24,0,GOLD_I,75,11,8194,26,0,21,0,GOLD_II,0,13,11128,234,0,232,0,PLATINUM_IV,36,14,11968,23,0,13,0,PLATINUM_IV,5,13,10864,55,0,57,0,PLATINUM_III,8,11,7643,113,0,118,0,GOLD_I,85,10,7219
49,0,51,0,GOLD_I,0,16,15857,458,0,461,0,PLATINUM_IV,28,13,10699,85,0,72,0,PLATINUM_III,31,15,14558,40,0,59,0,SILVER_I,41,14,11600,224,0,214,0,GOLD_II,34,12,9514,9,0,11,0,BRONZE_I,84,13,10477,112,0,106,0,PLATINUM_IV,75,12,8763,119,0,107,0,PLATINUM_IV,43,13,11173,116,0,104,0,SILVER_I,25,13,11226,97,0,87,0,PLATINUM_IV,0,12,8654
76,0,69,0,PLATINUM_III,70,16,16469,508,0,471,0,DIAMOND_IV,1,16,14845,119,0,102,0,PLATINUM_IV,42,15,14446,177,0,176,0,PLATINUM_IV,46,13,11195,197,0,179,0,PLATINUM_IV,13,14,12650,78,0,48,0,GOLD_I,100,14,11687,170,0,165,0,PLATINUM_IV,2,13,11173,234,0,248,0,GOLD_I,6,14,11738,412,0,401,0,PLATINUM_II,22,13,11124,138,0,152,0,PLATINUM_IV,16,12,8938
123,0,119,0,PLATINUM_IV,0,13,11221,111,0,110,0,PLATINUM_IV,31,12,9704,92,0,93,0,PLATINUM_IV,27,12,9307,24,0,11,0,GOLD_III,75,12,9193,108,0,91,0,GOLD_III,50,11,7383,78,0,48,0,GOLD_I,100,13,10978,140,0,154,0,PLATINUM_IV,15,13,11258,63,0,65,0,GOLD_II,70,13,10862,159,0,133,0,PLATINUM_III,18,13,10574,157,0,162,0,PLATINUM_III,75,11,8068
187,0,142,0,PLATINUM_IV,46,16,16185,492,0,489,0,PLATINUM_IV,0,16,15044,446,0,445,0,PLATINUM_III,42,16,15671,90,0,98,0,PLATINUM_IV,14,15,14149,86,0,78,0,PLATINUM_IV,1,15,13436,78,0,48,0,GOLD_I,100,15,13777,395,0,414,0,PLATINUM_IV,12,15,13771,206,0,207,0,PLATINUM_III,56,14,11907,263,0,273,0,PLATINUM_IV,69,14,11675,142,0,113,0,PLATINUM_IV,0,11,8509
65,0,64,0,GOLD_I,19,15,13424,254,0,242,0,PLATINUM_III,60,13,11232,183,0,177,0,PLATINUM_III,52,15,13392,44,0,46,0,GOLD_I,57,13,9973,361,0,372,0,PLATINUM_IV,31,12,9189,78,0,48,0,GOLD_I,100,15,14477,202,0,201,0,PLATINUM_IV,49,14,12005,43,0,56,0,PLATINUM_IV,30,14,12771,91,0,67,0,PLATINUM_III,91,15,13923,106,0,89,0,PLATINUM_III,73,15,13498
110,0,109,0,GOLD_IV,64,17,18215,281,0,298,0,GOLD_I,74,17,18133,83,0,81,0,GOLD_II,57,16,16166,31,0,17,0,GOLD_I,50,16,15565,17,0,10,0,GOLD_II,55,16,15789,20,0,27,0,GOLD_III,81,16,15123,68,0,51,0,GOLD_I,10,15,14054,32,0,40,0,GOLD_I,4,15,13777,37,0,40,0,PLATINUM_IV,25,17,16963,60,0,69,0,GOLD_II,75,13,11201
199,0,198,0,PLATINUM_III,0,18,19838,110,0,109,0,GOLD_IV,64,18,19600,133,0,110,0,PLATINUM_IV,56,17,18023,31,0,17,0,GOLD_I,50,18,18660,118,0,115,0,GOLD_II,83,16,15197,106,0,96,0,PLATINUM_IV,61,17,17151,262,0,236,0,PLATINUM_IV,6,16,15775,210,0,216,0,GOLD_I,70,18,23041,509,0,475,0,PLATINUM_IV,22,15,14693,92,0,94,0,PLATINUM_IV,12,15,13745
246,0,221,0,PLATINUM_IV,1,15,13321,110,0,109,0,GOLD_IV,64,14,11488,34,0,28,0,GOLD_II,42,15,13869,31,0,17,0,GOLD_I,50,12,9003,53,0,38,0,PLATINUM_IV,1,12,9354,70,0,70,0,GOLD_II,40,12,9440,63,0,74,0,PLATINUM_IV,45,10,6510,65,0,43,0,PLATINUM_III,22,12,9671,142,0,116,0,GOLD_I,15,10,7135,80,0,85,0,GOLD_II,1,11,8423
16,0,10,0,GOLD_I,61,9,5672,16,0,10,0,GOLD_I,61,8,4200,34,0,34,0,SILVER_III,33,8,4262,31,0,17,0,GOLD_I,50,10,6302,110,0,109,0,GOLD_IV,64,8,4607,96,0,88,0,SILVER_I,14,8,4080,188,0,202,0,SILVER_IV,39,8,4802,16,0,16,0,SILVER_IV,64,10,6559,41,0,52,0,BRONZE_II,68,11,7373,16,0,10,0,GOLD_I,61,11,7952
110,0,109,0,GOLD_IV,64,14,12129,110,0,109,0,GOLD_IV,64,12,9130,110,0,109,0,GOLD_IV,64,11,8108,31,0,17,0,GOLD_I,50,14,12441,34,0,34,0,SILVER_III,33,12,8950,147,0,146,0,PLATINUM_II,13,15,14286,147,0,146,0,PLATINUM_II,13,14,11777,49,0,48,0,GOLD_IV,2,13,9983,49,0,48,0,GOLD_IV,2,14,11771,7,0,8,0,BRONZE_III,37,12,9567
34,0,34,0,SILVER_III,33,13,10868,22,0,11,0,PLATINUM_IV,43,12,9755,93,0,98,0,PLATINUM_II,23,14,12427,302,0,305,0,PLATINUM_I,75,11,8133,281,0,252,0,PLATINUM_II,75,10,6703,46,0,41,0,PLATINUM_II,62,14,12025,223,0,204,0,PLATINUM_III,1,15,13908,167,0,169,0,DIAMOND_IV,31,14,12753,56,0,32,0,GOLD_I,41,13,11244,45,0,26,0,PLATINUM_I,92,13,10330
113,0,129,0,PLATINUM_IV,65,13,11379,146,0,131,0,DIAMOND_IV,41,11,8533,67,0,76,0,PLATINUM_IV,69,11,7707,41,0,42,0,DIAMOND_III,0,12,9084,198,0,188,0,DIAMOND_II,84,10,6446,271,0,247,0,PLATINUM_I,64,15,13175,336,0,353,0,PLATINUM_II,26,14,12555,90,0,85,0,PLATINUM_I,75,13,11311,56,0,32,0,GOLD_I,41,12,9602,45,0,26,0,PLATINUM_I,92,11,7890
16,0,23,0,GOLD_I,38,16,15303,18,0,7,0,SILVER_I,82,16,14931,87,0,96,0,PLATINUM_IV,0,14,12023,91,0,74,0,PLATINUM_III,13,13,10257,19,0,25,0,GOLD_I,71,13,10142,135,0,133,0,PLATINUM_I,75,13,10369,43,0,51,0,PLATINUM_IV,0,13,11139,54,0,38,0,PLATINUM_III,0,12,9164,56,0,32,0,GOLD_I,41,14,11749,23,0,25,0,PLATINUM_IV,0,12,8637
199,0,217,0,SILVER_II,9,18,19555,72,0,52,0,DIAMOND_IV,19,18,20434,21,0,16,0,GOLD_II,74,18,21010,190,0,197,0,GOLD_I,40,17,17007,86,0,83,0,PLATINUM_IV,30,16,15658,17,0,27,0,GOLD_II,33,17,17451,182,0,183,0,PLATINUM_IV,18,18,18947,36,0,12,0,PLATINUM_I,18,16,15770,56,0,32,0,GOLD_I,41,18,22335,93,0,97,0,PLATINUM_IV,46,18,19564
35,0,43,0,GOLD_II,43,10,6874,253,0,261,0,PLATINUM_IV,15,8,4701,87,0,96,0,PLATINUM_IV,0,10,6976,79,0,49,0,PLATINUM_I,98,8,4383,79,0,49,0,PLATINUM_I,98,8,4249,30,0,27,0,GOLD_II,21,10,6835,8,0,7,0,GOLD_III,90,12,9054,64,0,72,0,GOLD_I,21,10,6264,56,0,32,0,GOLD_I,41,11,8030,67,0,86,0,GOLD_III,23,8,4796
26,0,20,0,GOLD_I,16,14,12197,36,0,28,0,PLATINUM_IV,50,13,10332,36,0,28,0,PLATINUM_IV,50,14,12161,21,0,11,0,PLATINUM_IV,1,12,9781,29,0,22,0,PLATINUM_IV,4,12,8597,40,0,57,0,PLATINUM_IV,83,11,8257,16,0,17,0,GOLD_I,17,11,7731,32,0,24,0,PLATINUM_IV,1,13,10373,59,0,67,0,GOLD_IV,59,12,9210,16,0,21,0,GOLD_I,64,9,5945
68,0,58,0,PLATINUM_IV,69,14,11706,173,0,169,0,PLATINUM_IV,12,13,10582,34,0,32,0,PLATINUM_IV,49,15,13091,177,0,160,0,PLATINUM_III,11,13,10469,132,0,133,0,PLATINUM_III,6,11,8340,41,0,22,0,PLATINUM_I,75,16,15302,16,0,17,0,GOLD_I,17,15,14122,305,0,268,0,PLATINUM_II,2,14,12890,47,0,40,0,PLATINUM_III,4,14,12181,223,0,212,0,PLATINUM_III,37,14,11467
18,0,12,0,GOLD_IV,24,17,17527,74,0,55,0,PLATINUM_IV,0,16,16017,31,0,17,0,GOLD_I,79,15,14467,69,0,66,0,PLATINUM_II,45,16,15180,487,0,459,0,PLATINUM_II,0,14,12347,58,0,68,0,PLATINUM_I,47,14,12224,16,0,17,0,GOLD_I,17,15,13773,16,0,13,0,GOLD_I,100,14,12726,21,0,13,0,GOLD_IV,57,13,10222,29,0,34,0,PLATINUM_IV,20,12,9937
17,0,22,0,GOLD_IV,56,10,6674,41,0,34,0,GOLD_II,64,10,6125,10,0,19,0,GOLD_III,40,10,6251,60,0,68,0,GOLD_II,50,9,5238,20,0,23,0,GOLD_II,60,8,4690,30,0,29,0,GOLD_III,79,12,9000,16,0,17,0,GOLD_I,17,10,6645,22,0,6,0,GOLD_II,62,12,9368,51,0,46,0,PLATINUM_IV,48,9,5563,62,0,71,0,GOLD_IV,20,8,4616
31,0,25,0,PLATINUM_III,8,9,5404,42,0,40,0,PLATINUM_IV,54,7,3654,15,0,8,0,GOLD_II,65,9,5943,78,0,58,0,PLATINUM_IV,1,7,3238,63,0,50,0,PLATINUM_II,56,6,2626,59,0,44,0,PLATINUM_II,95,7,3272,16,0,17,0,GOLD_I,17,6,2473,44,0,36,0,GOLD_I,13,7,3312,22,0,27,0,GOLD_III,75,7,3286,27,0,46,0,GOLD_II,82,7,3202
37,0,9,0,GOLD_I,12,8,4782,465,0,434,0,PLATINUM_II,2,7,3969,82,0,94,0,PLATINUM_II,42,8,5028,37,0,31,0,PLATINUM_III,0,7,3305,295,0,277,0,PLATINUM_II,57,6,3066,360,0,339,0,PLATINUM_II,50,8,4695,123,0,132,0,PLATINUM_II,55,7,3357,152,0,165,0,PLATINUM_II,44,9,5477,20,0,19,0,PLATINUM_IV,0,4,1615,148,0,143,0,PLATINUM_III,56,6,2900
37,0,9,0,GOLD_I,12,14,11871,465,0,434,0,PLATINUM_II,2,12,8661,210,0,209,0,PLATINUM_IV,46,12,9398,266,0,257,0,PLATINUM_II,0,12,9318,134,0,103,0,PLATINUM_III,36,10,7050,109,0,91,0,PLATINUM_II,78,12,9899,38,0,29,0,PLATINUM_IV,75,11,7603,226,0,198,0,PLATINUM_IV,0,13,10297,408,0,384,0,PLATINUM_II,0,10,6882,576,0,545,0,PLATINUM_III,16,10,6611
37,0,9,0,GOLD_I,12,18,19951,465,0,434,0,PLATINUM_II,2,16,15900,76,0,74,0,GOLD_II,93,16,16301,15,0,20,0,PLATINUM_I,16,16,16399,154,0,142,0,PLATINUM_III,75,14,12838,168,0,157,0,PLATINUM_IV,69,16,16122,203,0,194,0,PLATINUM_II,0,16,16304,150,0,129,0,PLATINUM_III,0,17,17104,408,0,384,0,PLATINUM_II,0,18,19759,42,0,31,0,GOLD_I,86,16,15038
77,0,76,0,PLATINUM_III,79,18,21148,36,0,27,0,GOLD_I,100,17,17691,7,0,4,0,GOLD_I,55,18,20619,61,0,45,0,PLATINUM_III,55,17,18227,45,0,57,0,PLATINUM_II,80,16,15613,58,0,46,0,DIAMOND_IV,62,18,19460,58,0,43,0,PLATINUM_III,77,18,24359,40,0,43,0,PLATINUM_IV,13,18,18794,25,0,15,0,GOLD_I,95,18,20311,35,0,21,0,PLATINUM_II,17,16,15490
34,0,25,0,PLATINUM_IV,98,14,12750,109,0,83,0,PLATINUM_II,9,16,15245,13,0,16,0,GOLD_I,100,16,16076,73,0,55,0,DIAMOND_IV,6,17,18045,36,0,21,0,PLATINUM_IV,1,15,13355,58,0,46,0,DIAMOND_IV,62,18,20264,9,0,7,0,PLATINUM_III,81,17,16782,12,0,18,0,GOLD_II,27,17,17249,25,0,15,0,GOLD_I,95,18,18625,53,0,50,0,PLATINUM_II,16,14,12946
184,0,164,0,PLATINUM_I,46,18,18990,31,0,22,0,GOLD_I,53,14,12518,42,0,32,0,GOLD_I,80,18,18473,44,0,18,0,PLATINUM_IV,74,15,14168,44,0,18,0,PLATINUM_IV,74,16,14923,25,0,15,0,GOLD_I,95,14,11593,58,0,46,0,DIAMOND_IV,62,17,18103,20,0,19,0,PLATINUM_IV,47,13,11167,25,0,15,0,GOLD_I,95,16,15122,9,0,7,0,GOLD_I,0,13,11061
10,0,7,0,GOLD_I,16,18,18374,30,0,19,0,GOLD_II,72,15,13311,12,0,12,0,GOLD_I,20,18,20734,33,0,25,0,GOLD_I,46,18,18495,202,0,207,0,PLATINUM_IV,2,14,11803,6,0,6,0,GOLD_I,35,15,14580,30,0,26,0,GOLD_II,7,15,13216,7,0,11,0,GOLD_III,6,15,13617,25,0,15,0,GOLD_I,95,16,14731,10,0,7,0,SILVER_I,39,15,13710
23,0,36,0,GOLD_II,0,17,17825,7,0,7,0,GOLD_III,73,16,15269,11,0,11,0,GOLD_I,64,17,17245,32,0,18,0,PLATINUM_IV,0,18,19027,32,0,18,0,PLATINUM_IV,0,17,17040,56,0,43,0,PLATINUM_IV,34,17,17400,25,0,17,0,GOLD_I,1,18,19125,25,0,17,0,GOLD_I,1,18,20321,25,0,15,0,GOLD_I,95,16,16285,10,0,7,0,SILVER_I,39,16,14976
32,0,18,0,PLATINUM_IV,0,12,9257,49,0,62,0,PLATINUM_III,92,12,8977,5,0,5,0,GOLD_IV,25,12,8590,39,0,29,0,GOLD_I,86,11,7468,10,0,11,0,GOLD_III,30,9,5890,47,0,36,0,PLATINUM_I,100,14,11704,33,0,18,0,PLATINUM_II,71,14,11653,364,0,350,0,PLATINUM_IV,62,14,12058,18,0,11,0,GOLD_I,27,13,10193,35,0,23,0,GOLD_I,39,11,7940
754,0,745,0,PLATINUM_I,31,16,15732,40,0,38,0,PLATINUM_IV,6,15,13425,53,0,30,0,PLATINUM_I,18,16,16298,135,0,123,0,PLATINUM_II,40,16,16413,232,0,224,0,DIAMOND_IV,0,13,11362,84,0,98,0,PLATINUM_II,8,14,12013,185,0,207,0,PLATINUM_IV,50,15,14093,143,0,131,0,PLATINUM_III,75,15,13133,18,0,11,0,GOLD_I,27,13,11414,419,0,387,0,PLATINUM_III,45,13,10737
37,0,41,0,GOLD_I,100,13,10479,18,0,12,0,GOLD_IV,0,11,7548,34,0,32,0,GOLD_I,35,11,7718,32,0,26,0,GOLD_I,89,11,7848,382,0,326,0,DIAMOND_IV,0,10,6384,146,0,131,0,DIAMOND_III,11,14,11637,59,0,44,0,PLATINUM_I,12,13,10835,63,0,43,0,DIAMOND_IV,21,14,11742,18,0,11,0,GOLD_I,27,14,12459,55,0,47,0,PLATINUM_II,15,10,6922
37,0,41,0,GOLD_I,100,15,13814,61,0,46,0,PLATINUM_II,19,14,12265,59,0,44,0,PLATINUM_I,12,14,12657,63,0,43,0,DIAMOND_IV,21,16,15738,658,0,660,0,PLATINUM_II,15,11,8444,33,0,26,0,PLATINUM_I,0,16,15699,18,0,12,0,GOLD_IV,0,13,11009,118,0,127,0,PLATINUM_IV,45,14,12600,18,0,11,0,GOLD_I,27,14,11653,382,0,326,0,DIAMOND_IV,0,13,10997
189,0,171,0,GOLD_I,38,18,23255,342,0,341,0,PLATINUM_IV,4,18,23775,9,0,14,0,GOLD_III,75,18,19941,119,0,116,0,GOLD_I,15,18,21436,108,0,111,0,GOLD_I,76,16,16198,27,0,23,0,GOLD_IV,15,18,28950,36,0,36,0,GOLD_I,86,18,18411,39,0,26,0,GOLD_II,50,18,19382,51,0,46,0,GOLD_I,30,17,17355,56,0,49,0,GOLD_III,72,16,15282
91,0,84,0,GOLD_IV,48,16,14855,60,0,59,0,SILVER_I,40,17,16758,60,0,59,0,SILVER_I,40,16,15362,119,0,116,0,GOLD_I,15,15,14056,59,0,58,0,SILVER_I,69,13,10673,19,0,12,0,SILVER_II,49,16,15012,56,0,40,0,GOLD_II,8,15,14428,220,0,201,0,GOLD_IV,75,16,16162,158,0,126,0,PLATINUM_III,25,17,16484,380,0,372,0,PLATINUM_III,29,15,14599
300,0,276,0,GOLD_I,83,17,17835,213,0,207,0,GOLD_II,68,18,19129,202,0,193,0,GOLD_I,48,16,15408,119,0,116,0,GOLD_I,15,15,14271,59,0,52,0,GOLD_I,66,17,17037,32,0,40,0,GOLD_II,75,18,19974,559,0,560,0,PLATINUM_IV,10,17,17312,234,0,249,0,GOLD_II,46,18,19681,96,0,111,0,GOLD_IV,84,17,18111,277,0,250,0,GOLD_I,100,16,15682
164,0,165,0,GOLD_II,1,16,15751,48,0,69,0,GOLD_II,55,16,15046,922,0,932,0,GOLD_II,66,16,15267,119,0,116,0,GOLD_I,15,16,16002,251,0,217,0,PLATINUM_IV,29,15,13259,179,0,194,0,GOLD_III,48,14,11899,339,0,329,0,GOLD_I,0,15,13307,310,0,295,0,GOLD_II,61,15,13716,179,0,184,0,GOLD_II,68,13,10253,204,0,191,0,GOLD_II,28,12,9698
507,0,495,0,GOLD_II,31,16,15390,133,0,136,0,PLATINUM_IV,0,16,14954,252,0,257,0,GOLD_I,34,15,14612,119,0,116,0,GOLD_I,15,16,15292,158,0,146,0,GOLD_II,77,13,10962,161,0,185,0,PLATINUM_IV,0,18,19673,335,0,326,0,PLATINUM_IV,5,17,18079,81,0,81,0,GOLD_I,74,17,17822,122,0,123,0,PLATINUM_IV,0,16,15296,287,0,286,0,GOLD_I,43,15,13773
72,0,74,0,GOLD_II,65,14,11718,9,0,14,0,GOLD_I,0,14,11562,17,0,21,0,GOLD_I,62,13,11394,38,0,23,0,GOLD_I,9,13,11272,28,0,22,0,GOLD_III,33,13,9982,104,0,86,0,PLATINUM_IV,53,15,14626,35,0,26,0,PLATINUM_IV,0,16,14954,10,0,10,0,GOLD_IV,8,15,14467,87,0,78,0,PLATINUM_I,44,15,13439,266,0,244,0,PLATINUM_IV,65,13,10074
154,0,111,0,PLATINUM_IV,92,17,18299,581,0,524,0,PLATINUM_II,1,17,16644,82,0,74,0,GOLD_I,5,17,17300,38,0,23,0,GOLD_I,9,16,16449,28,0,22,0,GOLD_III,33,15,13680,16,0,25,0,GOLD_II,73,16,15341,94,0,86,0,PLATINUM_IV,42,15,14000,120,0,97,0,PLATINUM_IV,47,16,15470,221,0,215,0,PLATINUM_IV,0,15,14117,100,0,100,0,GOLD_I,31,14,12825
146,0,156,0,PLATINUM_IV,0,15,13112,582,0,547,0,PLATINUM_II,75,15,14521,95,0,83,0,PLATINUM_IV,0,16,15132,38,0,23,0,GOLD_I,9,15,13796,28,0,22,0,GOLD_III,33,13,10765,195,0,200,0,PLATINUM_IV,1,15,14477,46,0,108,0,SILVER_IV,83,12,9553,205,0,209,0,PLATINUM_III,48,14,12316,69,0,69,0,GOLD_II,0,13,10260,151,0,129,0,PLATINUM_IV,43,11,8431
63,0,63,0,GOLD_I,0,18,24335,33,0,31,0,GOLD_I,39,18,21488,16,0,24,0,GOLD_II,56,18,25854,38,0,23,0,GOLD_I,9,18,25205,28,0,22,0,GOLD_III,33,18,18880,104,0,98,0,GOLD_I,100,18,25798,157,0,167,0,GOLD_IV,53,18,19577,32,0,27,0,GOLD_I,30,17,18331,24,0,25,0,GOLD_II,0,17,17621,31,0,19,0,PLATINUM_III,6,16,15361
51,0,55,0,GOLD_III,66,14,12968,62,0,54,0,GOLD_I,69,15,14044,34,0,51,0,GOLD_II,50,15,13267,38,0,23,0,GOLD_I,9,14,12689,28,0,22,0,GOLD_III,33,13,10017,312,0,274,0,PLATINUM_II,5,14,12049,596,0,564,0,DIAMOND_IV,0,13,10617,83,0,76,0,PLATINUM_III,34,14,12910,112,0,95,0,GOLD_I,19,14,12016,153,0,139,0,PLATINUM_IV,0,10,6312
53,0,54,0,GOLD_I,0,17,17759,105,0,90,0,GOLD_III,80,18,18982,242,0,223,0,GOLD_I,26,17,16988,281,0,283,0,GOLD_I,56,16,15455,24,0,24,0,GOLD_I,71,16,14886,113,0,104,0,GOLD_II,89,16,16426,40,0,32,0,GOLD_I,40,16,15110,193,0,190,0,PLATINUM_IV,13,16,15844,36,0,35,0,GOLD_III,44,16,15321,31,0,39,0,GOLD_II,23,14,12197
121,0,138,0,GOLD_I,52,11,7503,313,0,297,0,GOLD_I,14,9,5142,242,0,223,0,GOLD_I,26,10,6821,1072,0,1086,0,PLATINUM_IV,6,10,6310,334,0,371,0,GOLD_I,56,9,5834,67,0,50,0,GOLD_I,19,9,5740,27,0,34,0,GOLD_II,75,8,4391,42,0,61,0,GOLD_II,38,10,7155,263,0,288,0,PLATINUM_IV,0,8,4352,193,0,195,0,GOLD_II,75,7,3562
498,0,476,0,GOLD_III,52,17,18213,214,0,200,0,PLATINUM_IV,53,17,17760,242,0,223,0,GOLD_I,26,16,16040,123,0,124,0,GOLD_IV,73,17,16969,137,0,144,0,PLATINUM_IV,15,15,14221,33,0,35,0,GOLD_II,18,15,14100,267,0,275,0,GOLD_II,41,14,11881,326,0,323,0,GOLD_I,5,18,19243,108,0,89,0,GOLD_II,20,15,13923,98,0,76,0,GOLD_I,0,12,9671
74,0,80,0,GOLD_III,77,16,15672,74,0,71,0,GOLD_III,20,15,13907,242,0,223,0,GOLD_I,26,14,11597,138,0,121,0,GOLD_II,90,14,11793,96,0,76,0,GOLD_I,0,12,8726,142,0,133,0,GOLD_III,75,15,13332,46,0,60,0,GOLD_II,0,12,9305,126,0,105,0,GOLD_III,48,13,10753,154,0,137,0,GOLD_II,82,13,10229,245,0,267,0,GOLD_II,27,12,8973
132,0,132,0,GOLD_I,33,16,14717,90,0,88,0,GOLD_III,69,15,13512,242,0,223,0,GOLD_I,26,12,9366,106,0,103,0,GOLD_II,33,14,12654,146,0,152,0,GOLD_II,0,13,10733,68,0,58,0,GOLD_IV,1,14,12041,42,0,36,0,GOLD_IV,42,15,14597,296,0,282,0,GOLD_II,33,14,12964,23,0,22,0,GOLD_II,52,14,12286,66,0,57,0,GOLD_III,38,11,8448
45,0,37,0,GOLD_III,30,16,15102,112,0,98,0,PLATINUM_IV,0,16,16050,39,0,24,0,GOLD_I,36,17,17295,157,0,154,0,GOLD_II,75,17,17174,270,0,279,0,GOLD_I,33,15,14554,171,0,175,0,PLATINUM_IV,3,17,16527,230,0,237,0,PLATINUM_IV,0,14,12838,98,0,85,0,GOLD_II,20,16,15871,236,0,227,0,PLATINUM_IV,13,14,12399,166,0,193,0,GOLD_III,75,13,11101
45,0,37,0,GOLD_III,30,18,22865,69,0,58,0,GOLD_III,56,17,18345,39,0,24,0,GOLD_I,36,17,17267,242,0,207,0,GOLD_II,57,17,17431,302,0,279,0,GOLD_I,27,15,14408,112,0,109,0,GOLD_III,15,18,19884,117,0,127,0,GOLD_I,30,15,13934,140,0,154,0,PLATINUM_IV,0,16,15880,68,0,60,0,GOLD_II,32,16,16221,46,0,44,0,GOLD_II,0,15,13675
45,0,37,0,GOLD_III,30,13,10486,222,0,172,0,PLATINUM_IV,0,16,15022,39,0,24,0,GOLD_I,36,13,10562,29,0,33,0,GOLD_IV,32,14,12679,36,0,36,0,GOLD_II,0,12,8648,335,0,308,0,GOLD_I,6,16,16147,137,0,95,0,GOLD_II,29,14,12804,128,0,143,0,GOLD_II,12,15,13739,204,0,205,0,PLATINUM_IV,54,15,13904,107,0,106,0,GOLD_II,29,14,11556
112,0,125,0,PLATINUM_IV,28,17,17152,148,0,128,0,PLATINUM_IV,27,14,12767,39,0,24,0,GOLD_I,36,14,12042,368,0,339,0,GOLD_II,30,15,13116,45,0,37,0,GOLD_III,30,12,9839,72,0,65,0,PLATINUM_IV,1,17,16776,99,0,80,0,GOLD_II,95,14,12291,72,0,55,0,GOLD_I,100,16,16140,48,0,44,0,GOLD_II,59,14,12249,48,0,44,0,GOLD_III,80,15,13205
359,0,347,0,GOLD_I,29,14,12549,66,0,32,0,PLATINUM_IV,13,16,15501,39,0,24,0,GOLD_I,36,13,11273,45,0,27,0,GOLD_III,66,18,20099,45,0,37,0,GOLD_III,30,13,10038,39,0,50,0,GOLD_I,15,14,11786,96,0,110,0,GOLD_IV,0,14,11970,55,0,58,0,PLATINUM_IV,26,14,11908,444,0,471,0,PLATINUM_IV,75,15,13417,120,0,133,0,PLATINUM_IV,1,13,10571
43,0,41,0,GOLD_I,46,17,17301,201,0,179,0,GOLD_III,61,13,10745,117,0,123,0,GOLD_IV,0,15,13680,520,0,484,0,GOLD_II,41,14,11520,220,0,225,0,GOLD_III,60,13,10092,84,0,101,0,GOLD_IV,61,16,16158,60,0,73,0,GOLD_II,79,16,15230,792,0,815,0,GOLD_III,50,16,16242,99,0,96,0,GOLD_IV,65,15,14440,583,0,569,0,PLATINUM_IV,0,13,10121
43,0,41,0,GOLD_I,46,17,17838,117,0,123,0,GOLD_IV,0,16,15917,104,0,117,0,GOLD_IV,0,17,18031,98,0,91,0,GOLD_IV,69,15,14099,35,0,34,0,GOLD_III,0,15,13236,95,0,91,0,SILVER_III,90,15,14035,36,0,25,0,GOLD_II,44,16,15191,128,0,137,0,GOLD_IV,64,15,13636,181,0,176,0,GOLD_IV,86,14,11808,99,0,91,0,GOLD_III,65,14,11803
43,0,41,0,GOLD_I,46,13,11094,117,0,123,0,GOLD_IV,0,12,9952,108,0,106,0,GOLD_III,75,12,9319,336,0,339,0,GOLD_II,13,13,10671,136,0,117,0,GOLD_III,53,12,8590,387,0,397,0,GOLD_II,24,12,9564,118,0,115,0,GOLD_IV,2,11,7594,111,0,95,0,GOLD_IV,44,12,9080,298,0,285,0,GOLD_II,80,11,8193,148,0,139,0,GOLD_IV,0,10,6567
43,0,41,0,GOLD_I,46,16,15719,117,0,123,0,GOLD_IV,0,15,13427,315,0,291,0,GOLD_III,70,17,17165,113,0,106,0,PLATINUM_IV,1,15,13718,115,0,97,0,GOLD_IV,1,13,11168,123,0,138,0,GOLD_III,75,16,15558,186,0,188,0,GOLD_IV,9,15,14502,43,0,50,0,GOLD_II,59,16,16386,270,0,238,0,GOLD_I,69,15,13265,156,0,146,0,GOLD_I,34,13,10501
43,0,41,0,GOLD_I,46,12,8621,117,0,123,0,GOLD_IV,0,11,7958,232,0,240,0,GOLD_IV,0,10,7146,120,0,128,0,GOLD_III,34,8,4968,186,0,213,0,GOLD_IV,0,9,5649,45,0,59,0,GOLD_I,2,12,9723,140,0,181,0,GOLD_IV,6,10,7000,206,0,189,0,GOLD_II,14,12,9680,69,0,67,0,GOLD_III,0,11,8534,266,0,279,0,GOLD_IV,5,10,6543
85,0,62,0,DIAMOND_III,11,18,23458,30,0,17,0,PLATINUM_II,75,18,21987,81,0,70,0,DIAMOND_III,9,18,22595,12,0,20,0,GOLD_II,75,18,21323,93,0,93,0,DIAMOND_IV,52,16,16472,93,0,93,0,DIAMOND_IV,52,18,18890,16,0,16,0,PLATINUM_III,74,17,17288,62,0,54,0,DIAMOND_IV,38,17,18006,79,0,88,0,DIAMOND_IV,0,18,21142,7,0,3,0,GOLD_I,96,17,17553
5,0,11,0,PLATINUM_IV,24,13,10489,204,0,217,0,DIAMOND_IV,33,15,13520,111,0,115,0,DIAMOND_III,17,13,11329,5,0,6,0,PLATINUM_IV,79,13,10644,27,0,27,0,PLATINUM_IV,77,12,9268,177,0,148,0,PLATINUM_I,75,10,6574,128,0,145,0,PLATINUM_III,26,11,8183,11,0,6,0,PLATINUM_IV,45,13,10572,142,0,129,0,PLATINUM_II,46,11,8518,7,0,3,0,GOLD_I,96,10,7058
91,0,81,0,PLATINUM_III,0,14,11982,327,0,313,0,PLATINUM_IV,3,13,10668,137,0,112,0,PLATINUM_I,40,13,10899,421,0,379,0,DIAMOND_IV,0,15,14248,410,0,366,0,PLATINUM_III,19,13,10251,277,0,271,0,PLATINUM_II,11,17,17073,11,0,14,0,PLATINUM_II,29,16,16286,20,0,20,0,GOLD_I,100,16,16320,76,0,92,0,PLATINUM_IV,4,14,12614,299,0,311,0,GOLD_I,0,13,11016
70,0,51,0,GOLD_I,25,18,18775,23,0,17,0,GOLD_IV,19,16,16108,19,0,13,0,SILVER_I,32,18,23306,31,0,25,0,GOLD_II,32,17,17580,11,0,13,0,GOLD_III,5,16,16035,32,0,35,0,GOLD_IV,64,18,20427,12,0,14,0,GOLD_IV,28,18,18446,11,0,13,0,SILVER_I,27,16,15994,91,0,82,0,GOLD_I,34,15,13267,22,0,19,0,GOLD_IV,63,14,11582
190,0,181,0,PLATINUM_IV,0,17,17532,66,0,58,0,GOLD_III,87,17,18118,123,0,115,0,GOLD_I,60,18,21212,283,0,277,0,GOLD_I,41,17,17387,147,0,137,0,GOLD_II,75,16,15489,205,0,200,0,PLATINUM_IV,27,16,15944,71,0,69,0,GOLD_I,0,17,16514,58,0,63,0,GOLD_II,57,16,16134,49,0,43,0,GOLD_IV,5,15,13459,23,0,31,0,PLATINUM_IV,26,14,12925
101,0,102,0,GOLD_II,15,14,11888,66,0,58,0,GOLD_III,87,15,14407,123,0,115,0,GOLD_I,60,17,17402,442,0,418,0,PLATINUM_IV,48,16,14826,275,0,286,0,GOLD_II,90,15,14207,150,0,148,0,PLATINUM_IV,46,14,12930,188,0,171,0,GOLD_II,12,13,10378,229,0,225,0,GOLD_II,74,14,11942,209,0,214,0,GOLD_I,16,13,11030,187,0,184,0,PLATINUM_IV,6,12,9926
66,0,65,0,GOLD_I,31,13,11330,388,0,381,0,PLATINUM_IV,83,13,11149,123,0,115,0,GOLD_I,60,15,13713,61,0,59,0,GOLD_I,83,14,12690,77,0,70,0,PLATINUM_IV,69,13,10253,70,0,71,0,GOLD_II,71,14,11704,227,0,215,0,GOLD_II,64,12,9778,86,0,105,0,PLATINUM_IV,0,13,11052,77,0,76,0,GOLD_II,75,12,8688,258,0,264,0,GOLD_II,45,11,7650
59,0,42,0,PLATINUM_III,83,18,19942,54,0,55,0,GOLD_IV,39,18,22614,123,0,115,0,GOLD_I,60,18,22483,840,0,844,0,PLATINUM_III,34,17,17263,208,0,190,0,GOLD_I,27,16,15812,386,0,383,0,GOLD_I,55,18,20020,673,0,615,0,PLATINUM_III,42,18,19157,145,0,146,0,GOLD_I,14,17,17494,84,0,85,0,GOLD_II,80,18,19517,141,0,136,0,GOLD_I,1,17,17630
10,0,10,0,SILVER_I,9,13,10954,48,0,50,0,GOLD_III,32,13,10777,123,0,115,0,GOLD_I,60,12,9686,17,0,14,0,GOLD_IV,74,12,9634,343,0,353,0,GOLD_II,63,10,6399,249,0,224,0,GOLD_II,14,12,8973,164,0,152,0,GOLD_III,25,10,6697,34,0,26,0,GOLD_II,38,11,8241,104,0,103,0,GOLD_II,0,10,6711,5,0,9,0,GOLD_IV,0,8,4920
281,0,246,0,PLATINUM_IV,56,13,10889,243,0,224,0,GOLD_III,75,13,10580,129,0,122,0,GOLD_I,67,13,10658,25,0,38,0,GOLD_III,0,12,9741,716,0,676,0,PLATINUM_III,16,12,9558,54,0,52,0,GOLD_II,35,17,16565,171,0,178,0,PLATINUM_IV,10,16,14814,45,0,43,0,GOLD_I,51,16,15191,242,0,225,0,PLATINUM_IV,0,14,12839,148,0,137,0,GOLD_I,1,14,12950
130,0,130,0,PLATINUM_III,15,15,13143,276,0,279,0,GOLD_I,39,15,14035,129,0,122,0,GOLD_I,67,16,14949,182,0,174,0,PLATINUM_IV,85,13,10555,460,0,447,0,PLATINUM_III,34,11,7649,115,0,89,0,PLATINUM_III,0,13,11195,83,0,85,0,PLATINUM_IV,11,14,11681,215,0,232,0,PLATINUM_IV,0,13,10625,385,0,404,0,PLATINUM_IV,26,14,12516,227,0,224,0,GOLD_II,18,11,7841
130,0,130,0,PLATINUM_III,15,18,20855,196,0,193,0,PLATINUM_IV,0,18,20684,129,0,122,0,GOLD_I,67,18,18680,125,0,146,0,GOLD_II,50,17,17698,163,0,177,0,GOLD_I,57,17,16958,95,0,105,0,GOLD_IV,61,18,18591,176,0,173,0,GOLD_II,23,17,17206,46,0,41,0,PLATINUM_IV,1,18,20140,353,0,348,0,PLATINUM_IV,13,16,14816,31,0,40,0,GOLD_II,15,15,13208
130,0,130,0,PLATINUM_III,15,11,7867,108,0,107,0,GOLD_I,39,10,6648,129,0,122,0,GOLD_I,67,10,6793,75,0,73,0,PLATINUM_IV,0,12,9193,189,0,186,0,GOLD_IV,97,10,6978,273,0,256,0,GOLD_II,2,14,12942,85,0,77,0,PLATINUM_II,30,11,8388,336,0,326,0,PLATINUM_II,18,12,8984,384,0,359,0,PLATINUM_IV,0,10,6641,293,0,287,0,PLATINUM_IV,24,11,8322
130,0,130,0,PLATINUM_III,15,17,16988,31,0,29,0,GOLD_I,12,18,20249,129,0,122,0,GOLD_I,67,17,17318,20,0,15,0,GOLD_IV,52,16,15974,100,0,80,0,PLATINUM_IV,46,15,13813,287,0,279,0,DIAMOND_IV,18,16,15346,111,0,93,0,PLATINUM_I,100,15,14411,172,0,177,0,GOLD_II,19,16,14753,95,0,103,0,PLATINUM_IV,32,14,11700,97,0,89,0,DIAMOND_IV,78,13,11407
78,0,73,0,GOLD_II,49,16,15404,95,0,100,0,PLATINUM_IV,1,14,12522,131,0,109,0,GOLD_I,25,16,15848,43,0,53,0,GOLD_II,0,15,13507,279,0,248,0,GOLD_I,20,13,11157,178,0,158,0,GOLD_I,44,16,16081,61,0,47,0,GOLD_II,0,16,16180,44,0,49,0,GOLD_II,85,16,15859,86,0,92,0,GOLD_I,32,15,14407,229,0,229,0,GOLD_I,31,15,14246
58,0,52,0,GOLD_II,54,15,13915,168,0,161,0,GOLD_II,97,14,12159,159,0,140,0,GOLD_II,89,13,11135,164,0,132,0,GOLD_II,40,13,10260,156,0,167,0,GOLD_II,48,12,9686,77,0,60,0,GOLD_IV,74,15,14630,124,0,107,0,GOLD_I,99,15,13942,165,0,153,0,GOLD_II,75,15,13117,86,0,92,0,GOLD_I,32,14,12060,47,0,46,0,GOLD_II,61,11,8411
45,0,45,0,SILVER_I,40,15,13914,30,0,42,0,SILVER_III,69,14,12178,133,0,135,0,GOLD_IV,49,16,15632,133,0,135,0,GOLD_IV,49,14,12001,133,0,135,0,GOLD_IV,49,15,13056,133,0,135,0,GOLD_IV,49,14,12219,61,0,61,0,GOLD_III,39,13,10376,108,0,97,0,GOLD_III,49,13,10366,228,0,227,0,GOLD_I,11,12,9366,252,0,239,0,PLATINUM_IV,47,13,10524
123,0,112,0,PLATINUM_IV,76,11,8558,96,0,87,0,GOLD_IV,0,12,9353,27,0,36,0,GOLD_II,3,12,9364,236,0,219,0,PLATINUM_IV,34,12,8707,423,0,379,0,GOLD_I,42,9,6045,132,0,130,0,GOLD_II,45,13,11314,356,0,332,0,GOLD_I,69,14,11714,118,0,117,0,PLATINUM_IV,9,14,11772,228,0,227,0,GOLD_I,11,13,10700,229,0,224,0,GOLD_I,14,11,7931
177,0,160,0,PLATINUM_IV,65,16,15875,587,0,591,0,GOLD_I,0,14,12290,89,0,90,0,PLATINUM_IV,25,15,13976,391,0,377,0,PLATINUM_IV,51,14,12932,291,0,263,0,PLATINUM_IV,26,12,9912,47,0,42,0,GOLD_II,29,14,12210,117,0,118,0,GOLD_III,23,14,13005,188,0,174,0,PLATINUM_IV,1,15,13030,152,0,149,0,PLATINUM_IV,34,14,11505,101,0,91,0,GOLD_I,63,12,9003
38,0,28,0,PLATINUM_III,0,13,9966,265,0,272,0,GOLD_I,53,11,7758,224,0,243,0,GOLD_IV,0,10,7001,222,0,228,0,GOLD_I,8,10,7295,175,0,160,0,GOLD_II,0,9,6041,125,0,127,0,GOLD_I,5,12,9564,91,0,78,0,GOLD_II,46,12,8605,114,0,100,0,GOLD_I,39,13,11424,336,0,336,0,PLATINUM_IV,89,13,10046,316,0,312,0,GOLD_III,73,12,8587
69,0,57,0,GOLD_II,95,12,9335,218,0,195,0,GOLD_III,12,10,7137,348,0,367,0,GOLD_I,19,13,10553,53,0,56,0,GOLD_I,5,11,7310,96,0,78,0,GOLD_I,49,11,7983,390,0,394,0,GOLD_II,81,14,12134,840,0,844,0,PLATINUM_III,34,12,9677,114,0,100,0,GOLD_I,39,13,11349,434,0,426,0,PLATINUM_III,0,13,10355,98,0,89,0,GOLD_I,49,12,9252
155,0,159,0,GOLD_II,32,18,25914,466,0,451,0,PLATINUM_IV,1,18,25639,245,0,231,0,PLATINUM_IV,83,18,21640,388,0,398,0,GOLD_I,0,18,21057,184,0,195,0,GOLD_I,92,18,21080,218,0,195,0,GOLD_III,12,18,19973,65,0,65,0,GOLD_II,3,18,24565,114,0,100,0,GOLD_I,39,18,18896,53,0,56,0,GOLD_I,5,18,20901,203,0,179,0,GOLD_I,14,17,18069
