main_player_win,main_player_miniseries_wins,main_player_losses,main_player_miniseries_losses,main_player_tier,main_player_rank,main_player_league_points,main_player_champion_level,main_player_champion_experience,ally_0_wins,ally_0_miniseries_wins,ally_0_losses,ally_0_miniseries_losses,ally_0_tier,ally_0_rank,ally_0_league_points,ally_0_champion_level,ally_0_champion_experience,ally_1_wins,ally_1_miniseries_wins,ally_1_losses,ally_1_miniseries_losses,ally_1_tier,ally_1_rank,ally_1_league_points,ally_1_champion_level,ally_1_champion_experience,ally_2_wins,ally_2_miniseries_wins,ally_2_losses,ally_2_miniseries_losses,ally_2_tier,ally_2_rank,ally_2_league_points,ally_2_champion_level,ally_2_champion_experience,ally_3_wins,ally_3_miniseries_wins,ally_3_losses,ally_3_miniseries_losses,ally_3_tier,ally_3_rank,ally_3_league_points,ally_3_champion_level,ally_3_champion_experience,rival_0_wins,rival_0_miniseries_wins,rival_0_losses,rival_0_miniseries_losses,rival_0_tier,rival_0_rank,rival_0_league_points,rival_0_champion_level,rival_0_champion_experience,rival_1_wins,rival_1_miniseries_wins,rival_1_losses,rival_1_miniseries_losses,rival_1_tier,rival_1_rank,rival_1_league_points,rival_1_champion_level,rival_1_champion_experience,rival_2_wins,rival_2_miniseries_wins,rival_2_losses,rival_2_miniseries_losses,rival_2_tier,rival_2_rank,rival_2_league_points,rival_2_champion_level,rival_2_champion_experience,rival_3_wins,rival_3_miniseries_wins,rival_3_losses,rival_3_miniseries_losses,rival_3_tier,rival_3_rank,rival_3_league_points,rival_3_champion_level,rival_3_champion_experience,rival_4_wins,rival_4_miniseries_wins,rival_4_losses,rival_4_miniseries_losses,rival_4_tier,rival_4_rank,rival_4_league_points,rival_4_champion_level,rival_4_champion_experience
108,0,108,0,GOLD,II,60,18,19562,108,0,108,0,GOLD,II,60,18,20589,108,0,108,0,GOLD,II,60,18,19753,108,0,108,0,GOLD,II,60,18,20566,15,0,16,0,GOLD,III,63,18,22160,7,0,5,0,BRONZE,I,76,18,18414,59,0,47,0,PLATINUM,IV,66,18,23170,14,0,16,0,SILVER,I,0,18,19198,42,0,49,0,SILVER,II,5,18,19593,38,0,39,0,GOLD,IV,0,18,21344
108,0,108,0,GOLD,II,60,11,8096,57,0,51,0,PLATINUM,I,16,12,8720,58,0,49,0,GOLD,IV,0,12,9538,120,0,105,0,PLATINUM,IV,13,13,10983,108,0,108,0,GOLD,II,60,10,7107,108,0,108,0,GOLD,II,60,12,9123,7,0,3,0,SILVER,II,12,10,6924,27,0,37,0,SILVER,III,70,12,8676,34,0,27,0,PLATINUM,IV,5,10,6322,55,0,60,0,GOLD,III,22,9,6104
108,0,108,0,GOLD,II,60,12,8925,69,0,84,0,SILVER,II,0,12,9885,149,0,152,0,GOLD,II,30,13,10016,153,0,152,0,PLATINUM,IV,80,13,10809,60,0,66,0,GOLD,II,70,11,8262,52,0,39,0,GOLD,III,46,13,10813,58,0,57,0,SILVER,II,66,11,7728,167,0,175,0,GOLD,IV,0,12,9018,167,0,175,0,GOLD,IV,0,11,7477,30,0,22,0,SILVER,I,58,10,6817
108,0,108,0,GOLD,II,60,17,17242,60,0,66,0,GOLD,II,70,17,17606,108,0,108,0,GOLD,II,60,17,17192,42,0,32,0,GOLD,III,60,18,18481,71,0,76,0,SILVER,II,30,17,16915,60,0,66,0,GOLD,II,70,18,18782,60,0,66,0,GOLD,II,70,17,17453,60,0,66,0,GOLD,II,70,16,16368,60,0,66,0,GOLD,II,70,17,17959,60,0,66,0,GOLD,II,70,18,20774
108,0,108,0,GOLD,II,60,15,13650,39,0,27,0,PLATINUM,IV,34,15,13159,108,0,108,0,GOLD,II,60,15,13254,108,0,108,0,GOLD,II,60,15,13643,52,0,53,0,SILVER,I,72,15,13068,262,0,243,0,DIAMOND,IV,63,15,13073,262,0,243,0,DIAMOND,IV,63,15,13642,10,0,7,0,SILVER,II,66,14,12505,18,0,10,0,SILVER,IV,80,16,15606,39,0,27,0,PLATINUM,IV,34,16,15390
27,0,43,0,BRONZE,III,0,15,14486,10,0,5,0,BRONZE,II,49,17,16505,252,0,222,0,PLATINUM,IV,5,17,17937,252,0,222,0,PLATINUM,IV,5,17,17799,53,0,59,0,GOLD,IV,15,15,13701,50,0,44,0,GOLD,IV,5,18,22657,54,0,55,0,GOLD,IV,63,18,21551,54,0,55,0,GOLD,IV,63,18,21710,197,0,186,0,GOLD,II,12,10,6253,30,0,41,0,SILVER,III,1,17,16506
52,0,42,0,GOLD,I,13,12,9201,28,0,6,0,GOLD,II,27,12,9714,39,0,47,0,GOLD,III,75,11,8210,81,0,70,0,GOLD,I,69,11,8417,221,0,235,0,GOLD,II,15,10,7056,85,0,85,0,GOLD,II,64,12,8863,105,0,103,0,GOLD,I,40,11,8406,413,0,400,0,GOLD,IV,24,12,8732,197,0,186,0,GOLD,II,12,11,8394,171,0,162,0,GOLD,III,59,8,4548
424,0,399,0,GOLD,II,16,13,11419,133,0,131,0,GOLD,II,81,12,9838,213,0,220,0,GOLD,II,5,12,9212,182,0,198,0,GOLD,II,59,12,9271,292,0,276,0,PLATINUM,IV,50,12,8739,446,0,446,0,GOLD,III,7,12,9770,299,0,293,0,GOLD,II,36,12,8900,126,0,131,0,GOLD,II,16,12,9770,197,0,186,0,GOLD,II,12,12,8653,298,0,292,0,PLATINUM,IV,67,9,5583
178,0,161,0,GOLD,II,45,17,17195,224,0,213,0,PLATINUM,IV,0,15,14418,47,0,50,0,GOLD,IV,58,15,14095,132,0,140,0,GOLD,II,19,16,15045,411,0,393,0,GOLD,II,75,14,11617,183,0,197,0,GOLD,II,51,16,16443,294,0,288,0,GOLD,II,44,15,13611,395,0,375,0,PLATINUM,IV,0,14,12609,197,0,186,0,GOLD,II,12,15,13984,182,0,172,0,PLATINUM,IV,8,13,10397
198,0,192,0,GOLD,II,68,16,16011,184,0,169,0,GOLD,III,62,16,15430,313,0,282,0,PLATINUM,IV,0,15,13940,299,0,285,0,PLATINUM,IV,0,15,14098,196,0,193,0,GOLD,II,72,13,10533,119,0,137,0,GOLD,III,75,14,12948,416,0,421,0,GOLD,III,38,13,10708,55,0,57,0,GOLD,II,1,15,13164,197,0,186,0,GOLD,II,12,12,9434,150,0,129,0,GOLD,I,66,12,9283
78,0,78,0,PLATINUM,III,61,18,23852,13,0,19,0,SILVER,IV,35,18,19727,13,0,19,0,SILVER,IV,35,18,22261,27,0,17,0,SILVER,III,98,18,21084,27,0,17,0,SILVER,III,98,18,19871,27,0,17,0,SILVER,III,98,18,24584,85,0,98,0,GOLD,IV,15,18,23011,47,0,41,0,GOLD,II,25,18,27035,47,0,41,0,GOLD,II,25,18,22442,47,0,41,0,GOLD,II,25,18,20930
161,0,148,0,GOLD,III,74,17,16872,283,0,264,0,GOLD,III,29,14,12827,25,0,17,0,GOLD,III,12,16,16095,414,0,412,0,GOLD,IV,0,15,13432,476,0,483,0,GOLD,III,23,14,12191,85,0,98,0,GOLD,IV,15,18,18652,53,0,47,0,GOLD,III,34,15,14484,47,0,41,0,GOLD,II,25,18,21101,99,0,93,0,GOLD,III,63,16,16055,165,0,151,0,GOLD,III,65,14,12818
96,0,108,0,GOLD,III,75,17,17525,41,0,42,0,GOLD,IV,80,18,23422,32,0,24,0,GOLD,IV,81,17,17338,87,0,93,0,GOLD,III,45,16,16237,66,0,75,0,GOLD,IV,76,15,14387,85,0,98,0,GOLD,IV,15,17,17852,264,0,250,0,GOLD,III,54,13,11055,47,0,41,0,GOLD,II,25,17,17690,373,0,381,0,GOLD,III,8,16,14931,317,0,312,0,GOLD,III,53,13,11038
247,0,233,0,GOLD,III,30,18,20711,110,0,95,0,GOLD,IV,67,18,19504,52,0,68,0,GOLD,IV,26,18,21483,152,0,170,0,GOLD,IV,47,18,22916,337,0,360,0,GOLD,III,67,18,20651,85,0,98,0,GOLD,IV,15,18,23664,194,0,201,0,GOLD,III,5,18,23776,47,0,41,0,GOLD,II,25,18,22902,178,0,178,0,GOLD,III,9,18,21459,116,0,115,0,GOLD,III,27,18,21820
25,0,26,0,GOLD,IV,70,18,22417,65,0,71,0,SILVER,IV,29,17,18305,14,0,16,0,PLATINUM,III,82,18,19169,67,0,58,0,PLATINUM,IV,68,17,17660,167,0,151,0,PLATINUM,IV,69,18,23187,85,0,98,0,GOLD,IV,15,18,21901,49,0,45,0,GOLD,III,38,17,17538,47,0,41,0,GOLD,II,25,18,18428,32,0,26,0,GOLD,I,100,18,18475,12,0,14,0,GOLD,II,65,16,15683
182,0,166,0,GOLD,I,40,18,18666,86,0,64,0,GOLD,II,57,13,10732,44,0,55,0,GOLD,II,18,16,15100,49,0,38,0,GOLD,II,70,16,15395,91,0,87,0,GOLD,II,31,13,11304,139,0,144,0,GOLD,I,3,17,18024,113,0,106,0,GOLD,II,97,17,17652,97,0,74,0,GOLD,I,42,16,14909,136,0,110,0,GOLD,I,62,17,18019,417,0,401,0,GOLD,I,0,14,12160
36,0,32,0,GOLD,IV,34,14,12786,86,0,64,0,GOLD,II,57,12,9931,80,0,69,0,GOLD,II,28,13,10448,36,0,22,0,GOLD,II,75,15,14511,41,0,36,0,GOLD,II,41,13,10010,95,0,109,0,GOLD,II,7,15,13242,29,0,24,0,PLATINUM,IV,0,16,15562,125,0,116,0,GOLD,I,37,16,16018,359,0,339,0,PLATINUM,IV,0,14,12304,78,0,54,0,GOLD,I,36,12,9205
37,0,34,0,GOLD,II,3,17,17565,86,0,64,0,GOLD,II,57,14,11856,305,0,285,0,GOLD,I,43,17,17210,178,0,167,0,GOLD,I,4,15,14014,296,0,271,0,GOLD,II,70,16,16079,168,0,144,0,PLATINUM,IV,11,18,18927,407,0,411,0,PLATINUM,IV,1,18,18837,251,0,245,0,PLATINUM,IV,36,18,23169,117,0,131,0,GOLD,II,86,18,19084,93,0,102,0,PLATINUM,IV,12,16,16431
272,0,266,0,PLATINUM,IV,38,16,15160,86,0,64,0,GOLD,II,57,13,9998,161,0,143,0,PLATINUM,IV,0,14,12596,22,0,23,0,GOLD,II,69,16,15756,136,0,142,0,PLATINUM,IV,0,16,15599,59,0,36,0,GOLD,I,52,18,18599,63,0,68,0,PLATINUM,IV,27,17,17453,73,0,78,0,PLATINUM,IV,35,17,17010,174,0,170,0,PLATINUM,IV,1,15,14148,140,0,148,0,PLATINUM,IV,30,15,13828
73,0,68,0,GOLD,II,97,18,21093,86,0,64,0,GOLD,II,57,14,12528,135,0,120,0,PLATINUM,IV,0,16,16404,669,0,645,0,PLATINUM,III,0,18,20254,732,0,714,0,GOLD,I,39,15,14400,56,0,79,0,GOLD,II,70,18,20539,21,0,41,0,PLATINUM,IV,54,18,21741,520,0,511,0,PLATINUM,IV,24,17,17972,171,0,147,0,PLATINUM,IV,25,18,20596,236,0,218,0,PLATINUM,II,0,16,15995
162,0,144,0,PLATINUM,III,2,16,15765,12,0,19,0,GOLD,II,75,15,14081,163,0,164,0,DIAMOND,IV,0,17,18180,111,0,105,0,PLATINUM,IV,0,16,15614,14,0,17,0,GOLD,IV,50,13,11252,14,0,17,0,GOLD,IV,50,17,17357,285,0,272,0,GOLD,II,97,18,20053,207,0,186,0,PLATINUM,II,32,18,18530,451,0,429,0,PLATINUM,III,30,17,18167,89,0,97,0,PLATINUM,I,3,16,15053
94,0,79,0,DIAMOND,III,18,18,19700,101,0,108,0,PLATINUM,II,3,16,15741,126,0,124,0,PLATINUM,IV,0,16,15207,126,0,124,0,PLATINUM,IV,0,17,17243,16,0,14,0,GOLD,II,20,16,15151,89,0,97,0,PLATINUM,I,3,18,23182,285,0,272,0,GOLD,II,97,18,19677,207,0,186,0,PLATINUM,II,32,17,16788,451,0,429,0,PLATINUM,III,30,18,19238,451,0,429,0,PLATINUM,III,30,16,15990
18,0,19,0,GOLD,IV,23,12,9635,18,0,19,0,GOLD,IV,23,12,9463,18,0,19,0,GOLD,IV,23,12,9865,18,0,19,0,GOLD,IV,23,12,9697,28,0,19,0,GOLD,I,100,12,9202,16,0,14,0,GOLD,II,20,14,11539,285,0,272,0,GOLD,II,97,13,11431,234,0,246,0,GOLD,III,47,13,10874,234,0,246,0,GOLD,III,47,14,12101,26,0,27,0,PLATINUM,IV,1,13,11281
451,0,429,0,PLATINUM,III,30,18,35409,123,0,136,0,DIAMOND,IV,53,18,35483,22,0,14,0,GOLD,IV,64,18,34600,10,0,16,0,SILVER,II,0,18,34464,10,0,16,0,SILVER,II,0,18,30392,145,0,130,0,DIAMOND,IV,40,18,29285,285,0,272,0,GOLD,II,97,18,33635,89,0,97,0,PLATINUM,I,3,18,39231,207,0,186,0,PLATINUM,II,32,18,35132,451,0,429,0,PLATINUM,III,30,18,33929
10,0,16,0,SILVER,II,0,18,22387,76,0,56,0,PLATINUM,I,14,18,24191,65,0,62,0,PLATINUM,IV,26,18,21425,123,0,110,0,DIAMOND,I,33,18,23189,123,0,110,0,DIAMOND,I,33,18,19939,145,0,130,0,DIAMOND,IV,40,18,21128,285,0,272,0,GOLD,II,97,18,25539,89,0,97,0,PLATINUM,I,3,18,24647,207,0,186,0,PLATINUM,II,32,18,20277,451,0,429,0,PLATINUM,III,30,18,25646
451,0,429,0,PLATINUM,III,30,14,11917,451,0,429,0,PLATINUM,III,30,15,13564,55,0,99,0,SILVER,II,56,14,12196,55,0,99,0,SILVER,II,56,14,12636,55,0,99,0,SILVER,II,56,15,13713,35,0,43,0,SILVER,III,72,13,10558,265,0,269,0,BRONZE,IV,80,12,9057,83,0,60,0,GOLD,IV,62,13,10521,12,0,19,0,GOLD,II,62,12,9540,12,0,19,0,GOLD,II,62,14,11479
8,0,6,0,SILVER,II,1,16,14789,106,0,97,0,GOLD,II,2,14,12811,106,0,97,0,GOLD,II,2,16,15629,106,0,97,0,GOLD,II,2,15,14459,106,0,97,0,GOLD,II,2,16,15235,12,0,19,0,GOLD,II,62,15,14559,12,0,19,0,GOLD,II,62,14,11655,12,0,19,0,GOLD,II,62,13,11302,12,0,19,0,GOLD,II,62,14,11903,12,0,19,0,GOLD,II,62,14,12742
12,0,19,0,GOLD,II,62,13,10369,12,0,19,0,GOLD,II,62,14,12022,12,0,19,0,GOLD,II,62,13,10671,7,0,3,0,BRONZE,III,98,13,11352,7,0,3,0,BRONZE,III,98,14,12632,106,0,97,0,GOLD,II,2,13,10681,21,0,51,0,BRONZE,II,40,12,8850,12,0,19,0,GOLD,II,62,12,9398,12,0,19,0,GOLD,II,62,13,10297,12,0,19,0,GOLD,II,62,13,10512
7,0,3,0,BRONZE,III,98,18,29260,6,0,6,0,BRONZE,III,30,18,29716,6,0,6,0,BRONZE,III,30,18,25262,6,0,6,0,BRONZE,III,30,18,22656,6,0,6,0,BRONZE,III,30,18,26646,6,0,6,0,BRONZE,III,30,18,33583,21,0,51,0,BRONZE,II,40,18,26683,12,0,19,0,GOLD,II,62,18,32537,12,0,19,0,GOLD,II,62,18,35360,12,0,19,0,GOLD,II,62,18,28731
180,0,195,0,SILVER,IV,60,18,28470,180,0,195,0,SILVER,IV,60,18,23686,39,0,46,0,BRONZE,II,62,18,24319,97,0,88,0,SILVER,IV,1,18,25951,21,0,20,0,BRONZE,II,32,18,20782,21,0,51,0,BRONZE,II,40,18,23086,23,0,34,0,BRONZE,IV,0,18,18680,9,0,5,0,BRONZE,II,9,18,19261,12,0,19,0,GOLD,II,62,17,17897,69,0,72,0,SILVER,II,40,18,19062
42,0,35,0,GOLD,II,34,18,23552,42,0,35,0,GOLD,II,34,18,19307,42,0,35,0,GOLD,II,34,18,21162,42,0,35,0,GOLD,II,34,18,20604,8,0,3,0,BRONZE,I,31,18,23459,8,0,3,0,BRONZE,I,31,18,19359,49,0,55,0,SILVER,III,12,18,18984,49,0,55,0,SILVER,III,12,17,17469,80,0,81,0,SILVER,II,47,18,20314,76,0,68,0,SILVER,II,36,18,20092
42,0,35,0,GOLD,II,34,14,11510,101,0,105,0,SILVER,III,30,16,15348,57,0,47,0,SILVER,III,84,14,12966,47,0,47,0,SILVER,I,0,15,14547,42,0,35,0,GOLD,II,34,12,9840,47,0,58,0,SILVER,IV,63,14,12836,31,0,33,0,BRONZE,IV,0,12,9179,31,0,33,0,BRONZE,IV,0,13,11049,242,0,235,0,SILVER,III,81,12,9446,4,0,14,0,IRON,II,75,12,9628
42,0,35,0,GOLD,II,34,15,14073,568,0,565,0,GOLD,II,72,18,19864,337,0,311,0,PLATINUM,IV,48,16,15055,429,0,391,0,PLATINUM,IV,43,17,17470,252,0,243,0,PLATINUM,IV,46,16,15155,105,0,101,0,GOLD,III,44,17,17807,94,0,74,0,PLATINUM,IV,0,15,13530,300,0,279,0,PLATINUM,IV,59,16,15321,44,0,42,0,GOLD,III,41,15,13880,174,0,175,0,GOLD,III,0,15,13166
42,0,35,0,GOLD,II,34,11,8013,214,0,197,0,GOLD,II,24,13,10507,121,0,110,0,PLATINUM,IV,29,15,13182,149,0,132,0,PLATINUM,III,0,13,10820,143,0,122,0,GOLD,I,23,12,9169,67,0,49,0,GOLD,I,15,12,9637,147,0,136,0,PLATINUM,IV,24,11,7683,176,0,182,0,PLATINUM,IV,13,12,8736,192,0,183,0,PLATINUM,IV,45,10,7008,228,0,229,0,PLATINUM,IV,37,10,6701
42,0,35,0,GOLD,II,34,13,11308,163,0,170,0,GOLD,II,73,17,16865,145,0,128,0,PLATINUM,IV,48,15,14599,143,0,171,0,GOLD,III,0,15,14479,146,0,133,0,GOLD,II,0,14,11688,145,0,138,0,GOLD,II,5,16,15553,478,0,492,0,GOLD,IV,40,14,11910,110,0,80,0,GOLD,I,5,16,15876,11,0,14,0,GOLD,III,51,16,15268,115,0,104,0,PLATINUM,IV,61,14,11713
75,0,85,0,GOLD,IV,0,16,16140,29,0,36,0,GOLD,II,24,17,16889,78,0,70,0,SILVER,III,64,16,16416,81,0,83,0,SILVER,III,75,14,12805,21,0,21,0,SILVER,IV,99,12,9432,90,0,82,0,GOLD,II,18,15,13190,106,0,84,0,GOLD,I,59,12,9892,94,0,112,0,IRON,II,3,14,11946,113,0,109,0,SILVER,II,72,14,11801,129,0,116,0,GOLD,III,41,12,9814
30,0,25,0,SILVER,II,76,15,13468,30,0,25,0,SILVER,II,76,15,13190,118,0,111,0,DIAMOND,I,29,14,12164,118,0,111,0,DIAMOND,I,29,13,11325,118,0,111,0,DIAMOND,I,29,11,8487,90,0,82,0,GOLD,II,18,18,18502,106,0,84,0,GOLD,I,59,15,13521,94,0,112,0,IRON,II,3,15,13792,113,0,109,0,SILVER,II,72,16,14705,56,0,43,0,GOLD,I,20,13,11350
65,0,90,0,SILVER,I,37,14,11978,65,0,90,0,SILVER,I,37,11,8035,156,0,133,0,GOLD,I,6,14,12091,27,0,28,0,SILVER,I,100,12,9492,4,0,11,0,SILVER,III,26,11,7908,90,0,82,0,GOLD,II,18,15,13255,106,0,84,0,GOLD,I,59,16,15482,94,0,112,0,IRON,II,3,14,11539,113,0,109,0,SILVER,II,72,14,12202,65,0,90,0,SILVER,I,37,13,9967
1,0,14,0,BRONZE,I,26,15,14135,340,0,304,0,SILVER,I,11,14,12089,340,0,304,0,SILVER,I,11,15,14185,173,0,162,0,SILVER,II,7,12,8862,173,0,162,0,SILVER,II,7,12,9521,90,0,82,0,GOLD,II,18,16,15475,94,0,112,0,IRON,II,3,15,13202,29,0,23,0,SILVER,I,37,16,14856,106,0,84,0,GOLD,I,59,17,17165,113,0,109,0,SILVER,II,72,14,11675
125,0,128,0,SILVER,I,1,14,11572,253,0,251,0,SILVER,II,0,12,8721,241,0,227,0,GOLD,IV,71,14,12045,131,0,128,0,PLATINUM,III,9,12,9598,5,0,9,0,IRON,I,79,11,7993,90,0,82,0,GOLD,II,18,14,12956,106,0,84,0,GOLD,I,59,15,14426,113,0,109,0,SILVER,II,72,14,12865,94,0,112,0,IRON,II,3,12,9672,29,0,23,0,SILVER,I,37,13,10964
59,0,71,0,SILVER,II,16,18,43995,163,0,195,0,GOLD,III,42,18,32371,333,0,329,0,GOLD,III,85,18,37794,72,0,62,0,SILVER,III,63,18,33935,72,0,62,0,SILVER,III,63,18,37546,85,0,105,0,SILVER,IV,58,18,31090,79,0,38,0,GOLD,II,0,18,35129,79,0,38,0,GOLD,II,0,18,43413,38,0,45,0,SILVER,I,63,18,36383,38,0,45,0,SILVER,I,63,18,38458
79,0,38,0,GOLD,II,0,17,18224,21,0,13,0,SILVER,I,100,17,18135,119,0,125,0,GOLD,III,96,17,16780,75,0,81,0,GOLD,II,16,17,18340,75,0,81,0,GOLD,II,16,17,16679,85,0,105,0,SILVER,IV,58,18,19564,79,0,38,0,GOLD,II,0,16,16382,79,0,38,0,GOLD,II,0,17,17475,79,0,38,0,GOLD,II,0,18,20408,79,0,38,0,GOLD,II,0,18,18368
39,0,50,0,SILVER,I,47,17,17553,183,0,185,0,GOLD,IV,61,16,16241,37,0,40,0,SILVER,I,18,17,17937,133,0,104,0,SILVER,II,60,15,14118,167,0,175,0,GOLD,IV,0,15,13363,230,0,215,0,GOLD,IV,14,17,17865,79,0,38,0,GOLD,II,0,13,11242,92,0,94,0,GOLD,IV,51,16,15201,50,0,34,0,SILVER,I,6,14,12203,85,0,105,0,SILVER,IV,58,13,10033
85,0,105,0,SILVER,IV,58,18,21249,85,0,105,0,SILVER,IV,58,17,18133,6,0,4,0,BRONZE,I,62,17,17958,6,0,4,0,BRONZE,I,62,18,22616,144,0,159,0,GOLD,III,71,18,18737,85,0,105,0,SILVER,IV,58,18,19194,79,0,38,0,GOLD,II,0,17,18271,180,0,178,0,BRONZE,II,28,18,20003,180,0,178,0,BRONZE,II,28,18,20727,180,0,178,0,BRONZE,II,28,17,18136
22,0,16,0,BRONZE,I,61,9,5602,43,0,28,0,GOLD,IV,1,8,4448,19,0,13,0,BRONZE,II,5,9,5423,19,0,13,0,BRONZE,II,5,7,3775,7,0,12,0,BRONZE,III,75,6,3035,180,0,178,0,BRONZE,II,28,8,4126,79,0,38,0,GOLD,II,0,7,3576,180,0,178,0,BRONZE,II,28,8,4262,85,0,105,0,SILVER,IV,58,9,5042,85,0,105,0,SILVER,IV,58,5,1794
103,0,108,0,GOLD,IV,56,16,14858,195,0,204,0,GOLD,II,21,13,11120,86,0,85,0,PLATINUM,IV,25,16,14895,16,0,19,0,GOLD,III,22,13,11032,70,0,77,0,GOLD,I,3,13,10168,342,0,336,0,GOLD,II,39,14,12975,78,0,75,0,SILVER,I,41,13,10554,10,0,7,0,GOLD,I,25,15,14464,272,0,255,0,GOLD,II,42,12,8922,111,0,101,0,GOLD,II,12,12,9076
65,0,50,0,GOLD,II,11,16,15417,279,0,269,0,GOLD,III,70,17,18300,86,0,91,0,PLATINUM,IV,12,16,14918,8,0,20,0,GOLD,III,79,15,14165,55,0,64,0,GOLD,III,21,14,12842,122,0,137,0,GOLD,II,34,14,11910,195,0,204,0,GOLD,II,21,13,10968,184,0,175,0,GOLD,II,22,15,13496,272,0,255,0,GOLD,II,42,12,9778,190,0,199,0,GOLD,II,15,14,12022
277,0,271,0,GOLD,II,26,10,7179,60,0,29,0,GOLD,II,1,11,7979,269,0,246,0,GOLD,I,90,11,7792,56,0,76,0,GOLD,III,20,9,5138,110,0,110,0,GOLD,II,87,8,4461,205,0,184,0,GOLD,II,0,9,6043,120,0,109,0,GOLD,II,59,10,6580,121,0,127,0,PLATINUM,IV,43,10,6363,272,0,255,0,GOLD,II,42,7,3919,78,0,60,0,GOLD,IV,17,8,4918
119,0,114,0,GOLD,II,31,17,17382,119,0,135,0,GOLD,IV,0,18,21691,231,0,211,0,GOLD,II,12,18,18372,80,0,82,0,PLATINUM,IV,46,16,15197,341,0,312,0,GOLD,II,16,17,16495,82,0,75,0,GOLD,II,27,18,21667,217,0,199,0,GOLD,II,29,17,18245,204,0,195,0,PLATINUM,IV,25,18,24789,272,0,255,0,GOLD,II,42,18,21539,83,0,68,0,GOLD,II,34,17,18172
127,0,102,0,GOLD,I,9,16,15721,54,0,47,0,GOLD,II,93,16,14924,51,0,52,0,GOLD,II,37,15,14266,79,0,77,0,GOLD,III,58,15,13818,27,0,21,0,GOLD,II,26,14,12190,306,0,297,0,GOLD,II,35,15,13527,142,0,114,0,PLATINUM,IV,56,15,13662,100,0,110,0,GOLD,I,69,14,12536,272,0,255,0,GOLD,II,42,13,11193,201,0,168,0,GOLD,IV,61,12,9381
212,0,233,0,PLATINUM,IV,15,16,15832,41,0,45,0,GOLD,III,45,14,12029,19,0,7,0,GOLD,II,0,17,17460,140,0,128,0,GOLD,II,7,13,10948,136,0,165,0,GOLD,IV,14,12,9144,379,0,356,0,PLATINUM,III,0,17,17501,28,0,8,0,GOLD,I,0,16,14770,318,0,334,0,GOLD,III,70,15,13084,68,0,73,0,GOLD,IV,60,14,12907,159,0,147,0,PLATINUM,IV,43,13,10687
33,0,50,0,BRONZE,IV,85,16,15723,33,0,50,0,BRONZE,IV,85,16,14744,19,0,7,0,GOLD,II,0,15,14113,132,0,113,0,PLATINUM,IV,39,16,15454,10,0,6,0,SILVER,IV,45,14,12768,25,0,26,0,SILVER,II,35,15,13628,7,0,13,0,BRONZE,II,30,14,11446,111,0,108,0,PLATINUM,III,64,17,16780,285,0,274,0,GOLD,III,39,14,11915,264,0,307,0,SILVER,IV,0,12,9316
168,0,157,0,PLATINUM,IV,96,17,18295,281,0,284,0,PLATINUM,IV,0,16,16262,19,0,7,0,GOLD,II,0,16,15963,97,0,96,0,PLATINUM,IV,0,14,11749,99,0,99,0,PLATINUM,IV,0,13,10932,653,0,600,0,DIAMOND,II,13,16,15763,166,0,144,0,PLATINUM,IV,0,16,16201,46,0,58,0,PLATINUM,IV,0,18,20153,344,0,351,0,PLATINUM,IV,55,17,17521,117,0,103,0,PLATINUM,IV,0,17,16862
38,0,52,0,GOLD,II,47,13,10982,189,0,199,0,GOLD,II,58,14,11535,19,0,7,0,GOLD,II,0,13,10388,177,0,196,0,PLATINUM,IV,91,14,13001,177,0,172,0,PLATINUM,IV,56,13,11053,206,0,201,0,PLATINUM,IV,12,15,14433,230,0,217,0,PLATINUM,III,0,13,10144,647,0,653,0,GOLD,I,10,13,11351,324,0,330,0,PLATINUM,IV,25,12,9373,50,0,41,0,GOLD,I,70,9,5953
39,0,34,0,GOLD,II,40,16,15587,13,0,11,0,GOLD,IV,47,16,15649,19,0,7,0,GOLD,II,0,16,15575,70,0,52,0,PLATINUM,III,2,15,13983,118,0,126,0,GOLD,III,57,14,12524,169,0,171,0,GOLD,IV,91,15,13755,72,0,81,0,GOLD,II,75,15,13131,50,0,62,0,GOLD,II,0,16,15045,106,0,104,0,GOLD,IV,75,14,12603,21,0,15,0,GOLD,III,81,14,12452
11,0,9,0,GOLD,IV,1,23,29471,11,0,9,0,GOLD,IV,1,24,30009,28,0,32,0,GOLD,II,50,23,29376,77,0,74,0,PLATINUM,III,71,23,29004,77,0,74,0,PLATINUM,III,71,22,27653,77,0,74,0,PLATINUM,III,71,24,29750,47,0,49,0,GOLD,II,17,23,28455,47,0,49,0,GOLD,II,17,21,24833,97,0,88,0,PLATINUM,II,62,22,26964,97,0,88,0,PLATINUM,II,62,24,31254
46,0,46,0,GOLD,III,7,14,11684,46,0,46,0,GOLD,III,7,15,14487,28,0,32,0,GOLD,II,50,14,12851,77,0,74,0,PLATINUM,III,71,15,13289,77,0,74,0,PLATINUM,III,71,15,13632,97,0,88,0,PLATINUM,II,62,15,14374,97,0,88,0,PLATINUM,II,62,16,16219,97,0,88,0,PLATINUM,II,62,15,13790,97,0,88,0,PLATINUM,II,62,15,13499,97,0,88,0,PLATINUM,II,62,15,14399
77,0,74,0,PLATINUM,III,71,17,17189,16,0,11,0,SILVER,IV,1,17,16925,28,0,32,0,GOLD,II,50,15,14564,77,0,74,0,PLATINUM,III,71,15,13950,77,0,74,0,PLATINUM,III,71,17,17616,77,0,74,0,PLATINUM,III,71,17,18073,90,0,103,0,PLATINUM,III,19,17,17737,90,0,103,0,PLATINUM,III,19,18,19873,90,0,103,0,PLATINUM,III,19,17,18250,25,0,19,0,GOLD,III,34,19,21266
28,0,32,0,GOLD,II,50,20,23177,28,0,32,0,GOLD,II,50,20,22416,28,0,32,0,GOLD,II,50,20,23008,77,0,74,0,PLATINUM,III,71,19,21711,9,0,6,0,GOLD,IV,1,20,22295,9,0,6,0,GOLD,IV,1,21,25269,9,0,6,0,GOLD,IV,1,23,28620,38,0,36,0,GOLD,II,24,21,25412,22,0,17,0,GOLD,III,59,22,27509,114,0,113,0,GOLD,III,32,22,27549
28,0,32,0,GOLD,II,50,9,5051,28,0,32,0,GOLD,II,50,9,5276,28,0,32,0,GOLD,II,50,9,5446,77,0,74,0,PLATINUM,III,71,9,5460,9,0,6,0,GOLD,IV,1,9,5935,9,0,6,0,GOLD,IV,1,8,4521,9,0,6,0,GOLD,IV,1,8,4724,9,0,6,0,GOLD,IV,1,9,5229,9,0,6,0,GOLD,IV,1,9,5701,9,0,6,0,GOLD,IV,1,8,4426
26,0,22,0,GOLD,I,18,16,15848,131,0,136,0,SILVER,II,77,15,14598,26,0,25,0,SILVER,I,41,15,13863,15,0,13,0,SILVER,II,1,16,15062,108,0,89,0,PLATINUM,II,9,14,12315,144,0,158,0,DIAMOND,I,0,17,17761,24,0,28,0,GOLD,II,4,17,18022,25,0,24,0,GOLD,II,68,17,17992,6,0,8,0,BRONZE,I,1,14,12534,24,0,35,0,BRONZE,IV,45,15,14197
24,0,28,0,GOLD,II,4,15,14103,88,0,89,0,PLATINUM,IV,0,16,15078,88,0,89,0,PLATINUM,IV,0,15,13419,38,0,21,0,SILVER,III,11,15,13532,38,0,21,0,SILVER,III,11,16,14994,24,0,35,0,BRONZE,IV,45,16,15883,24,0,28,0,GOLD,II,4,16,15625,24,0,35,0,BRONZE,IV,45,17,17634,24,0,35,0,BRONZE,IV,45,16,15461,24,0,28,0,GOLD,II,4,17,17135
43,0,40,0,SILVER,IV,2,18,22857,38,0,50,0,BRONZE,II,77,18,21179,38,0,50,0,BRONZE,II,77,18,23640,3,0,10,0,BRONZE,II,6,18,22380,3,0,10,0,BRONZE,II,6,18,21745,24,0,28,0,GOLD,II,4,18,21176,24,0,28,0,GOLD,II,4,18,19126,24,0,28,0,GOLD,II,4,18,20749,43,0,40,0,SILVER,IV,2,18,20162,43,0,40,0,SILVER,IV,2,18,20323
24,0,28,0,GOLD,II,4,17,17401,6,0,12,0,SILVER,III,90,18,18411,51,0,48,0,GOLD,II,54,16,15900,45,0,56,0,GOLD,IV,9,16,15811,15,0,12,0,SILVER,I,1,17,16569,3,0,10,0,BRONZE,II,6,16,16338,24,0,28,0,GOLD,II,4,15,14327,3,0,10,0,BRONZE,II,6,16,15532,3,0,10,0,BRONZE,II,6,16,15769,3,0,10,0,BRONZE,II,6,16,14770
18,0,10,0,GOLD,IV,1,14,12992,8,0,4,0,BRONZE,II,28,15,13812,44,0,47,0,GOLD,IV,24,15,14307,44,0,41,0,GOLD,II,61,15,14079,284,0,270,0,PLATINUM,IV,22,14,11733,21,0,23,0,SILVER,I,0,17,17700,24,0,28,0,GOLD,II,4,17,16659,60,0,59,0,GOLD,III,60,17,16559,22,0,12,0,GOLD,IV,1,16,15660,41,0,29,0,GOLD,I,12,14,12503
557,0,564,0,GOLD,IV,48,12,9227,110,0,123,0,GOLD,II,46,14,11471,13,0,25,0,GOLD,II,17,13,11111,183,0,196,0,GOLD,III,17,13,10003,146,0,146,0,GOLD,II,7,12,9605,132,0,132,0,GOLD,II,73,13,11161,255,0,254,0,GOLD,II,55,12,9809,121,0,107,0,GOLD,II,57,13,10970,125,0,134,0,GOLD,II,62,12,8584,63,0,38,0,GOLD,I,100,12,9244
81,0,62,0,PLATINUM,IV,0,15,13339,272,0,267,0,PLATINUM,IV,28,16,15879,13,0,25,0,GOLD,II,17,17,16955,191,0,198,0,PLATINUM,IV,57,15,13626,446,0,474,0,SILVER,II,94,14,11969,170,0,173,0,PLATINUM,IV,60,17,17561,47,0,50,0,GOLD,I,56,17,17984,70,0,67,0,GOLD,I,57,17,17540,112,0,110,0,GOLD,III,77,17,17215,48,0,46,0,GOLD,III,35,15,14194
214,0,213,0,GOLD,I,27,15,13956,256,0,252,0,PLATINUM,IV,0,16,14831,13,0,25,0,GOLD,II,17,18,20272,95,0,60,0,PLATINUM,I,45,15,13401,134,0,141,0,PLATINUM,IV,33,13,11365,115,0,80,0,PLATINUM,IV,0,18,21165,122,0,116,0,PLATINUM,IV,1,15,14470,148,0,141,0,GOLD,III,75,17,16613,584,0,582,0,PLATINUM,IV,36,17,16973,224,0,212,0,PLATINUM,IV,38,15,13741
359,0,344,0,GOLD,I,41,9,5351,184,0,168,0,PLATINUM,III,45,8,4222,13,0,25,0,GOLD,II,17,8,4801,108,0,118,0,GOLD,III,58,7,3854,256,0,250,0,GOLD,I,26,6,2890,64,0,67,0,GOLD,IV,75,2,543,90,0,89,0,GOLD,III,19,7,4014,55,0,50,0,GOLD,I,1,8,4988,507,0,503,0,PLATINUM,IV,3,7,3813,176,0,172,0,GOLD,II,26,5,1921
88,0,100,0,GOLD,IV,45,17,16733,184,0,168,0,PLATINUM,III,45,16,15733,13,0,25,0,GOLD,II,17,17,17695,81,0,76,0,GOLD,I,33,15,14183,109,0,109,0,PLATINUM,III,12,14,12276,131,0,126,0,PLATINUM,IV,42,18,22279,132,0,128,0,PLATINUM,IV,71,17,17754,479,0,461,0,PLATINUM,IV,46,18,19164,225,0,206,0,PLATINUM,IV,0,17,16782,171,0,167,0,GOLD,II,27,15,13026
54,0,74,0,SILVER,II,15,16,16195,102,0,103,0,GOLD,I,19,15,13476,11,0,19,0,GOLD,III,50,17,16624,193,0,186,0,DIAMOND,III,15,16,16123,86,0,70,0,GOLD,I,97,14,11846,39,0,43,0,GOLD,IV,43,15,14019,49,0,67,0,GOLD,II,24,15,13796,40,0,31,0,PLATINUM,IV,0,14,11965,74,0,60,0,GOLD,II,15,11,8546,56,0,49,0,PLATINUM,II,61,15,13038
56,0,49,0,PLATINUM,II,61,14,11870,29,0,22,0,BRONZE,I,65,13,10121,29,0,22,0,BRONZE,I,65,14,11670,13,0,11,0,SILVER,IV,1,13,10010,13,0,11,0,SILVER,IV,1,12,9053,52,0,95,0,SILVER,IV,0,14,12193,52,0,95,0,SILVER,IV,0,15,14283,49,0,67,0,GOLD,II,24,17,16530,74,0,60,0,GOLD,II,15,17,16807,49,0,67,0,GOLD,II,24,13,10593
87,0,100,0,PLATINUM,II,5,14,12031,22,0,15,0,PLATINUM,IV,19,12,8891,33,0,31,0,PLATINUM,II,26,14,12352,98,0,107,0,PLATINUM,I,52,15,13022,115,0,102,0,PLATINUM,III,53,12,9677,56,0,49,0,PLATINUM,II,61,13,10180,49,0,67,0,GOLD,II,24,12,9035,82,0,68,0,GOLD,I,38,13,10402,74,0,60,0,GOLD,II,15,10,6248,91,0,94,0,SILVER,II,29,11,7351
228,0,207,0,GOLD,IV,0,15,13374,37,0,42,0,GOLD,I,38,14,11633,195,0,216,0,DIAMOND,III,43,15,13429,33,0,40,0,PLATINUM,IV,40,16,14987,139,0,124,0,PLATINUM,IV,57,16,16162,56,0,49,0,PLATINUM,II,61,17,17296,49,0,67,0,GOLD,II,24,18,18563,82,0,68,0,GOLD,I,38,17,17145,74,0,60,0,GOLD,II,15,13,11124,91,0,94,0,SILVER,II,29,17,16973
208,0,174,0,PLATINUM,IV,10,15,13129,64,0,65,0,PLATINUM,IV,15,13,10738,20,0,18,0,SILVER,I,100,15,13908,57,0,43,0,PLATINUM,III,1,15,14685,36,0,37,0,PLATINUM,III,0,15,14493,56,0,49,0,PLATINUM,II,61,16,15263,49,0,67,0,GOLD,II,24,16,15656,82,0,68,0,GOLD,I,38,17,17462,74,0,60,0,GOLD,II,15,15,14259,91,0,94,0,SILVER,II,29,17,16514
10,0,16,0,GOLD,II,65,18,25554,117,0,127,0,GOLD,IV,66,18,20032,94,0,82,0,GOLD,II,57,18,25008,94,0,82,0,GOLD,II,57,18,18876,83,0,72,0,PLATINUM,III,27,18,19104,46,0,46,0,GOLD,II,39,18,22021,46,0,46,0,GOLD,II,39,18,20229,122,0,130,0,PLATINUM,IV,35,18,23656,15,0,26,0,SILVER,I,18,17,16590,200,0,176,0,PLATINUM,IV,43,18,19629
40,0,51,0,SILVER,III,22,14,12836,159,0,142,0,PLATINUM,IV,0,15,13937,94,0,82,0,GOLD,II,57,17,16726,59,0,62,0,PLATINUM,IV,12,14,11855,34,0,26,0,GOLD,I,41,12,9848,215,0,246,0,BRONZE,IV,33,12,9680,21,0,21,0,SILVER,II,37,12,9468,64,0,93,0,PLATINUM,IV,60,15,13629,64,0,93,0,PLATINUM,IV,60,14,11898,64,0,93,0,PLATINUM,IV,60,11,7918
21,0,21,0,SILVER,II,37,16,15310,63,0,60,0,GOLD,I,7,17,16799,94,0,82,0,GOLD,II,57,16,16401,63,0,60,0,GOLD,I,7,15,13804,63,0,60,0,GOLD,I,7,15,14459,73,0,63,0,GOLD,II,0,18,18920,73,0,63,0,GOLD,II,0,17,17231,29,0,30,0,SILVER,I,71,16,16249,14,0,19,0,BRONZE,I,24,14,12718,270,0,248,0,PLATINUM,II,31,14,11559
94,0,82,0,GOLD,II,57,15,14275,546,0,521,0,PLATINUM,IV,0,15,13301,94,0,82,0,GOLD,II,57,14,12345,13,0,14,0,SILVER,IV,73,12,8587,103,0,105,0,GOLD,I,75,11,8317,8,0,14,0,GOLD,II,75,8,4284,20,0,12,0,GOLD,I,100,15,13112,216,0,229,0,BRONZE,IV,28,15,14623,67,0,59,0,GOLD,III,45,12,8703,14,0,12,0,SILVER,IV,0,12,9922
6,0,9,0,SILVER,III,89,18,27921,65,0,76,0,SILVER,IV,53,18,27439,94,0,82,0,GOLD,II,57,18,29144,10,0,16,0,GOLD,II,65,18,34735,10,0,16,0,GOLD,II,65,18,30653,10,0,16,0,GOLD,II,65,18,28397,92,0,77,0,PLATINUM,IV,10,18,29229,65,0,65,0,SILVER,II,49,18,27804,65,0,65,0,SILVER,II,49,18,27882,169,0,151,0,GOLD,III,68,18,27320
114,0,129,0,GOLD,IV,32,17,18320,171,0,162,0,GOLD,II,45,18,19595,57,0,55,0,GOLD,II,68,18,18715,123,0,127,0,SILVER,III,91,15,14422,15,0,19,0,GOLD,I,12,15,14350,88,0,90,0,GOLD,II,4,18,21780,423,0,398,0,GOLD,II,71,15,13969,286,0,294,0,PLATINUM,IV,25,15,14497,82,0,106,0,GOLD,IV,38,15,13487,207,0,197,0,GOLD,III,49,13,11143
132,0,128,0,GOLD,III,75,18,18731,126,0,111,0,GOLD,III,75,16,15118,41,0,46,0,GOLD,III,61,18,18787,549,0,556,0,PLATINUM,IV,0,16,15924,37,0,57,0,GOLD,III,3,14,12090,88,0,90,0,GOLD,II,4,18,22232,250,0,257,0,GOLD,III,30,16,15972,128,0,117,0,GOLD,II,32,17,17058,131,0,111,0,GOLD,II,0,17,17151,175,0,152,0,PLATINUM,IV,15,15,13553
517,0,511,0,GOLD,III,24,18,21665,60,0,67,0,GOLD,IV,49,18,19861,153,0,134,0,GOLD,III,34,18,20900,50,0,67,0,GOLD,IV,7,18,21260,112,0,108,0,GOLD,I,14,16,16134,88,0,90,0,GOLD,II,4,15,13742,70,0,69,0,GOLD,II,31,18,20878,41,0,32,0,GOLD,II,57,16,15586,230,0,237,0,GOLD,III,17,16,16412,169,0,170,0,GOLD,IV,90,18,18454
83,0,72,0,GOLD,III,17,16,16236,68,0,79,0,PLATINUM,IV,10,17,16893,275,0,261,0,GOLD,III,46,15,13654,130,0,115,0,GOLD,III,84,13,11001,263,0,277,0,GOLD,IV,13,13,11059,88,0,90,0,GOLD,II,4,16,15878,454,0,432,0,GOLD,II,60,14,11719,604,0,580,0,GOLD,I,92,15,13045,308,0,311,0,PLATINUM,IV,90,13,10334,100,0,110,0,GOLD,II,90,11,8217
178,0,162,0,GOLD,II,88,14,11802,159,0,160,0,GOLD,II,90,11,8493,300,0,291,0,GOLD,I,31,12,9595,119,0,97,0,GOLD,III,37,11,8401,257,0,243,0,GOLD,I,1,11,7581,88,0,90,0,GOLD,II,4,10,6353,188,0,159,0,PLATINUM,IV,40,10,6595,72,0,60,0,GOLD,II,29,11,8257,80,0,91,0,GOLD,II,72,11,7518,105,0,109,0,GOLD,I,75,9,5766
85,0,79,0,GOLD,III,76,7,3457,55,0,48,0,GOLD,II,32,6,2913,141,0,130,0,GOLD,II,15,8,4135,103,0,107,0,GOLD,II,23,3,1006,73,0,68,0,GOLD,II,41,6,3118,227,0,234,0,GOLD,I,41,8,4837,40,0,50,0,GOLD,III,91,7,3869,172,0,172,0,GOLD,II,82,7,3896,52,0,65,0,GOLD,II,77,7,3521,184,0,182,0,GOLD,I,46,6,2977
36,0,33,0,SILVER,IV,26,18,26897,28,0,32,0,SILVER,IV,0,18,21365,28,0,32,0,SILVER,IV,0,18,24000,28,0,32,0,SILVER,IV,0,18,24655,28,0,32,0,SILVER,IV,0,18,23094,26,0,31,0,SILVER,II,42,18,21947,137,0,151,0,GOLD,III,19,18,25858,172,0,172,0,GOLD,II,82,18,19744,114,0,109,0,GOLD,III,18,18,23506,20,0,22,0,BRONZE,I,86,18,23978
284,0,305,0,GOLD,III,0,14,11674,12,0,7,0,GOLD,IV,1,13,10384,13,0,15,0,SILVER,II,83,13,11433,17,0,16,0,GOLD,IV,0,13,10516,17,0,16,0,GOLD,IV,0,13,11303,36,0,43,0,GOLD,IV,17,12,8783,114,0,109,0,GOLD,III,18,13,10190,172,0,172,0,GOLD,II,82,11,7868,26,0,31,0,SILVER,II,42,12,8584,137,0,151,0,GOLD,III,19,10,6457
10,0,16,0,SILVER,I,47,15,13439,10,0,16,0,SILVER,I,47,14,12939,35,0,40,0,GOLD,II,15,15,13825,35,0,40,0,GOLD,II,15,14,12110,19,0,24,0,BRONZE,I,32,13,10595,36,0,43,0,GOLD,IV,17,15,14412,114,0,109,0,GOLD,III,18,15,14468,172,0,172,0,GOLD,II,82,14,12799,26,0,31,0,SILVER,II,42,14,12512,137,0,151,0,GOLD,III,19,13,10159
137,0,151,0,GOLD,III,19,18,20418,25,0,17,0,GOLD,IV,18,18,19724,7,0,5,0,BRONZE,III,90,16,16383,45,0,47,0,SILVER,II,84,18,20720,107,0,98,0,GOLD,IV,64,18,25087,36,0,43,0,GOLD,IV,17,17,16982,114,0,109,0,GOLD,III,18,18,21490,172,0,172,0,GOLD,II,82,18,19141,26,0,31,0,SILVER,II,42,18,18743,137,0,151,0,GOLD,III,19,15,14615
20,0,11,0,GOLD,IV,21,18,20075,71,0,90,0,SILVER,I,12,17,17821,222,0,203,0,PLATINUM,II,20,18,18740,222,0,203,0,PLATINUM,II,20,17,16576,98,0,84,0,GOLD,IV,82,16,15564,148,0,146,0,PLATINUM,IV,38,17,17482,41,0,57,0,BRONZE,IV,47,15,13911,8,0,6,0,GOLD,II,32,17,17780,122,0,124,0,GOLD,IV,56,16,14998,17,0,21,0,GOLD,III,40,15,13166
194,0,171,0,PLATINUM,III,73,16,15775,222,0,211,0,PLATINUM,IV,11,17,17864,186,0,156,0,PLATINUM,I,13,17,17310,83,0,64,0,PLATINUM,IV,28,15,13964,398,0,375,0,PLATINUM,IV,1,14,12600,138,0,131,0,GOLD,I,54,16,15908,26,0,21,0,GOLD,III,75,15,13802,8,0,6,0,GOLD,II,32,16,15914,60,0,64,0,GOLD,III,15,15,14687,246,0,231,0,PLATINUM,III,8,14,12454
263,0,261,0,PLATINUM,IV,0,15,13657,261,0,223,0,PLATINUM,IV,0,15,13337,41,0,20,0,GOLD,II,51,15,13452,44,0,40,0,GOLD,I,100,16,15010,188,0,179,0,PLATINUM,IV,35,13,10572,67,0,67,0,PLATINUM,IV,5,16,15574,130,0,122,0,GOLD,IV,50,14,12069,8,0,6,0,GOLD,II,32,16,15680,60,0,64,0,GOLD,III,15,16,15544,93,0,92,0,GOLD,II,90,13,11393
78,0,71,0,DIAMOND,III,51,16,15775,290,0,274,0,PLATINUM,II,2,14,12671,13,0,14,0,PLATINUM,II,68,14,11576,17,0,27,0,SILVER,III,21,15,13788,85,0,94,0,GOLD,II,25,14,11446,142,0,120,0,PLATINUM,IV,16,16,15227,60,0,64,0,GOLD,III,15,15,14667,8,0,6,0,GOLD,II,32,16,16405,352,0,321,0,CHALLENGER,I,901,14,12621,12,0,29,0,SILVER,I,35,13,10662
6,0,11,0,GOLD,II,70,16,15615,274,0,255,0,PLATINUM,IV,58,15,13583,21,0,17,0,GOLD,III,94,16,15720,18,0,17,0,SILVER,II,60,14,11524,15,0,10,0,GOLD,IV,1,14,11466,29,0,27,0,GOLD,I,0,18,22944,142,0,120,0,PLATINUM,IV,16,15,14638,8,0,6,0,GOLD,II,32,17,16594,60,0,64,0,GOLD,III,15,15,13538,99,0,91,0,PLATINUM,IV,35,15,13957
99,0,91,0,PLATINUM,IV,35,14,12488,99,0,91,0,PLATINUM,IV,35,15,13477,99,0,91,0,PLATINUM,IV,35,15,13898,99,0,91,0,PLATINUM,IV,35,14,12715,99,0,91,0,PLATINUM,IV,35,15,13338,99,0,91,0,PLATINUM,IV,35,15,14452,49,0,43,0,GOLD,II,33,17,16616,34,0,32,0,PLATINUM,III,0,15,13916,34,0,32,0,PLATINUM,III,0,15,14583,21,0,27,0,GOLD,I,66,14,12318
80,0,77,0,PLATINUM,IV,14,16,16103,76,0,85,0,PLATINUM,IV,0,15,13693,108,0,118,0,PLATINUM,IV,42,16,14945,78,0,69,0,PLATINUM,IV,4,15,13890,130,0,134,0,PLATINUM,IV,11,13,10046,34,0,32,0,PLATINUM,III,0,14,12382,49,0,43,0,GOLD,II,33,16,15272,113,0,104,0,PLATINUM,III,24,15,13471,42,0,30,0,PLATINUM,III,50,16,16021,274,0,246,0,PLATINUM,IV,92,16,15907
81,0,69,0,PLATINUM,IV,40,16,14836,183,0,213,0,PLATINUM,IV,25,13,11078,164,0,145,0,PLATINUM,IV,41,14,12889,15,0,21,0,GOLD,II,47,12,9743,16,0,19,0,GOLD,I,0,13,9968,121,0,124,0,PLATINUM,IV,0,15,13852,49,0,43,0,GOLD,II,33,15,13488,29,0,34,0,PLATINUM,IV,37,15,14622,689,0,691,0,PLATINUM,III,24,15,14182,34,0,32,0,PLATINUM,III,0,12,9074
463,0,446,0,PLATINUM,IV,14,12,8740,132,0,135,0,PLATINUM,IV,76,10,6434,76,0,72,0,GOLD,II,44,10,6557,239,0,240,0,PLATINUM,IV,60,9,5560,110,0,107,0,PLATINUM,III,79,8,4388,41,0,30,0,PLATINUM,III,14,13,10560,49,0,43,0,GOLD,II,33,11,7510,49,0,46,0,PLATINUM,IV,1,12,8747,59,0,52,0,PLATINUM,III,40,12,9293,34,0,32,0,PLATINUM,III,0,10,6249
229,0,216,0,GOLD,II,4,17,16996,55,0,55,0,GOLD,II,23,17,17361,136,0,111,0,PLATINUM,II,59,18,19023,164,0,188,0,GOLD,IV,65,16,15923,132,0,131,0,GOLD,II,69,14,12418,52,0,55,0,GOLD,III,44,18,18564,49,0,43,0,GOLD,II,33,16,16270,59,0,68,0,GOLD,III,70,18,22051,7,0,8,0,GOLD,IV,26,17,17653,42,0,39,0,GOLD,IV,1,15,13954
74,0,82,0,PLATINUM,III,20,18,20206,153,0,154,0,PLATINUM,IV,0,17,18001,153,0,154,0,PLATINUM,IV,0,14,12974,12,0,19,0,GOLD,II,63,18,19605,12,0,19,0,GOLD,II,63,16,15508,12,0,19,0,GOLD,II,63,16,16389,8,0,4,0,SILVER,III,30,15,14389,80,0,74,0,GOLD,III,29,16,15112,21,0,25,0,GOLD,I,64,17,16723,23,0,11,0,PLATINUM,I,56,16,15730
4,0,7,0,GOLD,IV,42,13,10556,153,0,154,0,PLATINUM,IV,0,15,13279,153,0,154,0,PLATINUM,IV,0,12,9940,12,0,19,0,GOLD,II,63,15,13277,15,0,17,0,GOLD,III,35,11,8027,62,0,49,0,PLATINUM,I,33,14,12705,39,0,34,0,GOLD,I,39,14,12597,22,0,24,0,GOLD,II,0,15,13675,100,0,115,0,PLATINUM,I,0,14,12727,30,0,32,0,PLATINUM,IV,75,13,11222
153,0,154,0,PLATINUM,IV,0,14,11521,287,0,305,0,SILVER,II,47,12,9436,15,0,17,0,GOLD,III,35,11,8575,12,0,19,0,GOLD,II,63,14,12622,15,0,17,0,GOLD,III,35,11,8412,15,0,17,0,GOLD,III,35,16,14837,69,0,53,0,GOLD,I,15,13,11194,258,0,256,0,PLATINUM,IV,42,16,15009,258,0,256,0,PLATINUM,IV,42,12,9014,327,0,312,0,GOLD,II,12,11,7956
287,0,305,0,SILVER,II,47,16,14825,84,0,96,0,DIAMOND,I,21,17,16605,12,0,19,0,GOLD,II,63,16,16295,12,0,19,0,GOLD,II,63,17,16505,22,0,18,0,GOLD,IV,1,15,14544,442,0,442,0,PLATINUM,I,75,17,18250,13,0,19,0,GOLD,III,47,18,21292,36,0,39,0,PLATINUM,II,27,17,18327,30,0,26,0,PLATINUM,II,8,16,16468,213,0,188,0,PLATINUM,IV,0,15,13212
153,0,154,0,PLATINUM,IV,0,17,17767,153,0,154,0,PLATINUM,IV,0,17,17470,69,0,77,0,PLATINUM,IV,0,18,18443,12,0,19,0,GOLD,II,63,18,24587,22,0,18,0,GOLD,IV,1,17,17419,32,0,23,0,PLATINUM,IV,66,18,21117,101,0,90,0,PLATINUM,IV,72,18,20928,46,0,41,0,GOLD,II,92,18,19616,22,0,10,0,SILVER,I,50,16,15046,9,0,9,0,GOLD,II,72,15,13444
87,0,80,0,GOLD,IV,34,13,11261,40,0,41,0,PLATINUM,III,0,14,12771,24,0,19,0,GOLD,II,5,12,9945,24,0,19,0,GOLD,II,5,12,8756,15,0,7,0,SILVER,II,39,13,10693,158,0,154,0,GOLD,II,61,15,13561,159,0,146,0,PLATINUM,IV,22,15,14083,107,0,103,0,DIAMOND,III,0,16,15737,178,0,167,0,PLATINUM,III,32,13,10801,118,0,106,0,GOLD,I,64,14,11646
160,0,135,0,PLATINUM,IV,1,11,8221,43,0,42,0,GOLD,III,0,10,6229,33,0,35,0,GOLD,III,19,10,7271,135,0,133,0,PLATINUM,III,0,10,6124,135,0,133,0,PLATINUM,III,0,8,4805,158,0,154,0,GOLD,II,61,9,5634,124,0,99,0,PLATINUM,I,35,9,5442,72,0,54,0,SILVER,I,93,10,6764,107,0,103,0,DIAMOND,III,0,9,5147,159,0,146,0,PLATINUM,IV,22,8,4926
222,0,227,0,DIAMOND,IV,27,16,15421,89,0,79,0,DIAMOND,IV,57,14,12645,128,0,123,0,PLATINUM,III,63,15,13274,27,0,33,0,GOLD,I,42,15,13288,36,0,36,0,GOLD,IV,17,12,9831,158,0,154,0,GOLD,II,61,16,15859,159,0,146,0,PLATINUM,IV,22,15,13509,178,0,167,0,PLATINUM,III,32,16,16456,124,0,99,0,PLATINUM,I,35,17,17144,107,0,103,0,DIAMOND,III,0,15,14396
151,0,145,0,SILVER,III,76,18,30049,212,0,198,0,GOLD,II,78,18,31187,156,0,142,0,GOLD,IV,0,18,31092,174,0,186,0,GOLD,IV,0,18,19780,131,0,149,0,SILVER,III,55,18,21696,158,0,154,0,GOLD,II,61,18,28272,118,0,106,0,GOLD,I,64,18,23550,138,0,155,0,SILVER,IV,22,18,24297,159,0,146,0,PLATINUM,IV,22,18,27591,393,0,383,0,PLATINUM,II,30,18,28801
10,0,8,0,SILVER,II,1,11,8241,31,0,50,0,BRONZE,III,16,9,5213,117,0,112,0,SILVER,I,100,10,6776,14,0,13,0,SILVER,II,59,8,4278,41,0,32,0,GOLD,IV,1,7,3601,158,0,154,0,GOLD,II,61,9,5193,118,0,106,0,GOLD,I,64,8,5013,393,0,383,0,PLATINUM,II,30,10,6689,138,0,155,0,SILVER,IV,22,10,6708,159,0,146,0,PLATINUM,IV,22,9,6035
284,0,270,0,GOLD,IV,0,14,12099,110,0,104,0,GOLD,IV,31,16,15979,205,0,207,0,GOLD,II,15,17,17102,132,0,132,0,GOLD,IV,52,14,12165,295,0,294,0,GOLD,IV,0,12,8891,209,0,196,0,GOLD,IV,31,14,11983,36,0,25,0,GOLD,IV,1,13,10444,58,0,62,0,GOLD,IV,45,14,11885,126,0,127,0,GOLD,III,0,12,9683,71,0,79,0,GOLD,IV,30,11,8399
284,0,270,0,GOLD,IV,0,13,10884,295,0,294,0,GOLD,IV,0,13,11136,205,0,207,0,GOLD,II,15,14,12062,306,0,295,0,GOLD,IV,42,12,9292,122,0,107,0,GOLD,IV,0,12,9831,106,0,109,0,GOLD,IV,51,16,14838,25,0,26,0,SILVER,I,47,15,13128,35,0,26,0,SILVER,I,99,15,13601,356,0,368,0,GOLD,IV,63,15,14615,80,0,91,0,GOLD,III,9,13,10407
23,0,26,0,SILVER,I,8,16,16389,82,0,37,0,SILVER,I,100,18,18436,205,0,207,0,GOLD,II,15,18,18866,47,0,34,0,GOLD,II,77,17,17131,256,0,229,0,GOLD,II,16,15,14148,27,0,25,0,GOLD,IV,0,17,17234,159,0,137,0,GOLD,III,54,14,11680,23,0,19,0,SILVER,I,57,16,16284,82,0,82,0,GOLD,IV,11,16,14791,39,0,41,0,GOLD,IV,48,13,10777
82,0,37,0,SILVER,I,100,16,16029,40,0,48,0,GOLD,IV,38,16,16199,205,0,207,0,GOLD,II,15,17,16571,499,0,497,0,GOLD,II,14,14,12357,259,0,282,0,GOLD,IV,76,13,10416,227,0,192,0,GOLD,III,0,15,14146,248,0,237,0,GOLD,III,27,15,14217,210,0,207,0,GOLD,III,0,15,13327,46,0,55,0,SILVER,I,64,16,15106,150,0,133,0,GOLD,II,62,14,12337
82,0,37,0,SILVER,I,100,14,12879,85,0,75,0,SILVER,II,31,14,11930,205,0,207,0,GOLD,II,15,15,13990,58,0,45,0,GOLD,II,61,14,12770,62,0,70,0,GOLD,II,0,12,9307,181,0,173,0,GOLD,III,60,17,17308,404,0,364,0,GOLD,III,75,15,13801,190,0,166,0,GOLD,III,9,15,13923,101,0,103,0,GOLD,III,18,14,11784,73,0,54,0,GOLD,II,31,16,15489
14,0,18,0,GOLD,II,87,18,24220,153,0,113,0,SILVER,I,19,17,17422,22,0,20,0,SILVER,III,80,18,22070,6,0,8,0,BRONZE,IV,67,15,14441,104,0,95,0,GOLD,IV,75,14,12241,23,0,20,0,GOLD,IV,0,16,16400,185,0,161,0,DIAMOND,IV,15,18,18832,185,0,161,0,DIAMOND,IV,15,18,19745,185,0,161,0,DIAMOND,IV,15,18,18472,219,0,210,0,GOLD,IV,13,17,17554
14,0,18,0,GOLD,II,87,18,19716,28,0,27,0,SILVER,II,50,18,20494,174,0,131,0,SILVER,II,21,18,22365,14,0,18,0,GOLD,II,87,18,22133,14,0,18,0,GOLD,II,87,18,21315,13,0,9,0,SILVER,I,34,18,22830,13,0,9,0,SILVER,I,34,18,20260,13,0,9,0,SILVER,I,34,18,22166,8,0,4,0,SILVER,I,0,18,20560,8,0,4,0,SILVER,I,0,17,17817
14,0,18,0,GOLD,II,87,15,13343,104,0,102,0,PLATINUM,IV,17,14,12608,104,0,95,0,GOLD,IV,75,14,12151,72,0,83,0,GOLD,II,75,14,11813,76,0,68,0,GOLD,I,100,13,10780,124,0,123,0,PLATINUM,IV,2,16,15413,42,0,39,0,GOLD,I,64,15,13285,136,0,145,0,GOLD,I,100,15,13741,13,0,10,0,GOLD,II,0,14,12965,226,0,224,0,PLATINUM,IV,0,14,11580
14,0,18,0,GOLD,II,87,16,16271,355,0,318,0,PLATINUM,IV,37,16,16237,104,0,95,0,GOLD,IV,75,16,15502,123,0,121,0,GOLD,I,3,17,16675,518,0,502,0,GOLD,II,75,16,14834,298,0,269,0,PLATINUM,IV,8,15,14271,78,0,85,0,GOLD,III,75,15,14095,84,0,93,0,GOLD,I,16,16,15146,125,0,129,0,PLATINUM,IV,15,14,12033,10,0,12,0,GOLD,IV,91,13,11085
14,0,18,0,GOLD,II,87,18,22767,14,0,18,0,GOLD,II,87,18,28644,14,0,18,0,GOLD,II,87,18,25600,14,0,18,0,GOLD,II,87,18,27750,196,0,180,0,GOLD,II,13,18,26813,10,0,12,0,GOLD,IV,91,18,31282,29,0,19,0,SILVER,I,40,18,28064,38,0,43,0,BRONZE,I,30,18,29302,21,0,18,0,BRONZE,II,96,18,25706,21,0,18,0,SILVER,I,73,18,31205
17,0,14,0,SILVER,I,20,17,17101,58,0,61,0,GOLD,IV,0,18,23867,58,0,61,0,GOLD,IV,0,16,16302,53,0,50,0,GOLD,II,19,18,18955,53,0,50,0,GOLD,II,19,16,14920,48,0,67,0,GOLD,IV,79,16,14728,48,0,67,0,GOLD,IV,79,16,15562,12,0,6,0,GOLD,II,1,17,17870,170,0,153,0,GOLD,IV,0,15,13070,22,0,26,0,PLATINUM,II,75,14,11792
242,0,238,0,GOLD,II,9,17,17975,242,0,238,0,GOLD,II,9,14,12315,48,0,58,0,PLATINUM,IV,26,18,19501,477,0,464,0,MASTER,I,0,18,20166,95,0,86,0,SILVER,II,47,15,14225,37,0,46,0,GOLD,II,79,17,17137,48,0,67,0,GOLD,IV,79,15,14144,12,0,6,0,GOLD,II,1,17,17673,170,0,153,0,GOLD,IV,0,15,14656,170,0,153,0,GOLD,IV,0,13,11401
14,0,20,0,SILVER,III,13,16,15639,14,0,20,0,SILVER,III,13,17,17415,14,0,20,0,SILVER,III,13,16,15454,19,0,13,0,SILVER,I,82,17,17215,29,0,34,0,SILVER,IV,11,14,12596,6,0,9,0,BRONZE,I,12,14,11736,14,0,7,0,SILVER,IV,77,15,13353,12,0,6,0,GOLD,II,1,16,15080,108,0,114,0,GOLD,II,0,13,11031,14,0,20,0,SILVER,III,13,15,14218
68,0,61,0,PLATINUM,IV,17,17,18358,123,0,130,0,GOLD,II,36,16,15538,154,0,123,0,GOLD,IV,25,15,14353,37,0,32,0,GOLD,III,55,16,15060,25,0,31,0,GOLD,III,18,13,11196,6,0,9,0,BRONZE,I,12,13,10242,14,0,7,0,SILVER,IV,77,15,13731,12,0,6,0,GOLD,II,1,15,14371,108,0,114,0,GOLD,II,0,13,10078,14,0,20,0,SILVER,III,13,12,9864
40,0,41,0,PLATINUM,IV,72,18,24760,13,0,12,0,SILVER,IV,60,16,16243,250,0,256,0,GOLD,II,30,18,18649,6,0,7,0,SILVER,III,12,17,18062,130,0,110,0,PLATINUM,II,10,17,16875,14,0,20,0,SILVER,III,13,17,17549,108,0,114,0,GOLD,II,0,17,18103,12,0,6,0,GOLD,II,1,18,20739,108,0,114,0,GOLD,II,0,18,20824,40,0,41,0,PLATINUM,IV,72,17,17232
130,0,110,0,PLATINUM,II,10,13,10006,25,0,19,0,SILVER,II,48,12,9817,43,0,56,0,GOLD,II,15,12,9723,43,0,56,0,GOLD,II,15,11,7834,18,0,24,0,GOLD,IV,0,12,8829,18,0,24,0,GOLD,IV,0,13,10412,20,0,15,0,SILVER,III,84,14,11552,7,0,5,0,GOLD,II,18,14,12541,26,0,20,0,GOLD,IV,20,13,11205,64,0,66,0,BRONZE,I,32,13,10173
6,0,8,0,SILVER,II,25,18,31962,37,0,45,0,SILVER,I,43,18,27833,43,0,56,0,GOLD,II,15,18,28421,29,0,24,0,PLATINUM,IV,38,18,32314,29,0,24,0,PLATINUM,IV,38,18,28697,29,0,24,0,PLATINUM,IV,38,18,27788,18,0,20,0,SILVER,I,41,18,28911,18,0,20,0,SILVER,I,41,18,26698,18,0,20,0,SILVER,I,41,18,27446,18,0,20,0,SILVER,I,41,18,29195
18,0,20,0,SILVER,I,41,18,25846,19,0,12,0,SILVER,IV,14,18,30294,43,0,56,0,GOLD,II,15,18,25049,202,0,221,0,GOLD,IV,0,18,25970,29,0,24,0,PLATINUM,IV,38,18,25770,29,0,24,0,PLATINUM,IV,38,18,23649,16,0,15,0,GOLD,I,15,18,25917,16,0,15,0,GOLD,I,15,18,31365,15,0,10,0,SILVER,IV,84,18,27995,55,0,61,0,GOLD,IV,0,18,33970
198,0,176,0,SILVER,II,59,17,18205,29,0,24,0,PLATINUM,IV,38,18,19351,43,0,56,0,GOLD,II,15,18,20341,29,0,24,0,PLATINUM,IV,38,17,18146,4,0,8,0,GOLD,IV,80,18,20250,31,0,41,0,GOLD,I,17,18,19936,31,0,41,0,GOLD,I,17,18,20131,31,0,41,0,GOLD,I,17,18,20702,31,0,41,0,GOLD,I,17,18,23229,198,0,176,0,SILVER,II,59,18,22626
4,0,8,0,GOLD,IV,80,18,25362,29,0,24,0,PLATINUM,IV,38,18,23152,43,0,56,0,GOLD,II,15,18,25811,4,0,21,0,SILVER,IV,96,18,21669,4,0,8,0,GOLD,IV,80,18,24922,4,0,8,0,GOLD,IV,80,18,24074,4,0,8,0,GOLD,IV,80,18,24559,4,0,8,0,GOLD,IV,80,18,22987,18,0,12,0,SILVER,I,100,18,24958,56,0,58,0,GOLD,I,0,18,22437
42,0,30,0,GOLD,I,81,13,10212,319,0,319,0,PLATINUM,IV,40,12,9896,134,0,105,0,PLATINUM,IV,45,11,8511,137,0,156,0,GOLD,IV,43,12,8786,176,0,174,0,PLATINUM,IV,21,11,8308,269,0,273,0,GOLD,III,0,10,6987,72,0,76,0,GOLD,I,22,10,6611,178,0,184,0,PLATINUM,IV,44,12,9157,16,0,10,0,SILVER,I,63,10,6704,23,0,19,0,GOLD,II,48,9,5490
518,0,515,0,PLATINUM,IV,78,14,12887,253,0,245,0,PLATINUM,IV,60,13,10878,123,0,130,0,PLATINUM,IV,62,16,14825,217,0,207,0,PLATINUM,III,15,14,11831,297,0,249,0,PLATINUM,IV,30,12,9511,17,0,18,0,GOLD,II,15,13,11325,82,0,73,0,PLATINUM,IV,15,13,10623,106,0,84,0,GOLD,I,26,13,11112,40,0,51,0,GOLD,III,50,12,9288,23,0,19,0,GOLD,II,48,10,6471
227,0,236,0,PLATINUM,III,60,14,12399,185,0,173,0,PLATINUM,IV,0,11,8171,55,0,46,0,GOLD,III,85,12,9394,73,0,62,0,PLATINUM,III,4,12,9276,130,0,134,0,PLATINUM,IV,0,10,6935,394,0,401,0,PLATINUM,IV,16,11,8410,360,0,373,0,PLATINUM,IV,0,12,8670,266,0,262,0,PLATINUM,IV,26,12,8861,101,0,108,0,PLATINUM,IV,0,10,6860,23,0,19,0,GOLD,II,48,8,4561
33,0,47,0,GOLD,II,6,18,19345,390,0,357,0,DIAMOND,III,75,17,18201,47,0,36,0,PLATINUM,II,9,16,16252,375,0,377,0,PLATINUM,IV,93,15,13439,126,0,104,0,PLATINUM,III,53,15,13275,310,0,314,0,PLATINUM,III,41,16,15756,257,0,238,0,PLATINUM,I,41,15,13170,101,0,108,0,PLATINUM,IV,0,15,13668,244,0,234,0,DIAMOND,IV,44,15,13810,23,0,19,0,GOLD,II,48,13,10619
114,0,120,0,PLATINUM,III,75,15,13700,687,0,689,0,PLATINUM,IV,0,13,11162,336,0,321,0,PLATINUM,III,61,13,11140,243,0,212,0,DIAMOND,IV,45,14,12419,179,0,167,0,PLATINUM,IV,57,12,9021,377,0,371,0,PLATINUM,IV,23,12,9804,172,0,164,0,PLATINUM,III,26,13,10042,161,0,169,0,PLATINUM,III,39,12,8815,101,0,108,0,PLATINUM,IV,0,12,8908,23,0,19,0,GOLD,II,48,12,9363
101,0,108,0,PLATINUM,IV,0,18,23140,23,0,33,0,SILVER,IV,26,16,16060,125,0,130,0,BRONZE,II,39,18,19859,8,0,5,0,BRONZE,IV,86,16,16200,197,0,176,0,GOLD,II,7,17,17243,19,0,22,0,BRONZE,III,47,18,20641,107,0,124,0,BRONZE,II,2,18,20759,15,0,14,0,SILVER,IV,45,18,20703,95,0,84,0,SILVER,II,45,17,16733,83,0,73,0,GOLD,IV,60,17,17258
10,0,14,0,BRONZE,IV,10,13,11125,62,0,56,0,SILVER,IV,77,14,12294,62,0,56,0,SILVER,IV,77,13,11193,8,0,5,0,BRONZE,IV,86,11,7875,197,0,176,0,GOLD,II,7,10,7201,41,0,38,0,SILVER,II,22,13,11386,14,0,18,0,SILVER,III,51,11,8330,10,0,14,0,BRONZE,IV,10,12,9850,10,0,14,0,BRONZE,IV,10,10,6957,10,0,14,0,BRONZE,IV,10,9,6074
108,0,130,0,GOLD,III,60,16,16285,179,0,175,0,GOLD,II,46,14,12975,138,0,126,0,GOLD,II,10,14,11641,76,0,66,0,GOLD,III,66,14,11460,197,0,176,0,GOLD,II,7,12,9042,87,0,77,0,GOLD,III,8,15,13862,35,0,33,0,GOLD,I,1,17,16608,260,0,221,0,GOLD,II,53,15,13532,72,0,55,0,GOLD,II,21,15,13044,161,0,116,0,GOLD,II,30,14,12634
207,0,184,0,GOLD,III,73,15,14133,48,0,39,0,GOLD,III,9,15,13130,70,0,68,0,GOLD,III,19,13,11278,309,0,296,0,GOLD,II,8,14,12206,197,0,176,0,GOLD,II,7,12,9283,84,0,72,0,GOLD,III,56,14,12560,906,0,916,0,GOLD,II,38,15,13646,72,0,81,0,GOLD,III,31,15,13302,72,0,71,0,GOLD,III,58,14,11627,83,0,80,0,GOLD,III,31,11,8477
92,0,82,0,GOLD,IV,14,14,11467,92,0,82,0,GOLD,IV,14,14,12076,52,0,58,0,SILVER,IV,0,13,10854,8,0,5,0,BRONZE,IV,86,13,10798,197,0,176,0,GOLD,II,7,12,9849,83,0,80,0,GOLD,III,31,13,10820,83,0,80,0,GOLD,III,31,11,8402,322,0,251,0,GOLD,III,29,13,11366,92,0,82,0,GOLD,IV,14,11,8149,92,0,82,0,GOLD,IV,14,10,7146
382,0,391,0,GOLD,II,63,13,11258,30,0,34,0,GOLD,II,34,13,11082,323,0,332,0,GOLD,I,32,13,10018,376,0,377,0,GOLD,I,50,12,9786,123,0,117,0,PLATINUM,IV,4,10,7166,99,0,82,0,PLATINUM,IV,43,16,15888,397,0,381,0,GOLD,I,74,14,12989,27,0,26,0,GOLD,III,48,15,14593,357,0,346,0,GOLD,I,18,13,10889,38,0,22,0,PLATINUM,IV,0,12,9279
29,0,31,0,GOLD,I,2,16,14819,30,0,34,0,GOLD,II,34,16,15991,45,0,32,0,PLATINUM,IV,34,16,15048,67,0,57,0,GOLD,I,53,15,13184,140,0,121,0,PLATINUM,IV,84,14,11975,237,0,214,0,PLATINUM,IV,0,16,16402,7,0,18,0,GOLD,II,26,14,12590,45,0,41,0,GOLD,III,73,16,15159,160,0,163,0,GOLD,I,0,15,13082,30,0,24,0,GOLD,IV,75,12,9797
308,0,300,0,PLATINUM,IV,43,12,9361,30,0,34,0,GOLD,II,34,10,6849,249,0,242,0,PLATINUM,IV,4,11,8156,149,0,141,0,PLATINUM,IV,77,10,6497,212,0,201,0,GOLD,I,52,9,5536,241,0,262,0,GOLD,III,68,12,9809,122,0,111,0,PLATINUM,IV,76,12,9397,84,0,82,0,PLATINUM,IV,16,13,11190,278,0,266,0,PLATINUM,III,80,11,7989,133,0,104,0,PLATINUM,III,0,10,7125
52,0,67,0,GOLD,III,60,16,15637,30,0,34,0,GOLD,II,34,16,16381,60,0,64,0,PLATINUM,IV,29,16,16009,265,0,251,0,PLATINUM,IV,0,16,15817,85,0,91,0,GOLD,IV,32,14,12437,52,0,75,0,GOLD,II,17,17,17740,153,0,125,0,PLATINUM,III,0,17,16804,55,0,58,0,PLATINUM,IV,0,15,14378,46,0,49,0,PLATINUM,III,63,17,17876,295,0,290,0,PLATINUM,IV,0,16,15934
273,0,287,0,GOLD,II,0,13,10911,30,0,34,0,GOLD,II,34,14,12456,270,0,268,0,PLATINUM,IV,0,16,15709,273,0,272,0,GOLD,I,32,14,11918,85,0,91,0,GOLD,IV,32,11,8272,155,0,158,0,PLATINUM,IV,0,13,10272,43,0,48,0,GOLD,I,57,10,6836,155,0,147,0,PLATINUM,IV,86,12,8869,175,0,167,0,PLATINUM,IV,13,11,7356,74,0,49,0,GOLD,II,6,10,6334
120,0,105,0,GOLD,III,18,15,13379,167,0,141,0,GOLD,II,85,15,13246,199,0,185,0,GOLD,II,15,15,13051,233,0,212,0,GOLD,II,12,13,10925,78,0,65,0,GOLD,III,51,12,9363,180,0,172,0,GOLD,II,0,12,9645,82,0,81,0,GOLD,IV,75,13,11193,118,0,109,0,GOLD,III,75,13,11004,351,0,354,0,GOLD,II,0,12,9339,261,0,260,0,GOLD,II,24,10,6865
120,0,105,0,GOLD,III,18,17,18051,167,0,141,0,GOLD,II,85,17,17649,185,0,184,0,GOLD,II,0,15,14132,401,0,353,0,GOLD,III,60,15,13328,31,0,34,0,GOLD,III,18,16,14753,72,0,73,0,GOLD,IV,62,15,13291,78,0,75,0,GOLD,III,39,13,10143,261,0,270,0,GOLD,III,0,14,12872,55,0,46,0,GOLD,III,0,14,11923,257,0,234,0,GOLD,III,69,14,11494
120,0,105,0,GOLD,III,18,18,39922,167,0,141,0,GOLD,II,85,18,37330,14,0,8,0,SILVER,IV,64,18,31026,14,0,8,0,SILVER,IV,64,18,39108,14,0,8,0,SILVER,IV,64,18,32751,14,0,29,0,SILVER,IV,12,18,46442,123,0,104,0,GOLD,III,76,18,37840,6,0,5,0,SILVER,IV,62,18,35180,6,0,5,0,SILVER,IV,62,18,33322,6,0,5,0,SILVER,IV,62,18,36434
130,0,125,0,GOLD,III,0,14,12529,167,0,141,0,GOLD,II,85,13,11418,166,0,175,0,GOLD,IV,25,14,12249,124,0,141,0,PLATINUM,I,77,16,15926,159,0,159,0,BRONZE,I,0,12,8792,31,0,30,0,GOLD,III,24,14,12021,134,0,128,0,PLATINUM,IV,37,16,16201,137,0,156,0,SILVER,II,28,16,15544,124,0,114,0,PLATINUM,IV,28,16,16353,260,0,242,0,PLATINUM,II,40,17,17337
130,0,125,0,GOLD,III,0,13,11048,167,0,141,0,GOLD,II,85,13,10937,159,0,159,0,BRONZE,I,0,12,8748,124,0,141,0,PLATINUM,I,77,13,11096,166,0,175,0,GOLD,IV,25,14,12203,8,0,6,0,GOLD,I,96,13,9967,13,0,9,0,SILVER,II,88,12,9344,37,0,38,0,SILVER,III,68,9,5387,153,0,165,0,DIAMOND,III,3,12,9534,52,0,58,0,SILVER,III,58,12,9077
121,0,125,0,PLATINUM,IV,51,18,19668,191,0,198,0,PLATINUM,IV,2,18,23150,90,0,79,0,PLATINUM,III,26,18,18989,45,0,56,0,GOLD,I,100,18,18869,119,0,108,0,PLATINUM,IV,13,16,14840,21,0,23,0,PLATINUM,II,63,17,17522,205,0,204,0,PLATINUM,IV,0,17,17763,88,0,87,0,GOLD,II,23,18,21811,418,0,396,0,PLATINUM,IV,46,15,13968,65,0,65,0,GOLD,I,42,16,16248
12,0,12,0,SILVER,II,60,17,16495,350,0,358,0,GOLD,III,14,15,14604,56,0,51,0,GOLD,II,11,15,14559,25,0,29,0,GOLD,IV,0,14,12670,168,0,163,0,GOLD,III,28,13,10429,13,0,7,0,SILVER,I,18,15,13924,123,0,127,0,GOLD,III,41,16,15997,88,0,87,0,GOLD,II,23,16,15989,55,0,37,0,GOLD,I,2,15,14306,74,0,67,0,GOLD,III,97,14,11711
