ally_0_wins,ally_0_miniseries_wins,ally_0_losses,ally_0_miniseries_losses,ally_0_tier,ally_0_league_points,ally_0_champion_level,ally_0_champion_experience,ally_1_wins,ally_1_miniseries_wins,ally_1_losses,ally_1_miniseries_losses,ally_1_tier,ally_1_league_points,ally_1_champion_level,ally_1_champion_experience,main_player_win,main_player_miniseries_wins,main_player_losses,main_player_miniseries_losses,main_player_tier,main_player_league_points,main_player_champion_level,main_player_champion_experience,ally_2_wins,ally_2_miniseries_wins,ally_2_losses,ally_2_miniseries_losses,ally_2_tier,ally_2_league_points,ally_2_champion_level,ally_2_champion_experience,ally_3_wins,ally_3_miniseries_wins,ally_3_losses,ally_3_miniseries_losses,ally_3_tier,ally_3_league_points,ally_3_champion_level,ally_3_champion_experience,rival_0_wins,rival_0_miniseries_wins,rival_0_losses,rival_0_miniseries_losses,rival_0_tier,rival_0_league_points,rival_0_champion_level,rival_0_champion_experience,rival_1_wins,rival_1_miniseries_wins,rival_1_losses,rival_1_miniseries_losses,rival_1_tier,rival_1_league_points,rival_1_champion_level,rival_1_champion_experience,rival_2_wins,rival_2_miniseries_wins,rival_2_losses,rival_2_miniseries_losses,rival_2_tier,rival_2_league_points,rival_2_champion_level,rival_2_champion_experience,rival_3_wins,rival_3_miniseries_wins,rival_3_losses,rival_3_miniseries_losses,rival_3_tier,rival_3_league_points,rival_3_champion_level,rival_3_champion_experience,rival_4_wins,rival_4_miniseries_wins,rival_4_losses,rival_4_miniseries_losses,rival_4_tier,rival_4_league_points,rival_4_champion_level,rival_4_champion_experience
6,0,26,0,IRON_I,37,10,6919,60,0,59,0,BRONZE_II,10,10,7240,6,0,28,0,IRON_III,13,10,7283,36,0,38,0,IRON_I,0,9,5086,142,0,132,0,BRONZE_IV,0,9,5853,169,0,185,0,BRONZE_IV,0,13,10792,25,0,33,0,IRON_II,72,10,6314,34,0,52,0,IRON_I,40,12,9415,63,0,113,0,BRONZE_III,32,10,7219,167,0,161,0,IRON_III,68,10,6649
191,0,194,0,BRONZE_IV,0,10,6944,6,0,26,0,IRON_I,37,8,4822,6,0,28,0,IRON_III,13,10,6286,90,0,79,0,BRONZE_III,75,6,2476,142,0,140,0,IRON_II,51,9,5448,58,0,93,0,IRON_IV,70,11,7695,299,0,308,0,BRONZE_III,65,11,7969,54,0,75,0,BRONZE_IV,0,11,7975,169,0,155,0,BRONZE_II,61,10,6199,27,0,48,0,BRONZE_IV,0,9,5118
133,0,139,0,BRONZE_IV,76,15,13637,22,0,59,0,IRON_IV,33,11,7680,240,0,263,0,BRONZE_IV,0,14,12477,362,0,353,0,BRONZE_IV,81,13,10047,169,0,148,0,BRONZE_IV,68,12,9823,261,0,243,0,BRONZE_IV,83,14,12152,183,0,177,0,BRONZE_III,31,12,9510,412,0,389,0,SILVER_IV,15,12,9615,173,0,193,0,IRON_II,50,12,9890,32,0,55,0,IRON_III,1,11,8571
77,0,96,0,IRON_III,87,12,9565,191,0,225,0,IRON_IV,41,9,5993,128,0,107,0,BRONZE_IV,33,11,7782,13,0,29,0,IRON_II,40,9,5867,91,0,99,0,IRON_I,0,9,6064,219,0,162,0,GOLD_I,100,13,10515,61,0,58,0,IRON_II,0,12,8863,322,0,328,0,BRONZE_III,20,12,8938,553,0,549,0,BRONZE_IV,23,10,7279,32,0,55,0,IRON_III,1,10,6618
249,0,294,0,IRON_IV,59,17,17213,127,0,112,0,BRONZE_III,0,18,20127,222,0,230,0,IRON_I,0,17,16667,125,0,127,0,SILVER_IV,6,18,22947,68,0,90,0,IRON_III,42,16,15291,189,0,204,0,IRON_III,75,18,20361,64,0,83,0,BRONZE_IV,64,18,19676,167,0,156,0,BRONZE_II,75,18,24591,512,0,553,0,BRONZE_III,14,18,23873,32,0,55,0,IRON_III,1,18,20727
22,0,13,0,IRON_I,40,3,1025,35,0,46,0,BRONZE_III,38,3,840,209,0,217,0,BRONZE_III,9,3,1025,164,0,160,0,BRONZE_IV,30,2,488,180,0,182,0,BRONZE_II,17,2,488,11,0,22,0,BRONZE_IV,23,2,603,114,0,125,0,IRON_II,12,3,1070,221,0,228,0,BRONZE_III,28,1,0,128,0,140,0,BRONZE_III,54,3,664,32,0,55,0,IRON_III,1,3,803
36,0,48,0,IRON_III,89,13,10175,221,0,182,0,SILVER_II,36,13,10726,283,0,286,0,BRONZE_III,90,14,11814,120,0,109,0,IRON_I,1,11,7892,560,0,573,0,BRONZE_I,25,13,10130,129,0,127,0,BRONZE_III,17,13,10153,122,0,125,0,BRONZE_III,30,12,9406,5,0,10,0,IRON_II,28,13,10031,316,0,321,0,BRONZE_II,1,11,8436,32,0,55,0,IRON_III,1,12,8728
172,0,187,0,BRONZE_IV,0,12,9889,18,0,46,0,IRON_II,66,12,9740,249,0,261,0,BRONZE_IV,33,12,8956,133,0,163,0,BRONZE_I,43,13,10244,307,0,388,0,IRON_IV,55,12,8932,353,0,360,0,BRONZE_IV,22,14,11655,11,0,23,0,IRON_III,8,14,12855,120,0,119,0,BRONZE_II,9,16,14953,184,0,180,0,BRONZE_III,26,13,10126,80,0,78,0,BRONZE_III,93,13,10792
73,0,72,0,IRON_I,95,14,11697,311,0,331,0,BRONZE_III,34,13,10963,309,0,324,0,IRON_I,20,13,11373,145,0,146,0,BRONZE_I,8,11,8448,124,0,155,0,IRON_I,6,11,8224,64,0,75,0,BRONZE_III,75,13,10251,11,0,23,0,IRON_III,8,13,10287,8,0,8,0,IRON_I,58,12,8723,69,0,81,0,BRONZE_IV,6,10,6649,380,0,377,0,IRON_II,12,12,8693
211,0,226,0,BRONZE_IV,37,13,11333,127,0,154,0,BRONZE_III,41,15,13943,97,0,109,0,IRON_III,3,16,15596,96,0,85,0,BRONZE_III,12,14,11545,65,0,77,0,IRON_II,50,12,9429,27,0,18,0,BRONZE_IV,46,16,15467,11,0,23,0,IRON_III,8,16,14724,54,0,67,0,BRONZE_IV,28,14,12015,54,0,67,0,BRONZE_IV,28,15,14321,362,0,350,0,BRONZE_IV,44,14,11454
12,0,28,0,BRONZE_IV,2,16,15849,19,0,40,0,IRON_III,90,15,14606,94,0,90,0,IRON_II,49,17,17194,73,0,98,0,IRON_IV,73,15,14562,57,0,51,0,BRONZE_III,94,15,13681,63,0,72,0,SILVER_IV,7,16,15293,11,0,23,0,IRON_III,8,16,14858,80,0,82,0,IRON_III,70,15,13635,64,0,59,0,IRON_II,46,14,11993,32,0,71,0,IRON_IV,0,12,9678
86,0,93,0,IRON_I,90,18,21434,106,0,80,0,IRON_I,100,16,15244,18,0,14,0,IRON_II,85,15,14149,243,0,295,0,BRONZE_IV,0,15,14438,11,0,20,0,IRON_II,71,14,12577,113,0,101,0,BRONZE_IV,56,17,17380,11,0,23,0,IRON_III,8,18,20605,334,0,348,0,BRONZE_IV,0,17,17654,124,0,127,0,BRONZE_III,7,17,18338,372,0,392,0,BRONZE_IV,0,16,15760
11,0,17,0,IRON_I,100,13,10693,33,0,47,0,IRON_I,34,12,8686,56,0,73,0,BRONZE_IV,75,13,10117,58,0,76,0,IRON_III,66,12,9095,473,0,584,0,IRON_IV,17,11,7650,64,0,84,0,IRON_I,75,15,14250,700,0,676,0,BRONZE_III,12,14,12962,140,0,177,0,IRON_IV,77,13,10024,89,0,111,0,BRONZE_III,0,13,10163,300,0,304,0,IRON_III,78,13,10370
126,0,121,0,BRONZE_II,0,13,10016,120,0,92,0,BRONZE_I,84,12,8992,178,0,169,0,SILVER_IV,0,13,10994,232,0,239,0,SILVER_IV,7,12,9905,74,0,87,0,SILVER_IV,14,11,8320,74,0,88,0,SILVER_IV,70,16,14949,165,0,161,0,SILVER_IV,89,14,12912,23,0,25,0,SILVER_IV,39,15,14082,44,0,52,0,SILVER_IV,55,14,12348,300,0,304,0,IRON_III,78,13,10677
107,0,89,0,IRON_II,45,17,16617,22,0,37,0,IRON_IV,79,15,13627,25,0,51,0,IRON_II,31,18,18803,13,0,25,0,IRON_II,7,13,11414,299,0,318,0,BRONZE_IV,74,14,12290,182,0,193,0,BRONZE_IV,56,15,13954,20,0,47,0,IRON_II,0,12,9338,118,0,162,0,BRONZE_IV,45,14,12557,93,0,103,0,IRON_IV,75,10,6702,300,0,304,0,IRON_III,78,13,10797
11,0,14,0,IRON_I,35,15,13388,249,0,274,0,IRON_II,0,13,10836,57,0,66,0,IRON_II,83,14,12050,5,0,14,0,IRON_I,2,11,8464,348,0,368,0,BRONZE_III,16,12,9569,60,0,51,0,IRON_I,100,14,12568,14,0,22,0,BRONZE_III,46,14,12022,2,0,22,0,IRON_I,27,9,5298,15,0,26,0,IRON_II,47,13,10075,300,0,304,0,IRON_III,78,12,9629
208,0,232,0,BRONZE_IV,42,15,13147,50,0,71,0,IRON_II,0,14,12544,62,0,67,0,BRONZE_IV,0,15,13539,5,0,14,0,IRON_I,2,13,10991,86,0,78,0,IRON_I,0,13,11326,59,0,81,0,BRONZE_IV,10,16,16370,148,0,157,0,BRONZE_IV,38,16,14949,235,0,250,0,BRONZE_III,31,15,14122,278,0,267,0,BRONZE_IV,14,16,14833,300,0,304,0,IRON_III,78,14,12961
9,0,19,0,IRON_II,54,10,6981,32,0,48,0,IRON_II,96,9,5120,116,0,149,0,IRON_III,15,10,6457,22,0,33,0,IRON_III,58,8,4102,143,0,137,0,BRONZE_IV,56,9,5049,126,0,129,0,IRON_I,48,11,8232,128,0,139,0,BRONZE_IV,0,10,7003,27,0,32,0,IRON_II,75,11,7495,216,0,278,0,IRON_II,0,10,6218,191,0,236,0,BRONZE_IV,0,11,7538
178,0,179,0,BRONZE_IV,47,18,19133,138,0,156,0,BRONZE_III,10,18,21483,196,0,196,0,BRONZE_III,90,18,20061,22,0,33,0,IRON_III,58,18,22792,349,0,332,0,BRONZE_III,43,16,15892,210,0,229,0,BRONZE_III,21,18,23863,2,0,17,0,IRON_I,1,17,16905,469,0,451,0,BRONZE_III,0,18,18811,227,0,236,0,IRON_III,48,18,19387,154,0,144,0,BRONZE_III,60,18,18395
130,0,121,0,BRONZE_III,77,13,9962,217,0,177,0,BRONZE_I,68,14,11769,66,0,54,0,BRONZE_III,27,14,11477,22,0,33,0,IRON_III,58,16,14965,15,0,20,0,IRON_I,8,13,11254,74,0,96,0,IRON_II,5,14,12888,136,0,147,0,BRONZE_IV,36,16,14767,92,0,78,0,SILVER_II,4,17,17974,424,0,441,0,BRONZE_IV,89,13,11387,105,0,106,0,BRONZE_II,0,14,12536
294,0,330,0,IRON_I,48,18,22023,227,0,271,0,IRON_III,13,18,19936,816,0,830,0,BRONZE_IV,1,18,20407,22,0,33,0,IRON_III,58,18,21630,125,0,102,0,IRON_II,55,18,18784,60,0,86,0,BRONZE_IV,7,18,23593,126,0,123,0,IRON_I,12,18,26074,144,0,91,0,GOLD_II,23,18,26905,98,0,86,0,IRON_II,18,18,20795,252,0,222,0,SILVER_IV,15,18,19960
102,0,104,0,BRONZE_I,41,15,14405,363,0,339,0,BRONZE_II,29,18,19666,278,0,259,0,BRONZE_II,70,15,14172,22,0,33,0,IRON_III,58,14,12996,190,0,208,0,BRONZE_IV,51,14,11997,508,0,548,0,BRONZE_IV,53,17,16539,180,0,136,0,BRONZE_I,34,16,14733,253,0,268,0,BRONZE_IV,59,16,15119,70,0,64,0,BRONZE_II,0,17,16933,134,0,134,0,IRON_IV,96,15,14422
336,0,268,0,SILVER_IV,37,16,15719,145,0,133,0,BRONZE_IV,75,18,21606,146,0,191,0,BRONZE_IV,0,18,20739,365,0,354,0,BRONZE_IV,74,18,18363,592,0,750,0,IRON_III,14,16,14863,173,0,160,0,IRON_III,75,17,18081,37,0,70,0,IRON_III,38,16,16448,53,0,66,0,IRON_II,9,15,13386,28,0,36,0,IRON_II,75,17,17133,132,0,151,0,BRONZE_IV,75,15,14510
46,0,60,0,IRON_III,32,13,10640,489,0,473,0,BRONZE_III,60,12,8678,207,0,208,0,IRON_I,14,11,7522,79,0,104,0,BRONZE_IV,55,12,9022,82,0,98,0,IRON_II,74,10,6492,173,0,160,0,IRON_III,75,13,10848,84,0,88,0,BRONZE_III,24,11,7606,24,0,26,0,BRONZE_IV,0,12,9206,305,0,283,0,BRONZE_II,0,10,6920,26,0,39,0,IRON_III,0,9,5680
27,0,43,0,IRON_I,89,15,13030,420,0,401,0,BRONZE_III,1,12,9681,51,0,63,0,IRON_III,76,13,11438,139,0,146,0,BRONZE_IV,42,13,11426,18,0,31,0,BRONZE_IV,33,13,10916,173,0,160,0,IRON_III,75,15,14250,131,0,162,0,IRON_III,61,15,14221,249,0,229,0,BRONZE_I,42,16,15525,115,0,117,0,BRONZE_III,13,15,13143,147,0,140,0,BRONZE_II,4,13,10326
136,0,136,0,BRONZE_III,97,14,11498,192,0,188,0,BRONZE_III,52,10,6880,173,0,191,0,IRON_II,26,13,10271,84,0,51,0,BRONZE_II,16,11,7553,164,0,196,0,IRON_III,21,9,5626,173,0,160,0,IRON_III,75,11,8277,34,0,20,0,BRONZE_IV,90,9,5251,63,0,73,0,BRONZE_IV,16,10,6450,273,0,311,0,IRON_II,76,10,6980,104,0,96,0,BRONZE_III,45,9,5289
223,0,215,0,BRONZE_IV,7,14,11687,91,0,110,0,IRON_III,33,11,8147,118,0,139,0,IRON_I,13,11,7947,274,0,265,0,BRONZE_IV,53,10,6219,184,0,207,0,BRONZE_IV,50,11,8391,173,0,160,0,IRON_III,75,13,11225,194,0,200,0,BRONZE_I,0,14,12392,34,0,20,0,BRONZE_IV,90,13,11363,501,0,512,0,BRONZE_IV,37,13,10096,291,0,264,0,BRONZE_IV,0,11,8122
305,0,302,0,BRONZE_IV,87,10,6719,84,0,112,0,IRON_I,43,8,4497,63,0,106,0,BRONZE_IV,0,5,1965,78,0,97,0,IRON_II,75,4,1522,18,0,42,0,IRON_I,35,8,4596,11,0,10,0,BRONZE_III,13,10,6847,347,0,350,0,IRON_III,89,8,4187,253,0,252,0,BRONZE_IV,37,11,7742,11,0,9,0,BRONZE_IV,1,7,3793,13,0,35,0,IRON_I,2,7,3873
2,0,15,0,IRON_I,1,18,31776,79,0,91,0,IRON_I,39,18,24351,13,0,32,0,BRONZE_IV,12,18,30701,140,0,160,0,BRONZE_IV,58,18,22047,5,0,26,0,IRON_I,63,18,21398,21,0,24,0,BRONZE_IV,0,18,27094,347,0,350,0,IRON_III,89,18,24213,213,0,203,0,IRON_II,43,18,20171,4,0,6,0,IRON_I,35,18,24091,134,0,141,0,IRON_II,75,18,21443
18,0,45,0,IRON_I,1,16,14937,136,0,153,0,BRONZE_IV,39,18,21578,167,0,178,0,BRONZE_IV,75,18,18530,25,0,36,0,BRONZE_II,39,15,14423,59,0,83,0,IRON_III,48,15,14052,329,0,308,0,BRONZE_III,47,17,18131,347,0,350,0,IRON_III,89,17,17496,36,0,58,0,BRONZE_IV,35,17,17759,37,0,62,0,IRON_I,2,15,13985,309,0,334,0,BRONZE_IV,56,16,14829
18,0,26,0,BRONZE_IV,39,16,15031,18,0,26,0,BRONZE_IV,39,14,12339,21,0,45,0,IRON_II,39,16,15550,56,0,61,0,BRONZE_III,76,14,12283,24,0,61,0,IRON_IV,0,11,7303,1,0,17,0,BRONZE_IV,0,14,11507,347,0,350,0,IRON_III,89,12,9457,39,0,39,0,BRONZE_IV,0,13,11049,57,0,70,0,IRON_III,43,11,8282,303,0,273,0,BRONZE_III,1,11,8078
188,0,187,0,BRONZE_III,75,12,9431,17,0,28,0,BRONZE_IV,50,10,6581,17,0,28,0,BRONZE_IV,50,10,7258,17,0,28,0,BRONZE_IV,50,9,5602,17,0,28,0,BRONZE_IV,50,10,6715,303,0,273,0,BRONZE_III,1,12,9717,347,0,350,0,IRON_III,89,11,8524,8,0,7,0,BRONZE_IV,94,12,9863,10,0,7,0,BRONZE_II,76,11,8332,22,0,45,0,BRONZE_III,68,11,7739
52,0,46,0,PLATINUM_IV,0,18,22566,16,0,12,0,PLATINUM_I,31,18,20948,16,0,12,0,PLATINUM_I,31,17,16821,33,0,26,0,PLATINUM_IV,75,16,16214,11,0,8,0,SILVER_IV,70,13,10871,190,0,191,0,GOLD_II,0,17,17686,7,0,11,0,IRON_III,75,13,10820,535,0,536,0,PLATINUM_III,0,17,17484,183,0,192,0,PLATINUM_III,28,16,15080,25,0,33,0,PLATINUM_IV,28,13,11329
273,0,264,0,BRONZE_II,1,18,19127,37,0,55,0,BRONZE_III,4,18,18763,240,0,285,0,IRON_IV,59,14,12679,77,0,97,0,IRON_I,7,15,14441,44,0,95,0,IRON_IV,91,11,8227,246,0,268,0,IRON_IV,77,16,15058,7,0,11,0,IRON_III,75,15,13251,36,0,47,0,BRONZE_III,9,15,14555,204,0,228,0,BRONZE_IV,11,14,11742,125,0,120,0,BRONZE_III,11,17,16750
369,0,370,0,BRONZE_IV,0,18,24712,191,0,189,0,IRON_I,18,18,21795,5,0,5,0,IRON_I,48,18,25113,60,0,113,0,BRONZE_IV,0,17,17667,189,0,170,0,BRONZE_III,39,16,16153,301,0,303,0,BRONZE_IV,24,18,22442,7,0,11,0,IRON_III,75,18,19731,18,0,28,0,IRON_III,55,18,20407,363,0,326,0,BRONZE_II,75,18,21606,78,0,65,0,BRONZE_III,16,18,21027
566,0,579,0,IRON_IV,70,13,10905,128,0,145,0,IRON_II,66,15,14240,300,0,320,0,BRONZE_IV,12,16,14835,68,0,70,0,SILVER_III,16,17,17222,31,0,33,0,IRON_III,69,14,12079,309,0,299,0,BRONZE_III,24,15,14163,7,0,11,0,IRON_III,75,12,9582,653,0,664,0,BRONZE_IV,0,13,10290,591,0,583,0,BRONZE_III,64,13,11018,179,0,185,0,BRONZE_III,90,13,10569
11,0,31,0,IRON_I,38,15,14230,60,0,66,0,BRONZE_IV,16,15,13231,169,0,181,0,IRON_II,15,16,16195,125,0,139,0,IRON_III,49,14,12597,11,0,30,0,BRONZE_IV,0,15,13634,12,0,59,0,IRON_IV,40,18,22936,153,0,202,0,IRON_II,7,15,13675,136,0,139,0,BRONZE_IV,68,17,16596,51,0,83,0,BRONZE_IV,13,15,13866,432,0,416,0,BRONZE_IV,0,14,11996
35,0,49,0,IRON_III,64,17,16681,9,0,7,0,IRON_I,100,18,19079,458,0,474,0,BRONZE_IV,64,18,19692,125,0,139,0,IRON_III,49,15,14448,379,0,401,0,IRON_I,27,14,12851,52,0,67,0,IRON_I,16,16,16165,13,0,19,0,IRON_I,47,16,14888,67,0,93,0,BRONZE_IV,46,17,17440,81,0,112,0,IRON_IV,91,15,13096,25,0,46,0,IRON_II,6,14,12687
21,0,41,0,BRONZE_IV,0,13,10996,25,0,43,0,BRONZE_IV,58,16,15989,98,0,117,0,BRONZE_III,4,16,15870,125,0,139,0,IRON_III,49,13,10446,134,0,165,0,BRONZE_IV,52,15,13314,120,0,137,0,IRON_II,71,15,14494,120,0,133,0,BRONZE_IV,13,14,12088,272,0,283,0,IRON_I,68,12,8941,16,0,23,0,BRONZE_IV,0,15,13840,122,0,135,0,IRON_I,62,14,11863
350,0,382,0,BRONZE_IV,1,16,15210,172,0,166,0,IRON_II,0,15,13257,262,0,268,0,BRONZE_IV,13,14,11821,125,0,139,0,IRON_III,49,13,10594,121,0,92,0,BRONZE_IV,59,14,12545,105,0,108,0,IRON_II,91,16,15370,105,0,108,0,IRON_II,91,12,8634,578,0,585,0,BRONZE_IV,44,15,13858,374,0,391,0,IRON_I,61,12,9048,13,0,49,0,IRON_IV,0,10,6390
124,0,131,0,BRONZE_IV,0,17,17123,96,0,101,0,BRONZE_IV,72,18,20364,47,0,75,0,IRON_III,29,17,17045,125,0,139,0,IRON_III,49,17,17396,175,0,209,0,BRONZE_IV,45,16,15347,39,0,63,0,IRON_II,46,18,21391,88,0,98,0,BRONZE_III,17,16,16229,54,0,82,0,IRON_III,79,18,23017,86,0,103,0,BRONZE_III,27,18,19392,93,0,121,0,BRONZE_IV,0,17,16660
43,0,33,0,BRONZE_IV,1,15,13241,78,0,125,0,IRON_III,32,13,11333,62,0,74,0,BRONZE_IV,39,14,12854,124,0,149,0,BRONZE_IV,43,14,12396,175,0,195,0,BRONZE_IV,50,12,9654,85,0,136,0,IRON_III,31,11,8261,77,0,103,0,BRONZE_IV,44,12,9685,266,0,293,0,IRON_III,75,14,11931,44,0,36,0,BRONZE_IV,46,11,8520,271,0,240,0,SILVER_IV,56,12,9344
143,0,154,0,BRONZE_III,18,16,15794,246,0,256,0,BRONZE_II,40,16,15477,76,0,89,0,BRONZE_III,18,17,17668,122,0,124,0,SILVER_IV,38,13,10667,67,0,67,0,BRONZE_IV,67,14,12436,108,0,98,0,BRONZE_III,67,16,15226,117,0,111,0,BRONZE_III,57,14,12796,266,0,293,0,IRON_III,75,15,13873,137,0,116,0,BRONZE_III,30,13,10498,271,0,240,0,SILVER_IV,56,15,14395
48,0,69,0,BRONZE_IV,0,18,20170,50,0,53,0,IRON_I,100,18,19490,59,0,102,0,IRON_III,62,16,15055,548,0,554,0,BRONZE_IV,52,14,12826,204,0,187,0,BRONZE_III,55,15,13893,20,0,41,0,IRON_II,13,18,19831,524,0,544,0,IRON_II,10,18,18427,266,0,293,0,IRON_III,75,17,16491,152,0,169,0,BRONZE_IV,6,15,14239,103,0,107,0,BRONZE_IV,13,16,15856
228,0,246,0,IRON_I,0,18,20598,123,0,134,0,BRONZE_IV,59,18,18719,109,0,130,0,BRONZE_IV,34,18,19163,53,0,80,0,IRON_II,80,17,16711,231,0,250,0,BRONZE_IV,13,16,15158,82,0,94,0,BRONZE_IV,59,16,16260,153,0,129,0,BRONZE_IV,19,16,14812,266,0,293,0,IRON_III,75,14,12298,403,0,365,0,BRONZE_III,36,15,13123,171,0,181,0,IRON_III,53,13,10418
16,0,29,0,IRON_I,14,18,18973,35,0,54,0,BRONZE_IV,48,18,21022,21,0,18,0,IRON_I,35,18,21487,20,0,23,0,IRON_I,24,18,19312,18,0,59,0,IRON_IV,0,13,11241,89,0,76,0,IRON_III,75,18,19725,84,0,94,0,IRON_III,10,18,20689,72,0,89,0,BRONZE_IV,17,18,21066,202,0,211,0,BRONZE_III,47,18,22436,15,0,60,0,IRON_IV,0,16,15030
167,0,172,0,BRONZE_IV,47,18,20131,140,0,125,0,BRONZE_IV,36,18,18491,77,0,85,0,IRON_III,52,17,17629,245,0,231,0,IRON_I,61,15,14590,105,0,128,0,IRON_I,15,15,13526,78,0,99,0,IRON_III,93,15,13801,17,0,35,0,IRON_III,33,14,12259,21,0,37,0,BRONZE_IV,51,16,14958,101,0,118,0,BRONZE_IV,15,14,11667,611,0,624,0,BRONZE_IV,0,15,13174
667,0,703,0,IRON_III,65,15,13103,32,0,65,0,IRON_III,36,11,8175,77,0,85,0,IRON_III,52,13,11174,19,0,39,0,BRONZE_IV,59,13,11031,55,0,76,0,BRONZE_IV,15,12,8762,107,0,109,0,IRON_II,15,15,13271,56,0,111,0,IRON_IV,90,13,10318,58,0,77,0,BRONZE_IV,70,16,15968,34,0,60,0,IRON_II,0,13,11366,63,0,79,0,BRONZE_IV,13,13,9985
58,0,73,0,BRONZE_III,37,17,17957,73,0,77,0,BRONZE_II,14,18,19509,77,0,85,0,IRON_III,52,15,14113,439,0,436,0,BRONZE_III,10,17,18348,475,0,530,0,IRON_II,75,15,13255,64,0,58,0,BRONZE_IV,58,17,17779,102,0,115,0,BRONZE_IV,21,17,17880,28,0,29,0,IRON_II,47,18,19730,199,0,197,0,BRONZE_IV,24,16,15170,33,0,38,0,IRON_I,100,17,18146
20,0,20,0,IRON_II,53,13,10126,72,0,93,0,IRON_II,4,13,9975,77,0,85,0,IRON_III,52,16,15113,162,0,183,0,IRON_I,0,14,12042,57,0,54,0,BRONZE_I,88,14,12128,71,0,101,0,IRON_III,17,15,14474,256,0,295,0,BRONZE_IV,0,15,13568,42,0,62,0,BRONZE_IV,83,15,13889,58,0,61,0,BRONZE_IV,30,15,13786,125,0,149,0,IRON_III,19,14,12711
6,0,16,0,IRON_II,97,2,490,88,0,105,0,IRON_I,65,3,805,77,0,85,0,IRON_III,52,1,0,101,0,120,0,IRON_III,58,3,904,507,0,494,0,BRONZE_IV,60,3,935,53,0,64,0,IRON_IV,0,2,331,60,0,41,0,IRON_I,35,3,815,279,0,385,0,IRON_II,15,3,754,106,0,128,0,IRON_II,33,2,602,25,0,35,0,BRONZE_IV,16,2,602
221,0,231,0,BRONZE_IV,0,15,14353,39,0,38,0,IRON_II,26,13,10966,20,0,44,0,IRON_I,39,14,12365,73,0,66,0,BRONZE_IV,21,14,12200,51,0,58,0,IRON_III,50,13,10816,164,0,169,0,BRONZE_IV,63,17,17534,48,0,93,0,IRON_IV,70,15,13777,86,0,98,0,BRONZE_IV,74,17,16811,8,0,9,0,BRONZE_IV,57,16,15306,243,0,240,0,IRON_II,67,14,12235
17,0,17,0,BRONZE_I,3,17,16864,17,0,17,0,BRONZE_I,3,14,12351,26,0,44,0,IRON_III,74,15,13550,300,0,312,0,BRONZE_IV,75,12,9593,51,0,58,0,IRON_III,50,12,9276,152,0,150,0,IRON_II,15,15,13024,70,0,127,0,IRON_IV,75,16,14851,70,0,127,0,IRON_IV,75,15,14508,33,0,47,0,BRONZE_IV,81,15,13645,77,0,125,0,IRON_II,27,15,13824
415,0,416,0,BRONZE_IV,44,12,8890,121,0,128,0,BRONZE_IV,32,10,7295,113,0,170,0,IRON_III,3,11,7344,36,0,59,0,IRON_II,60,9,5962,80,0,67,0,BRONZE_II,9,9,5218,94,0,96,0,IRON_II,13,12,9256,330,0,314,0,BRONZE_IV,11,12,9127,42,0,52,0,BRONZE_IV,6,14,12701,923,0,925,0,BRONZE_IV,66,10,6374,15,0,16,0,BRONZE_IV,48,10,6568
53,0,72,0,IRON_III,20,15,14125,163,0,201,0,BRONZE_IV,0,12,9467,113,0,170,0,IRON_III,3,13,10641,40,0,48,0,IRON_I,71,13,10445,38,0,50,0,BRONZE_IV,3,11,8575,69,0,88,0,IRON_III,3,14,12656,43,0,63,0,IRON_I,6,15,13157,21,0,29,0,IRON_I,28,13,11385,171,0,174,0,BRONZE_III,34,14,12317,103,0,113,0,BRONZE_IV,8,12,9770
331,0,319,0,BRONZE_IV,13,12,9551,60,0,98,0,BRONZE_IV,0,9,6080,113,0,170,0,IRON_III,3,14,11585,307,0,292,0,BRONZE_IV,0,13,10119,496,0,466,0,BRONZE_IV,75,13,11113,34,0,40,0,IRON_I,71,13,10638,186,0,209,0,BRONZE_IV,28,14,12107,175,0,204,0,IRON_II,86,13,11344,41,0,50,0,BRONZE_IV,26,13,9997,23,0,44,0,IRON_II,4,10,6296
22,0,37,0,IRON_IV,79,14,12545,321,0,331,0,BRONZE_IV,17,17,17253,113,0,170,0,IRON_III,3,18,18971,21,0,19,0,BRONZE_IV,0,15,13370,149,0,165,0,BRONZE_IV,30,14,12293,242,0,220,0,BRONZE_IV,74,15,13413,28,0,42,0,BRONZE_IV,13,14,12801,43,0,70,0,BRONZE_IV,0,16,16095,106,0,146,0,IRON_II,3,15,14026,755,0,748,0,IRON_I,42,13,10938
295,0,312,0,SILVER_III,75,11,8107,191,0,167,0,SILVER_II,13,12,9819,113,0,170,0,IRON_III,3,11,7514,78,0,99,0,BRONZE_III,37,11,8203,111,0,120,0,BRONZE_III,75,10,6609,72,0,78,0,BRONZE_I,54,13,11438,172,0,180,0,BRONZE_II,69,13,10245,61,0,74,0,BRONZE_II,16,14,11663,14,0,12,0,BRONZE_I,38,13,10393,208,0,203,0,BRONZE_II,4,12,9356
526,0,544,0,IRON_II,0,14,12521,552,0,572,0,BRONZE_IV,40,10,7280,75,0,83,0,BRONZE_IV,29,11,7821,69,0,81,0,IRON_II,89,11,7377,85,0,89,0,BRONZE_IV,88,10,6504,56,0,62,0,BRONZE_IV,55,15,13092,155,0,157,0,BRONZE_IV,71,14,12277,25,0,27,0,IRON_III,90,14,12209,22,0,29,0,IRON_I,23,13,10045,183,0,182,0,BRONZE_IV,39,12,9121
324,0,370,0,IRON_III,25,14,12474,27,0,49,0,IRON_II,96,16,14752,11,0,25,0,IRON_III,20,14,12731,362,0,379,0,BRONZE_IV,30,12,9905,140,0,145,0,IRON_II,38,13,10846,119,0,158,0,BRONZE_IV,29,13,10806,41,0,79,0,IRON_IV,66,11,8075,25,0,27,0,IRON_III,90,12,8804,73,0,90,0,IRON_I,42,14,11488,20,0,55,0,IRON_IV,81,10,6336
30,0,49,0,BRONZE_IV,0,16,15350,114,0,142,0,SILVER_IV,93,18,19060,41,0,67,0,IRON_III,76,16,15762,304,0,291,0,SILVER_III,18,18,19063,228,0,227,0,SILVER_III,0,18,18671,44,0,53,0,BRONZE_III,51,17,16988,35,0,46,0,BRONZE_I,67,16,15373,35,0,46,0,BRONZE_I,67,17,18101,124,0,130,0,BRONZE_III,65,15,14101,93,0,95,0,BRONZE_IV,13,14,12296
30,0,49,0,BRONZE_IV,0,14,12585,83,0,105,0,BRONZE_IV,43,15,14493,41,0,67,0,IRON_III,76,14,12047,286,0,290,0,BRONZE_IV,90,14,12532,53,0,74,0,BRONZE_IV,1,13,11122,221,0,237,0,BRONZE_III,27,18,20434,34,0,45,0,BRONZE_IV,68,17,16690,5,0,7,0,BRONZE_I,1,17,17287,26,0,58,0,BRONZE_IV,0,16,15432,12,0,58,0,IRON_IV,0,13,10722
7,0,10,0,IRON_I,57,12,8748,75,0,92,0,IRON_II,36,11,8572,41,0,67,0,IRON_III,76,13,10734,95,0,111,0,BRONZE_IV,2,11,8420,49,0,51,0,IRON_I,1,11,7314,150,0,168,0,IRON_I,75,15,13242,391,0,402,0,BRONZE_IV,61,15,13090,99,0,125,0,IRON_II,38,13,10876,153,0,171,0,BRONZE_III,9,12,9435,73,0,94,0,BRONZE_IV,23,11,8495
200,0,196,0,BRONZE_I,23,15,13786,73,0,80,0,BRONZE_II,89,13,11154,202,0,168,0,BRONZE_I,100,16,16318,191,0,197,0,BRONZE_I,13,14,12896,93,0,95,0,BRONZE_I,5,13,10177,98,0,99,0,BRONZE_I,0,16,15103,36,0,45,0,SILVER_IV,68,13,11005,26,0,31,0,SILVER_IV,11,12,8672,28,0,47,0,IRON_III,6,12,9279,216,0,222,0,SILVER_III,0,13,10192
329,0,342,0,BRONZE_III,40,11,7764,410,0,379,0,BRONZE_IV,57,9,5584,96,0,133,0,BRONZE_IV,66,10,6962,153,0,154,0,BRONZE_IV,47,9,5435,82,0,104,0,IRON_III,2,9,5502,98,0,99,0,BRONZE_I,0,11,7820,14,0,22,0,BRONZE_III,46,8,4904,2,0,22,0,IRON_I,27,4,1345,28,0,47,0,IRON_III,6,8,4846,583,0,588,0,BRONZE_IV,43,9,5727
272,0,260,0,BRONZE_IV,37,17,17636,25,0,55,0,IRON_IV,29,16,15791,75,0,107,0,BRONZE_IV,80,17,17653,467,0,469,0,BRONZE_III,10,14,12895,150,0,155,0,BRONZE_IV,50,15,14025,98,0,99,0,BRONZE_I,0,18,18827,59,0,90,0,IRON_III,75,15,13491,314,0,354,0,IRON_II,4,15,13113,28,0,47,0,IRON_III,6,15,13500,189,0,192,0,BRONZE_IV,23,14,12526
51,0,82,0,IRON_II,14,18,20306,14,0,28,0,BRONZE_IV,24,18,18436,18,0,37,0,IRON_I,23,17,17301,111,0,128,0,IRON_II,14,17,16775,75,0,70,0,BRONZE_IV,75,16,16442,98,0,99,0,BRONZE_I,0,18,19432,178,0,217,0,IRON_III,12,18,19556,23,0,48,0,IRON_I,0,14,12806,28,0,47,0,IRON_III,6,15,14041,134,0,159,0,BRONZE_IV,0,15,13692
139,0,150,0,IRON_I,63,13,11370,408,0,437,0,BRONZE_IV,49,13,10182,60,0,79,0,BRONZE_IV,22,14,11539,38,0,59,0,BRONZE_IV,58,12,9425,33,0,43,0,BRONZE_IV,81,12,9159,64,0,82,0,BRONZE_IV,45,10,6638,96,0,115,0,BRONZE_IV,35,12,8792,121,0,128,0,BRONZE_IV,51,13,10527,28,0,47,0,IRON_III,6,10,6204,38,0,62,0,BRONZE_IV,21,10,6840
113,0,122,0,BRONZE_III,0,11,8488,41,0,60,0,IRON_IV,75,9,5136,81,0,85,0,IRON_I,61,8,4827,210,0,251,0,BRONZE_IV,42,11,7364,36,0,59,0,IRON_II,75,9,5379,76,0,84,0,IRON_III,77,7,3650,365,0,383,0,BRONZE_IV,11,11,8501,60,0,54,0,IRON_III,58,13,10145,34,0,46,0,BRONZE_III,31,12,8599,145,0,167,0,BRONZE_IV,0,10,6894
278,0,296,0,BRONZE_IV,0,11,7360,102,0,110,0,IRON_II,30,10,7268,288,0,323,0,IRON_I,22,13,11001,172,0,175,0,BRONZE_IV,92,12,9124,292,0,297,0,BRONZE_III,39,11,8158,76,0,84,0,IRON_III,77,13,11285,83,0,87,0,SILVER_II,51,12,9293,19,0,66,0,IRON_IV,34,14,11933,89,0,86,0,BRONZE_IV,34,12,9450,17,0,17,0,IRON_I,38,11,8419
46,0,55,0,BRONZE_IV,56,17,17848,26,0,51,0,IRON_III,17,15,14481,60,0,79,0,BRONZE_III,19,16,16189,13,0,36,0,IRON_II,73,15,13587,20,0,28,0,IRON_III,32,14,12503,76,0,84,0,IRON_III,77,14,12752,33,0,58,0,BRONZE_IV,0,15,14006,33,0,63,0,IRON_III,75,14,12315,77,0,78,0,BRONZE_III,1,14,13006,286,0,286,0,IRON_II,32,13,11014
77,0,120,0,IRON_IV,61,14,11819,4,0,16,0,IRON_I,9,10,6607,29,0,43,0,IRON_III,29,14,11670,55,0,67,0,BRONZE_IV,51,15,13741,9,0,12,0,IRON_III,92,14,12655,79,0,84,0,IRON_II,16,16,15206,239,0,236,0,BRONZE_III,77,15,14522,32,0,53,0,IRON_III,63,17,16487,28,0,36,0,BRONZE_IV,0,15,13394,158,0,153,0,IRON_I,57,13,10046
184,0,175,0,BRONZE_IV,20,14,11782,4,0,16,0,IRON_I,9,11,8407,29,0,43,0,IRON_III,29,12,9238,90,0,121,0,IRON_I,67,11,8225,19,0,61,0,IRON_IV,0,9,6047,155,0,159,0,BRONZE_III,5,15,13433,37,0,58,0,IRON_IV,54,13,11197,267,0,255,0,BRONZE_IV,0,15,14364,91,0,107,0,IRON_I,0,13,10528,147,0,146,0,BRONZE_III,19,12,9703
180,0,175,0,BRONZE_IV,49,18,18985,51,0,95,0,BRONZE_IV,22,14,12259,29,0,43,0,IRON_III,29,15,13090,18,0,24,0,BRONZE_III,84,16,16329,231,0,242,0,BRONZE_IV,92,15,14229,90,0,96,0,IRON_III,85,17,17050,66,0,74,0,BRONZE_II,34,17,17294,315,0,307,0,BRONZE_IV,34,17,18347,153,0,179,0,BRONZE_IV,52,17,18189,22,0,27,0,BRONZE_IV,10,17,16644
177,0,189,0,IRON_IV,95,15,13319,50,0,72,0,BRONZE_IV,0,15,13479,29,0,43,0,IRON_III,29,15,14303,54,0,53,0,BRONZE_III,40,15,13301,214,0,217,0,IRON_I,74,14,12235,66,0,88,0,BRONZE_IV,15,17,18103,274,0,279,0,IRON_II,46,16,15402,362,0,351,0,IRON_I,29,16,15686,145,0,152,0,IRON_I,86,15,13590,19,0,58,0,IRON_IV,0,13,11172
23,0,44,0,BRONZE_IV,55,8,4461,2,0,40,0,IRON_IV,0,7,3243,82,0,112,0,BRONZE_IV,0,8,4391,2,0,43,0,IRON_IV,0,5,2053,66,0,68,0,BRONZE_III,44,5,1908,29,0,48,0,IRON_III,59,10,6144,5,0,17,0,BRONZE_IV,35,7,3453,306,0,340,0,IRON_III,26,7,3591,210,0,216,0,BRONZE_IV,13,7,3586,72,0,69,0,BRONZE_IV,59,6,2694
10,0,21,0,IRON_IV,9,10,6406,34,0,53,0,IRON_II,72,18,22803,67,0,70,0,BRONZE_IV,0,18,22579,65,0,87,0,BRONZE_IV,29,18,24568,205,0,204,0,IRON_I,24,18,19581,5,0,12,0,IRON_I,17,18,21227,29,0,24,0,BRONZE_III,30,18,22425,306,0,340,0,IRON_III,26,18,20070,57,0,70,0,BRONZE_IV,0,18,19216,34,0,77,0,IRON_IV,0,17,16862
123,0,131,0,BRONZE_III,3,11,7751,20,0,37,0,BRONZE_III,22,9,5686,216,0,228,0,BRONZE_III,0,12,8926,129,0,144,0,BRONZE_IV,35,8,4340,273,0,289,0,BRONZE_IV,75,8,4804,88,0,86,0,BRONZE_IV,14,10,6309,340,0,328,0,BRONZE_II,0,9,5078,306,0,340,0,IRON_III,26,9,5140,234,0,244,0,BRONZE_II,0,8,4535,52,0,65,0,BRONZE_IV,60,7,3444
22,0,27,0,BRONZE_IV,0,17,18348,9,0,21,0,IRON_II,75,17,16804,28,0,53,0,IRON_I,29,16,15900,92,0,132,0,IRON_III,51,17,16862,476,0,460,0,IRON_I,74,16,15593,104,0,103,0,BRONZE_III,1,18,18445,152,0,141,0,IRON_I,69,14,12721,306,0,340,0,IRON_III,26,16,14952,177,0,201,0,BRONZE_IV,0,13,10905,46,0,29,0,BRONZE_III,68,15,14407
139,0,163,0,BRONZE_III,17,16,15489,125,0,132,0,BRONZE_IV,0,15,13853,235,0,269,0,BRONZE_III,46,15,13160,84,0,126,0,BRONZE_II,15,15,14379,30,0,28,0,BRONZE_III,72,12,9814,177,0,192,0,BRONZE_II,38,16,14849,4,0,6,0,BRONZE_III,87,12,9803,306,0,340,0,IRON_III,26,12,8618,203,0,222,0,BRONZE_III,46,13,10534,314,0,305,0,BRONZE_II,62,12,9244
231,0,224,0,BRONZE_III,75,18,18703,212,0,197,0,BRONZE_II,39,18,19020,492,0,506,0,IRON_IV,66,16,15556,25,0,17,0,IRON_I,44,16,15801,209,0,227,0,IRON_II,54,16,15254,65,0,79,0,BRONZE_IV,64,18,20133,175,0,188,0,BRONZE_IV,75,16,16226,279,0,394,0,IRON_IV,72,15,13700,14,0,21,0,IRON_III,10,15,13953,121,0,146,0,BRONZE_IV,0,16,15501
231,0,224,0,BRONZE_III,75,3,1025,212,0,197,0,BRONZE_II,39,2,620,222,0,219,0,BRONZE_IV,25,2,600,11,0,13,0,BRONZE_I,29,1,0,30,0,66,0,IRON_IV,0,1,0,34,0,48,0,BRONZE_IV,0,3,904,175,0,188,0,BRONZE_IV,75,3,953,237,0,236,0,BRONZE_II,29,3,958,14,0,21,0,IRON_III,10,3,721,121,0,146,0,BRONZE_IV,0,2,632
68,0,59,0,BRONZE_IV,8,16,15003,150,0,161,0,IRON_II,34,17,16875,15,0,17,0,IRON_II,75,16,15729,64,0,74,0,IRON_IV,53,16,14803,435,0,452,0,IRON_III,60,15,13030,299,0,308,0,BRONZE_IV,50,15,13600,209,0,198,0,BRONZE_III,47,16,14706,114,0,168,0,IRON_IV,5,16,16256,14,0,21,0,IRON_III,10,14,11500,211,0,253,0,BRONZE_IV,47,13,11036
60,0,73,0,IRON_IV,39,18,18603,165,0,175,0,BRONZE_III,25,18,22950,314,0,336,0,BRONZE_IV,50,18,19439,306,0,296,0,IRON_II,44,18,20328,52,0,69,0,BRONZE_IV,21,17,16924,171,0,205,0,BRONZE_IV,29,18,19567,25,0,55,0,IRON_III,48,17,17503,347,0,375,0,BRONZE_IV,0,18,19227,14,0,21,0,IRON_III,10,18,19140,75,0,84,0,BRONZE_IV,43,16,16097
126,0,129,0,IRON_I,48,12,9029,59,0,64,0,IRON_I,100,13,10097,166,0,203,0,BRONZE_IV,38,11,8246,77,0,97,0,IRON_IV,46,12,8759,112,0,111,0,BRONZE_II,6,11,8437,289,0,288,0,BRONZE_II,0,14,12094,530,0,521,0,BRONZE_I,6,14,12256,60,0,83,0,BRONZE_IV,75,13,11347,14,0,21,0,IRON_III,10,11,7825,12,0,16,0,IRON_II,36,12,8848
124,0,140,0,BRONZE_IV,15,18,19545,101,0,120,0,IRON_III,47,16,16192,28,0,55,0,IRON_III,87,14,12829,383,0,391,0,IRON_II,14,15,14361,163,0,175,0,BRONZE_IV,38,14,12549,17,0,36,0,IRON_I,57,14,11768,42,0,68,0,IRON_II,68,15,14377,282,0,321,0,IRON_II,60,17,17150,352,0,385,0,BRONZE_IV,90,17,18284,409,0,435,0,IRON_III,52,14,12259
71,0,78,0,SILVER_IV,0,15,14063,213,0,203,0,SILVER_IV,14,15,13241,28,0,55,0,IRON_III,87,11,7928,319,0,326,0,SILVER_IV,0,12,8883,89,0,107,0,SILVER_III,15,12,8737,39,0,35,0,BRONZE_II,70,15,13984,390,0,380,0,SILVER_IV,37,14,12942,15,0,20,0,BRONZE_I,4,14,12653,37,0,42,0,BRONZE_III,85,14,12065,67,0,69,0,BRONZE_IV,63,13,10075
272,0,244,0,BRONZE_IV,76,11,7704,101,0,97,0,BRONZE_II,36,9,5753,28,0,55,0,IRON_III,87,9,5358,485,0,507,0,BRONZE_IV,13,10,6516,158,0,148,0,IRON_I,52,9,6065,98,0,119,0,BRONZE_IV,0,12,9155,136,0,135,0,BRONZE_IV,18,12,9047,23,0,48,0,IRON_I,8,14,11457,700,0,676,0,BRONZE_III,12,10,6806,250,0,258,0,BRONZE_IV,15,10,6842
71,0,93,0,IRON_II,34,10,6825,134,0,152,0,BRONZE_IV,75,11,7411,28,0,55,0,IRON_III,87,11,8153,60,0,119,0,BRONZE_IV,5,12,9258,331,0,335,0,BRONZE_IV,76,10,6992,477,0,472,0,BRONZE_IV,40,12,9804,109,0,112,0,BRONZE_IV,47,12,9528,107,0,129,0,BRONZE_IV,86,12,9711,101,0,119,0,BRONZE_IV,0,11,7552,150,0,174,0,IRON_III,3,10,7296
135,0,149,0,BRONZE_IV,88,17,16799,108,0,114,0,IRON_I,16,14,12541,115,0,107,0,BRONZE_III,21,13,11343,21,0,28,0,BRONZE_III,18,13,10725,46,0,67,0,IRON_III,42,12,9588,452,0,454,0,IRON_III,87,12,9077,138,0,146,0,BRONZE_IV,0,13,10908,211,0,226,0,BRONZE_IV,37,13,11103,59,0,83,0,IRON_II,75,12,9859,88,0,101,0,BRONZE_III,31,12,8853
258,0,247,0,BRONZE_IV,1,18,26557,182,0,188,0,BRONZE_IV,52,18,18714,133,0,169,0,IRON_IV,12,18,24020,723,0,738,0,BRONZE_IV,50,18,20272,46,0,67,0,IRON_III,42,17,16511,206,0,196,0,BRONZE_III,10,16,16288,121,0,126,0,BRONZE_III,3,18,22878,73,0,80,0,BRONZE_III,42,16,16030,481,0,489,0,IRON_II,56,17,17872,113,0,113,0,IRON_II,72,17,16563
44,0,90,0,IRON_IV,34,10,7177,194,0,213,0,BRONZE_IV,16,11,7945,176,0,156,0,SILVER_III,59,12,8863,161,0,202,0,IRON_II,72,10,7151,46,0,67,0,IRON_III,42,10,7284,291,0,264,0,BRONZE_IV,0,14,12302,21,0,43,0,IRON_II,25,12,8715,261,0,291,0,BRONZE_IV,75,13,10022,276,0,276,0,BRONZE_III,22,14,11874,82,0,71,0,BRONZE_II,3,13,10034
45,0,24,0,BRONZE_IV,69,13,10509,74,0,96,0,IRON_I,15,10,6770,380,0,326,0,BRONZE_I,13,13,11002,54,0,46,0,BRONZE_IV,60,12,9892,46,0,67,0,IRON_III,42,11,7573,11,0,25,0,BRONZE_IV,34,14,11687,8,0,21,0,IRON_II,8,13,10589,650,0,607,0,BRONZE_II,45,15,13134,156,0,184,0,BRONZE_IV,95,14,12002,98,0,95,0,BRONZE_IV,75,13,10460
191,0,159,0,BRONZE_III,36,16,16309,141,0,176,0,IRON_IV,17,15,13970,175,0,162,0,SILVER_IV,35,18,21285,240,0,205,0,BRONZE_III,0,16,14902,46,0,67,0,IRON_III,42,14,11573,115,0,141,0,IRON_II,10,16,16196,131,0,128,0,IRON_III,26,14,12776,144,0,139,0,BRONZE_IV,77,16,15356,204,0,206,0,BRONZE_IV,1,15,13083,75,0,112,0,IRON_I,22,14,12897
174,0,159,0,BRONZE_IV,0,13,10309,101,0,110,0,IRON_III,60,14,11781,47,0,56,0,IRON_III,67,14,11825,153,0,134,0,IRON_I,85,13,11031,56,0,60,0,IRON_I,0,12,8773,35,0,52,0,IRON_IV,17,14,12715,388,0,419,0,BRONZE_IV,27,16,14712,111,0,157,0,BRONZE_IV,3,14,12132,64,0,84,0,BRONZE_IV,0,13,10079,181,0,186,0,BRONZE_IV,19,15,13126
10,0,17,0,BRONZE_III,95,15,13060,47,0,56,0,IRON_III,67,15,13245,47,0,56,0,IRON_III,67,14,12683,50,0,61,0,BRONZE_III,93,13,11311,17,0,27,0,BRONZE_IV,0,14,11615,17,0,16,0,BRONZE_IV,98,15,13542,136,0,138,0,BRONZE_III,23,18,19599,271,0,261,0,BRONZE_II,12,16,15096,7,0,7,0,BRONZE_IV,52,16,14886,191,0,202,0,BRONZE_II,0,14,12504
20,0,31,0,IRON_II,41,18,27846,110,0,109,0,BRONZE_II,27,18,23847,47,0,56,0,IRON_III,67,18,30841,29,0,61,0,IRON_IV,75,18,21648,130,0,118,0,IRON_II,75,18,21578,139,0,142,0,BRONZE_IV,13,18,25044,186,0,204,0,IRON_IV,19,18,23731,43,0,41,0,IRON_I,50,18,20971,215,0,218,0,IRON_II,91,18,27188,100,0,92,0,BRONZE_IV,0,18,20726
44,0,71,0,BRONZE_IV,0,9,5209,110,0,109,0,BRONZE_II,27,7,3486,47,0,56,0,IRON_III,67,8,4948,100,0,132,0,BRONZE_IV,36,7,3644,63,0,87,0,IRON_III,70,6,2890,4,0,18,0,IRON_III,36,7,3706,0,0,41,0,IRON_IV,0,5,2298,69,0,74,0,IRON_I,21,8,4606,8,0,64,0,IRON_IV,0,6,2895,322,0,327,0,BRONZE_IV,6,6,2671
439,0,438,0,BRONZE_III,0,16,15193,78,0,68,0,BRONZE_III,36,17,17775,47,0,56,0,IRON_III,67,16,16158,300,0,303,0,BRONZE_III,10,16,15076,176,0,184,0,IRON_I,0,16,14847,283,0,285,0,IRON_II,74,16,15310,44,0,62,0,IRON_II,16,13,11288,158,0,178,0,BRONZE_IV,12,14,12681,204,0,208,0,BRONZE_II,1,14,12935,101,0,130,0,IRON_II,53,14,11835
207,0,254,0,BRONZE_IV,0,17,16570,148,0,182,0,BRONZE_IV,31,16,16097,59,0,60,0,IRON_II,17,18,19721,99,0,92,0,BRONZE_III,3,18,19486,873,0,1000,0,IRON_IV,76,17,17310,134,0,156,0,BRONZE_IV,26,18,19332,332,0,313,0,BRONZE_III,0,15,14655,543,0,540,0,BRONZE_IV,75,14,12354,85,0,102,0,IRON_III,22,15,14554,9,0,26,0,IRON_II,28,15,13085
208,0,265,0,IRON_IV,61,16,15828,68,0,82,0,IRON_II,42,15,14524,16,0,24,0,IRON_II,48,15,13767,121,0,155,0,IRON_III,93,15,14245,29,0,28,0,IRON_I,100,15,14038,50,0,75,0,IRON_III,79,16,15848,49,0,97,0,IRON_IV,0,15,13154,395,0,379,0,BRONZE_IV,98,16,15338,218,0,202,0,IRON_I,39,15,13648,191,0,213,0,IRON_III,75,13,10581
177,0,180,0,BRONZE_III,86,15,14054,69,0,71,0,BRONZE_II,51,16,15295,231,0,229,0,BRONZE_IV,27,15,13288,60,0,79,0,BRONZE_III,1,13,10819,8,0,6,0,IRON_I,100,13,10311,26,0,39,0,BRONZE_IV,62,15,13722,39,0,40,0,BRONZE_III,10,12,9639,38,0,61,0,BRONZE_IV,18,13,11176,275,0,264,0,SILVER_IV,0,15,13327,191,0,213,0,IRON_III,75,12,9650
171,0,188,0,BRONZE_III,0,18,20255,160,0,148,0,BRONZE_III,0,18,19386,15,0,35,0,BRONZE_IV,0,16,15924,132,0,145,0,BRONZE_IV,0,15,13335,99,0,103,0,BRONZE_III,75,15,13819,7,0,21,0,BRONZE_IV,61,15,14580,22,0,45,0,BRONZE_I,75,15,14680,115,0,137,0,BRONZE_IV,53,15,14412,275,0,264,0,SILVER_IV,0,15,13745,191,0,213,0,IRON_III,75,14,12598
27,0,24,0,IRON_I,4,17,18307,220,0,236,0,BRONZE_IV,60,14,12070,116,0,107,0,BRONZE_IV,50,16,15099,270,0,230,0,BRONZE_I,24,15,13439,276,0,280,0,BRONZE_III,8,14,11791,9,0,22,0,BRONZE_IV,49,15,14020,39,0,61,0,BRONZE_IV,11,17,17692,277,0,246,0,BRONZE_IV,91,15,14629,275,0,264,0,SILVER_IV,0,13,10840,191,0,213,0,IRON_III,75,13,10222
45,0,44,0,BRONZE_IV,54,15,14176,224,0,239,0,BRONZE_IV,54,14,12741,24,0,40,0,BRONZE_IV,15,15,13678,16,0,33,0,IRON_I,63,11,8295,149,0,173,0,BRONZE_IV,86,12,9245,138,0,169,0,IRON_III,75,14,12029,6,0,22,0,IRON_II,69,11,7538,44,0,74,0,IRON_III,70,12,9918,275,0,264,0,SILVER_IV,0,11,7576,191,0,213,0,IRON_III,75,11,7686
55,0,62,0,BRONZE_III,42,16,15946,138,0,151,0,BRONZE_II,0,16,15980,13,0,17,0,BRONZE_IV,46,16,15118,32,0,45,0,BRONZE_III,2,14,12086,144,0,162,0,BRONZE_IV,88,15,13096,67,0,69,0,BRONZE_I,14,17,17690,67,0,69,0,BRONZE_I,14,14,12111,18,0,23,0,IRON_III,75,12,9918,72,0,84,0,BRONZE_III,46,14,12354,28,0,44,0,BRONZE_IV,40,13,11063
34,0,28,0,BRONZE_IV,75,11,7749,40,0,51,0,IRON_III,8,10,6618,151,0,148,0,BRONZE_IV,63,12,8706,50,0,59,0,BRONZE_IV,75,10,6689,55,0,50,0,BRONZE_III,37,9,5255,11,0,10,0,IRON_I,80,9,5914,139,0,165,0,BRONZE_IV,32,10,6211,18,0,23,0,IRON_III,75,9,6074,260,0,284,0,BRONZE_IV,0,8,4473,68,0,66,0,BRONZE_IV,15,9,5281
32,0,39,0,BRONZE_IV,0,13,11418,230,0,231,0,BRONZE_IV,72,12,9095,99,0,93,0,BRONZE_I,34,13,11340,171,0,190,0,IRON_III,45,11,8310,18,0,24,0,IRON_I,41,11,7692,47,0,53,0,IRON_I,19,12,8641,22,0,23,0,BRONZE_III,13,11,7846,18,0,23,0,IRON_III,75,9,5953,70,0,101,0,IRON_II,0,10,7102,8,0,31,0,IRON_I,0,9,5305
26,0,50,0,IRON_II,29,13,10286,10,0,18,0,BRONZE_IV,0,13,10686,37,0,61,0,IRON_I,59,13,10015,154,0,142,0,BRONZE_IV,0,11,7579,89,0,83,0,BRONZE_III,75,11,7539,15,0,28,0,IRON_III,64,11,7367,22,0,32,0,IRON_I,100,11,7832,18,0,23,0,IRON_III,75,10,7049,35,0,55,0,BRONZE_IV,78,11,8185,36,0,54,0,BRONZE_IV,37,10,6883
324,0,331,0,IRON_III,4,12,9088,78,0,79,0,BRONZE_III,74,12,8602,33,0,34,0,BRONZE_I,14,14,11668,462,0,474,0,BRONZE_IV,0,13,10226,42,0,86,0,IRON_IV,0,9,5604,13,0,19,0,IRON_I,13,14,11739,99,0,93,0,BRONZE_III,2,14,12316,18,0,23,0,IRON_III,75,12,9866,34,0,38,0,IRON_III,74,12,9288,22,0,30,0,BRONZE_IV,20,12,9035
142,0,128,0,BRONZE_IV,27,13,10582,126,0,161,0,IRON_III,53,9,5982,251,0,239,0,BRONZE_IV,10,11,8141,252,0,247,0,BRONZE_II,6,10,7069,150,0,209,0,IRON_II,29,9,5318,78,0,105,0,IRON_III,52,13,11022,54,0,71,0,BRONZE_IV,69,12,9897,24,0,32,0,IRON_III,36,13,11233,727,0,727,0,BRONZE_III,53,11,7325,303,0,298,0,IRON_III,41,9,5914
392,0,408,0,BRONZE_IV,0,14,12708,152,0,130,0,BRONZE_I,6,14,11853,265,0,358,0,IRON_III,14,12,9361,23,0,18,0,IRON_II,89,13,10744,246,0,279,0,IRON_II,46,13,11204,67,0,68,0,IRON_I,52,12,9716,171,0,171,0,BRONZE_III,61,16,15733,24,0,32,0,IRON_III,36,18,20617,216,0,278,0,IRON_II,0,15,14565,130,0,109,0,BRONZE_III,32,1,0
57,0,42,0,BRONZE_IV,0,14,12914,161,0,158,0,IRON_I,61,12,9215,30,0,22,0,IRON_I,42,14,12516,283,0,280,0,BRONZE_IV,0,12,9630,61,0,68,0,BRONZE_IV,19,14,12989,170,0,183,0,IRON_IV,73,16,15980,51,0,50,0,BRONZE_IV,2,13,11425,24,0,32,0,IRON_III,36,13,10604,51,0,39,0,BRONZE_IV,89,14,11513,242,0,213,0,BRONZE_II,75,15,13634
130,0,135,0,BRONZE_IV,4,9,5465,218,0,220,0,BRONZE_IV,0,7,3368,261,0,233,0,BRONZE_II,47,9,5990,147,0,134,0,BRONZE_IV,0,7,3607,312,0,257,0,BRONZE_II,37,7,3356,190,0,164,0,SILVER_IV,4,7,3915,315,0,300,0,BRONZE_III,77,9,5044,24,0,32,0,IRON_III,36,5,1801,354,0,376,0,IRON_II,11,7,3348,124,0,60,0,SILVER_I,50,6,2589
5,0,10,0,IRON_I,2,3,845,44,0,39,0,IRON_I,25,3,790,17,0,25,0,BRONZE_IV,0,4,1145,329,0,354,0,IRON_III,54,1,0,128,0,140,0,IRON_III,60,3,783,58,0,84,0,IRON_III,89,3,1086,21,0,23,0,BRONZE_IV,57,3,1022,111,0,104,0,BRONZE_III,38,3,1063,66,0,76,0,IRON_IV,45,2,639,46,0,45,0,IRON_III,20,2,639
25,0,37,0,IRON_II,61,14,12685,78,0,86,0,IRON_III,0,15,13381,78,0,89,0,BRONZE_IV,37,17,16547,765,0,777,0,IRON_I,16,17,17856,237,0,237,0,BRONZE_III,27,14,12549,84,0,100,0,BRONZE_IV,25,18,20284,119,0,122,0,BRONZE_IV,79,17,17372,148,0,144,0,BRONZE_IV,56,17,16666,151,0,153,0,BRONZE_I,36,17,18197,46,0,45,0,IRON_III,20,16,14819
45,0,41,0,BRONZE_II,0,17,18205,357,0,343,0,SILVER_IV,48,18,19775,21,0,25,0,BRONZE_III,61,17,16690,109,0,113,0,BRONZE_IV,50,16,15973,22,0,26,0,BRONZE_II,73,17,16484,399,0,379,0,SILVER_IV,83,17,17024,0,0,12,0,IRON_III,70,15,13651,0,0,12,0,IRON_III,70,15,13866,26,0,26,0,SILVER_III,44,14,12747,22,0,17,0,IRON_I,85,13,10290
141,0,96,0,SILVER_II,49,14,12149,94,0,89,0,BRONZE_II,39,12,8606,93,0,102,0,BRONZE_III,0,12,9033,28,0,22,0,BRONZE_II,87,12,8598,110,0,123,0,SILVER_IV,0,12,8763,222,0,210,0,SILVER_IV,46,12,9634,0,0,12,0,IRON_III,70,10,6926,0,0,12,0,IRON_III,70,12,9057,269,0,285,0,BRONZE_IV,0,10,6829,129,0,153,0,BRONZE_I,48,10,6228
101,0,110,0,BRONZE_I,21,14,12011,49,0,35,0,IRON_II,84,13,10395,21,0,40,0,BRONZE_III,57,15,13106,13,0,10,0,BRONZE_IV,94,14,12516,37,0,42,0,SILVER_III,42,13,10263,58,0,62,0,SILVER_IV,22,14,12702,0,0,12,0,IRON_III,70,12,9886,0,0,12,0,IRON_III,70,14,12146,386,0,381,0,SILVER_IV,53,13,10930,52,0,58,0,BRONZE_III,92,12,9537
57,0,61,0,BRONZE_I,32,14,12513,41,0,32,0,BRONZE_I,60,15,14259,83,0,88,0,BRONZE_I,0,14,12729,47,0,38,0,SILVER_IV,73,14,11602,31,0,30,0,BRONZE_II,83,13,10833,131,0,121,0,SILVER_III,17,13,10499,0,0,12,0,IRON_III,70,12,9571,0,0,12,0,IRON_III,70,12,9248,58,0,46,0,SILVER_III,56,12,9232,193,0,222,0,BRONZE_IV,42,12,8930
55,0,62,0,BRONZE_III,42,13,11235,8,0,10,0,BRONZE_II,24,13,10119,166,0,172,0,SILVER_IV,0,15,13379,166,0,172,0,SILVER_IV,0,12,9933,12,0,16,0,BRONZE_III,47,11,8359,67,0,67,0,BRONZE_I,12,14,12483,0,0,12,0,IRON_III,70,13,11087,0,0,12,0,IRON_III,70,14,11443,78,0,71,0,SILVER_III,9,10,6868,25,0,22,0,BRONZE_II,65,11,8023
25,0,38,0,IRON_I,58,16,14919,266,0,261,0,BRONZE_II,17,18,20186,123,0,119,0,BRONZE_IV,13,17,17454,15,0,24,0,IRON_III,11,15,14463,108,0,115,0,BRONZE_III,21,16,15217,250,0,255,0,IRON_III,77,16,16088,358,0,299,0,BRONZE_II,84,15,13104,92,0,90,0,BRONZE_II,0,15,14218,1065,0,1056,0,BRONZE_III,26,15,13473,516,0,523,0,BRONZE_IV,0,14,12535
49,0,64,0,IRON_I,20,12,9068,109,0,90,0,BRONZE_III,65,11,7995,145,0,143,0,IRON_II,49,11,8532,15,0,24,0,IRON_III,11,10,6735,21,0,29,0,BRONZE_IV,0,10,6721,52,0,40,0,BRONZE_II,0,13,11131,30,0,43,0,IRON_II,48,12,9212,686,0,618,0,SILVER_IV,15,13,11335,206,0,218,0,BRONZE_IV,39,10,7065,100,0,131,0,IRON_IV,65,9,5624
12,0,24,0,IRON_I,25,18,19366,52,0,50,0,BRONZE_IV,3,17,17847,98,0,105,0,BRONZE_III,0,18,20934,15,0,24,0,IRON_III,11,16,14911,64,0,62,0,BRONZE_IV,39,16,16449,271,0,272,0,BRONZE_IV,45,18,20368,132,0,154,0,BRONZE_IV,2,18,22029,93,0,137,0,IRON_III,49,16,15658,144,0,118,0,BRONZE_II,7,17,17780,172,0,143,0,SILVER_IV,0,16,16168
5,0,15,0,BRONZE_IV,69,16,16244,58,0,88,0,IRON_II,0,16,15850,56,0,74,0,BRONZE_IV,31,18,18558,63,0,66,0,IRON_III,32,16,15830,24,0,43,0,BRONZE_IV,42,14,12771,21,0,20,0,BRONZE_IV,0,15,13383,191,0,236,0,BRONZE_IV,0,16,15636,108,0,117,0,IRON_III,8,15,13901,13,0,26,0,IRON_II,84,15,14400,113,0,126,0,IRON_III,0,13,10870
74,0,75,0,BRONZE_III,30,14,12627,70,0,81,0,BRONZE_III,30,16,16297,15,0,31,0,IRON_I,100,14,12396,57,0,63,0,BRONZE_IV,0,13,11121,8,0,21,0,IRON_II,10,13,11052,148,0,153,0,IRON_II,65,14,12501,19,0,40,0,IRON_I,60,13,10414,224,0,239,0,BRONZE_IV,54,12,8893,143,0,145,0,BRONZE_III,0,14,12315,113,0,126,0,IRON_III,0,11,7773
1177,0,1162,0,BRONZE_IV,0,18,18685,13,0,29,0,IRON_I,62,17,17253,308,0,328,0,BRONZE_IV,40,17,17102,88,0,83,0,IRON_II,54,16,16274,89,0,81,0,BRONZE_IV,29,15,14249,461,0,500,0,BRONZE_IV,61,16,15066,102,0,115,0,BRONZE_IV,21,16,15305,290,0,296,0,BRONZE_IV,0,17,17008,292,0,290,0,BRONZE_IV,31,16,15342,113,0,126,0,IRON_III,0,15,13883
68,0,104,0,IRON_III,82,17,18263,435,0,460,0,BRONZE_IV,39,18,19883,22,0,39,0,BRONZE_IV,89,17,18049,49,0,75,0,IRON_IV,50,15,14358,98,0,117,0,IRON_I,26,15,14551,49,0,64,0,IRON_II,27,16,15398,73,0,82,0,IRON_I,0,14,12282,99,0,123,0,IRON_II,68,16,15062,153,0,209,0,IRON_II,32,14,12846,113,0,126,0,IRON_III,0,15,14316
137,0,132,0,BRONZE_IV,60,18,20263,194,0,176,0,BRONZE_IV,13,18,19782,50,0,60,0,IRON_III,48,18,18644,52,0,54,0,BRONZE_IV,0,17,16561,20,0,16,0,IRON_II,66,18,19325,106,0,144,0,IRON_III,60,18,21737,48,0,50,0,IRON_II,45,16,15548,422,0,413,0,BRONZE_III,68,18,20436,40,0,38,0,IRON_III,63,16,15760,16,0,20,0,IRON_I,47,15,13798
312,0,378,0,IRON_III,11,15,14516,287,0,279,0,BRONZE_IV,68,17,17492,389,0,374,0,SILVER_IV,0,16,15782,155,0,224,0,IRON_IV,0,14,11645,80,0,112,0,IRON_I,27,16,15181,136,0,178,0,IRON_IV,0,17,17293,26,0,32,0,IRON_III,70,17,18221,81,0,68,0,BRONZE_II,54,17,17465,40,0,38,0,IRON_III,63,17,16733,16,0,20,0,IRON_I,47,14,12694
245,0,229,0,SILVER_III,34,15,13121,274,0,279,0,IRON_II,46,11,8402,212,0,238,0,IRON_III,37,12,8625,251,0,274,0,BRONZE_IV,75,12,8693,60,0,68,0,BRONZE_IV,48,10,7016,48,0,52,0,IRON_III,19,12,9860,38,0,34,0,BRONZE_II,13,11,7566,72,0,62,0,BRONZE_II,0,12,9414,40,0,38,0,IRON_III,63,10,7249,16,0,20,0,IRON_I,47,10,6846
110,0,116,0,IRON_II,48,13,9961,110,0,116,0,IRON_II,48,11,7318,97,0,107,0,IRON_I,23,13,10110,512,0,545,0,IRON_III,61,12,8665,148,0,202,0,IRON_III,11,9,5817,284,0,268,0,BRONZE_IV,22,13,10407,100,0,142,0,IRON_III,47,12,9736,40,0,46,0,BRONZE_IV,21,14,12619,198,0,218,0,IRON_I,38,12,8773,291,0,307,0,BRONZE_IV,12,12,9951
260,0,271,0,BRONZE_II,28,15,13201,148,0,143,0,IRON_I,38,14,12994,42,0,39,0,BRONZE_IV,14,15,14126,484,0,522,0,BRONZE_III,9,13,11056,148,0,202,0,IRON_III,11,14,11641,195,0,172,0,BRONZE_I,19,15,13255,84,0,67,0,BRONZE_II,0,11,8398,143,0,165,0,IRON_III,25,13,11058,406,0,408,0,BRONZE_II,24,12,8733,62,0,73,0,BRONZE_IV,16,12,8664
151,0,118,0,BRONZE_IV,11,14,12095,128,0,143,0,IRON_II,75,14,11693,65,0,80,0,IRON_III,20,12,9842,478,0,529,0,BRONZE_IV,12,14,11920,148,0,202,0,IRON_III,11,14,11550,381,0,410,0,IRON_III,41,16,14709,48,0,57,0,BRONZE_IV,26,15,14689,116,0,124,0,BRONZE_IV,0,16,15735,185,0,173,0,BRONZE_IV,40,13,11331,150,0,146,0,BRONZE_III,28,14,11942
80,0,93,0,IRON_I,19,14,11580,316,0,355,0,IRON_IV,0,11,8084,298,0,297,0,BRONZE_III,0,14,12842,207,0,190,0,BRONZE_III,30,11,7870,148,0,202,0,IRON_III,11,12,8629,542,0,533,0,BRONZE_IV,0,15,14073,91,0,64,0,SILVER_II,11,15,14466,116,0,123,0,BRONZE_IV,1,15,13734,137,0,131,0,BRONZE_IV,0,14,12646,197,0,197,0,BRONZE_IV,30,13,10118
37,0,59,0,IRON_IV,77,17,17655,251,0,262,0,BRONZE_IV,0,18,19547,652,0,731,0,IRON_IV,73,18,18867,226,0,226,0,BRONZE_IV,90,17,17817,148,0,202,0,IRON_III,11,18,20737,233,0,271,0,IRON_I,5,18,23898,761,0,746,0,BRONZE_III,16,18,33779,167,0,152,0,BRONZE_IV,0,18,27085,155,0,224,0,IRON_IV,0,18,19333,503,0,493,0,IRON_II,37,18,22128
43,0,60,0,BRONZE_IV,4,15,14345,36,0,50,0,BRONZE_IV,16,14,12596,27,0,36,0,IRON_I,84,14,13009,16,0,37,0,IRON_I,35,15,13642,13,0,35,0,IRON_II,95,14,11972,16,0,18,0,IRON_II,43,17,18148,26,0,34,0,BRONZE_III,50,16,15346,89,0,94,0,IRON_III,31,14,12449,4,0,6,0,BRONZE_III,80,16,16281,50,0,47,0,IRON_III,51,16,14717
165,0,144,0,BRONZE_III,41,18,24568,149,0,184,0,BRONZE_IV,71,18,20089,214,0,200,0,BRONZE_II,0,18,20019,16,0,17,0,IRON_I,32,16,15229,24,0,30,0,BRONZE_III,78,16,16042,26,0,49,0,BRONZE_IV,31,17,17110,410,0,403,0,BRONZE_III,62,16,15271,210,0,207,0,BRONZE_III,11,17,17246,4,0,6,0,BRONZE_III,80,15,14298,50,0,47,0,IRON_III,51,17,16904
93,0,80,0,SILVER_IV,60,17,16528,206,0,219,0,SILVER_IV,30,18,19652,57,0,68,0,IRON_III,77,16,15041,329,0,310,0,SILVER_III,75,15,13894,162,0,149,0,SILVER_III,25,17,17664,214,0,248,0,SILVER_IV,45,18,19199,410,0,401,0,SILVER_IV,30,18,19312,104,0,115,0,BRONZE_II,0,16,15967,36,0,50,0,BRONZE_IV,15,13,10770,75,0,84,0,SILVER_IV,66,14,11730
40,0,32,0,IRON_II,66,18,23492,153,0,158,0,BRONZE_III,14,18,22430,57,0,68,0,IRON_III,77,18,26844,87,0,100,0,IRON_III,8,18,18454,167,0,192,0,IRON_II,42,18,19601,64,0,85,0,BRONZE_IV,31,18,18659,100,0,119,0,IRON_III,0,16,16328,28,0,47,0,IRON_IV,20,18,19190,553,0,549,0,BRONZE_IV,23,18,19150,91,0,141,0,BRONZE_IV,0,17,18166
17,0,38,0,IRON_I,22,9,5969,935,0,1103,0,IRON_IV,50,9,5684,57,0,68,0,IRON_III,77,11,8531,116,0,97,0,BRONZE_IV,58,10,6968,0,0,14,0,BRONZE_IV,0,7,3872,115,0,115,0,BRONZE_IV,0,12,9668,260,0,265,0,BRONZE_IV,14,10,7093,50,0,64,0,IRON_II,13,11,7888,116,0,110,0,BRONZE_II,18,11,8393,90,0,72,0,BRONZE_II,4,10,6307
263,0,240,0,BRONZE_I,61,16,15123,480,0,512,0,IRON_III,47,17,17258,393,0,329,0,SILVER_IV,84,13,11252,57,0,68,0,IRON_I,22,12,9827,72,0,35,0,GOLD_IV,57,12,9771,47,0,43,0,BRONZE_III,56,11,7373,134,0,191,0,IRON_IV,43,10,6934,5,0,11,0,IRON_II,60,13,10424,9,0,15,0,IRON_I,49,14,11793,3,0,13,0,IRON_III,75,11,7884
72,0,75,0,IRON_II,24,13,10578,75,0,86,0,BRONZE_IV,63,12,9666,50,0,59,0,BRONZE_IV,75,14,12138,61,0,68,0,BRONZE_IV,19,12,8794,154,0,75,0,GOLD_II,38,11,8266,458,0,414,0,SILVER_IV,6,12,8634,183,0,214,0,IRON_II,0,13,11236,42,0,55,0,IRON_II,45,10,6695,203,0,161,0,SILVER_III,29,11,8039,3,0,13,0,IRON_III,75,9,5691
67,0,63,0,BRONZE_III,61,17,16616,162,0,162,0,IRON_I,32,17,17737,106,0,100,0,BRONZE_III,29,16,15335,305,0,275,0,BRONZE_III,75,16,15193,7,0,8,0,IRON_I,0,13,11376,158,0,135,0,BRONZE_III,50,14,12046,228,0,224,0,SILVER_IV,64,15,14043,31,0,29,0,BRONZE_II,62,16,14918,177,0,172,0,IRON_I,41,14,11762,3,0,13,0,IRON_III,75,14,12163
56,0,62,0,BRONZE_IV,94,13,10556,458,0,457,0,BRONZE_IV,70,12,8878,200,0,185,0,BRONZE_II,0,11,7647,598,0,539,0,BRONZE_III,27,10,7149,5,0,10,0,IRON_I,12,10,6229,6,0,6,0,IRON_I,48,11,7884,6,0,6,0,IRON_I,48,8,4741,6,0,6,0,IRON_I,48,11,8076,215,0,269,0,IRON_III,28,9,5475,3,0,13,0,IRON_III,75,9,5998
238,0,196,0,BRONZE_I,28,14,12599,147,0,144,0,IRON_III,43,11,8041,96,0,96,0,BRONZE_II,9,12,9352,230,0,188,0,SILVER_IV,12,10,7295,157,0,154,0,SILVER_IV,65,11,8311,11,0,19,0,IRON_II,75,11,7608,194,0,193,0,BRONZE_III,79,13,10071,167,0,169,0,BRONZE_III,31,10,6502,139,0,164,0,IRON_IV,2,10,6293,3,0,13,0,IRON_III,75,9,5842
89,0,64,0,BRONZE_III,97,13,10802,266,0,243,0,BRONZE_III,35,11,7953,10,0,25,0,IRON_III,23,13,11302,37,0,47,0,IRON_I,51,11,7374,121,0,120,0,IRON_II,37,9,5221,121,0,120,0,IRON_II,37,10,7070,116,0,137,0,IRON_I,18,9,5670,235,0,223,0,BRONZE_IV,35,10,6720,422,0,404,0,BRONZE_IV,59,10,7148,13,0,37,0,IRON_IV,12,10,6215
570,0,525,0,BRONZE_II,63,15,13470,163,0,178,0,IRON_III,52,14,11893,10,0,25,0,IRON_III,23,17,17286,321,0,342,0,BRONZE_IV,29,14,12399,43,0,35,0,BRONZE_III,4,15,13717,116,0,121,0,BRONZE_III,0,16,15285,67,0,58,0,IRON_II,90,15,13244,75,0,74,0,IRON_III,58,12,9222,6,0,17,0,IRON_III,41,12,9943,776,0,737,0,BRONZE_II,51,13,10638
279,0,266,0,BRONZE_IV,0,14,12613,27,0,42,0,BRONZE_IV,46,13,10410,10,0,25,0,IRON_III,23,16,15532,181,0,174,0,BRONZE_IV,60,11,7628,43,0,35,0,BRONZE_III,4,13,10704,329,0,296,0,BRONZE_III,64,11,8463,59,0,65,0,IRON_II,30,11,7586,60,0,77,0,BRONZE_IV,16,11,8451,222,0,231,0,IRON_II,23,9,5425,22,0,25,0,BRONZE_IV,37,11,7372
384,0,372,0,BRONZE_III,79,10,6576,14,0,25,0,IRON_III,75,8,4315,67,0,88,0,BRONZE_III,23,7,3408,261,0,233,0,BRONZE_II,29,8,4390,14,0,63,0,IRON_IV,0,6,2511,199,0,196,0,BRONZE_IV,2,10,6206,399,0,414,0,BRONZE_IV,63,9,5144,314,0,354,0,IRON_II,4,9,5626,57,0,80,0,BRONZE_IV,20,8,4486,15,0,23,0,IRON_I,52,7,3559
13,0,25,0,IRON_I,14,14,12691,14,0,25,0,IRON_III,75,14,12664,206,0,239,0,IRON_II,33,18,18431,30,0,32,0,IRON_I,26,15,13597,48,0,65,0,IRON_II,0,14,12113,38,0,45,0,IRON_III,75,17,17865,235,0,274,0,BRONZE_IV,10,18,21790,86,0,109,0,IRON_I,7,17,18251,58,0,60,0,BRONZE_IV,30,16,15566,57,0,65,0,BRONZE_III,25,15,14421
50,0,42,0,BRONZE_IV,15,18,21053,14,0,25,0,IRON_III,75,17,18275,124,0,155,0,BRONZE_IV,0,18,20645,50,0,66,0,IRON_I,46,17,17069,108,0,140,0,BRONZE_IV,78,17,17151,448,0,496,0,IRON_II,63,17,18329,372,0,371,0,BRONZE_III,10,18,19723,20,0,24,0,IRON_II,27,18,23524,97,0,87,0,BRONZE_II,40,17,18132,97,0,87,0,BRONZE_II,40,17,18248
141,0,165,0,BRONZE_III,0,13,11394,14,0,25,0,IRON_III,75,12,9216,801,0,852,0,BRONZE_IV,0,15,13071,100,0,95,0,IRON_I,63,12,9517,92,0,88,0,BRONZE_III,4,12,8876,133,0,174,0,IRON_III,11,12,9433,7,0,31,0,BRONZE_IV,58,9,6016,1053,0,1098,0,BRONZE_IV,0,14,12803,144,0,182,0,IRON_II,51,12,8949,127,0,126,0,BRONZE_III,16,11,8460
88,0,102,0,IRON_II,75,18,19890,14,0,25,0,IRON_III,75,16,14935,111,0,130,0,BRONZE_IV,33,17,16728,7,0,6,0,BRONZE_IV,81,18,18730,19,0,61,0,IRON_IV,0,13,10878,134,0,154,0,BRONZE_IV,0,16,15431,274,0,272,0,BRONZE_IV,0,14,12938,233,0,206,0,BRONZE_III,78,15,13126,149,0,165,0,IRON_II,27,15,13913,99,0,117,0,BRONZE_IV,20,14,12348
57,0,75,0,IRON_I,53,17,16534,178,0,185,0,BRONZE_IV,9,15,13226,123,0,104,0,IRON_II,75,16,15533,167,0,204,0,IRON_III,91,15,14218,168,0,207,0,BRONZE_IV,0,13,11180,254,0,292,0,IRON_IV,75,14,12774,96,0,122,0,IRON_III,75,13,10372,134,0,165,0,BRONZE_IV,52,15,13984,192,0,193,0,IRON_I,77,15,13297,41,0,46,0,IRON_II,75,12,8746
367,0,380,0,IRON_I,13,15,13996,57,0,71,0,IRON_II,39,12,9350,61,0,80,0,IRON_I,6,15,13931,167,0,204,0,IRON_III,91,13,10591,10,0,42,0,IRON_I,46,9,5489,10,0,26,0,BRONZE_IV,11,16,15543,95,0,127,0,IRON_II,5,15,14031,311,0,335,0,IRON_II,10,13,11238,752,0,774,0,IRON_III,28,14,11859,93,0,104,0,IRON_I,35,12,9950
71,0,81,0,IRON_III,33,3,842,349,0,358,0,BRONZE_IV,14,3,691,57,0,74,0,BRONZE_IV,8,3,1111,167,0,204,0,IRON_III,91,1,0,116,0,155,0,IRON_I,42,3,783,513,0,521,0,BRONZE_III,62,3,904,80,0,89,0,BRONZE_III,0,3,1072,53,0,82,0,IRON_II,41,3,784,189,0,160,0,BRONZE_IV,47,2,602,42,0,87,0,IRON_IV,88,2,602
22,0,24,0,IRON_III,51,16,15595,30,0,77,0,IRON_IV,2,15,14444,159,0,186,0,BRONZE_IV,47,15,14454,107,0,91,0,BRONZE_IV,1,15,14448,20,0,24,0,IRON_I,71,14,12237,75,0,129,0,IRON_IV,0,16,15762,50,0,76,0,IRON_II,33,17,16531,185,0,181,0,BRONZE_IV,82,17,16810,344,0,339,0,BRONZE_IV,51,17,17287,135,0,152,0,IRON_III,62,16,15479
22,0,24,0,IRON_III,51,15,13643,73,0,82,0,IRON_I,0,15,13145,21,0,24,0,BRONZE_I,35,15,13996,98,0,129,0,IRON_II,68,16,15524,146,0,141,0,BRONZE_II,26,14,11497,345,0,319,0,BRONZE_III,61,15,13984,9,0,29,0,IRON_II,59,15,13888,243,0,221,0,BRONZE_IV,24,16,15671,95,0,127,0,IRON_II,5,14,11650,380,0,379,0,BRONZE_III,15,13,10285
22,0,24,0,IRON_III,51,11,8045,68,0,107,0,IRON_III,0,10,7092,29,0,49,0,IRON_I,26,12,8611,85,0,133,0,IRON_IV,11,9,5438,24,0,65,0,IRON_IV,0,9,5441,54,0,66,0,BRONZE_IV,61,13,11069,193,0,192,0,BRONZE_III,85,11,8381,276,0,296,0,BRONZE_III,6,14,11667,287,0,285,0,BRONZE_IV,69,11,7367,221,0,233,0,IRON_I,32,11,7613
22,0,24,0,IRON_III,51,13,9968,427,0,420,0,BRONZE_IV,85,12,9849,153,0,157,0,BRONZE_II,44,14,11753,145,0,193,0,IRON_IV,73,12,8753,80,0,88,0,IRON_I,74,12,9825,40,0,76,0,BRONZE_IV,0,12,9892,223,0,270,0,IRON_III,13,12,9317,14,0,20,0,IRON_I,56,13,10900,132,0,135,0,BRONZE_III,6,11,7423,33,0,35,0,IRON_III,40,10,7092
22,0,24,0,IRON_III,51,15,13325,60,0,76,0,BRONZE_IV,11,16,15515,242,0,244,0,BRONZE_III,19,15,14622,16,0,26,0,IRON_I,2,14,12893,99,0,85,0,BRONZE_I,2,15,13896,97,0,104,0,IRON_III,86,18,19064,293,0,273,0,BRONZE_III,71,18,18407,29,0,45,0,BRONZE_III,0,17,16518,39,0,66,0,IRON_I,52,15,13811,22,0,37,0,BRONZE_III,9,15,14532
166,0,190,0,IRON_III,24,13,10904,14,0,33,0,IRON_I,14,11,7676,36,0,54,0,IRON_IV,38,7,3247,60,0,64,0,IRON_II,58,11,7967,160,0,164,0,BRONZE_IV,0,9,6010,13,0,25,0,IRON_III,54,12,9945,115,0,125,0,IRON_II,70,10,6263,569,0,596,0,IRON_II,38,13,10311,17,0,18,0,IRON_I,23,10,7217,81,0,64,0,IRON_I,23,10,6265
139,0,147,0,BRONZE_IV,47,13,11075,130,0,147,0,IRON_II,78,10,6429,13,0,30,0,IRON_IV,48,11,7893,716,0,673,0,BRONZE_III,37,11,7382,229,0,256,0,IRON_I,31,9,5915,13,0,25,0,IRON_III,54,14,12588,151,0,169,0,IRON_II,0,13,10709,62,0,68,0,IRON_I,53,14,12442,62,0,68,0,IRON_I,53,12,9529,273,0,289,0,BRONZE_IV,75,13,9976
245,0,255,0,IRON_III,16,18,22877,269,0,269,0,BRONZE_III,76,18,24508,417,0,415,0,BRONZE_IV,71,18,27377,45,0,55,0,IRON_I,18,18,18606,32,0,36,0,BRONZE_IV,38,18,21641,13,0,25,0,IRON_III,54,17,17141,176,0,207,0,BRONZE_III,2,11,7649,106,0,124,0,IRON_II,9,18,27571,105,0,104,0,BRONZE_II,1,18,26716,167,0,161,0,IRON_I,19,18,22553
51,0,67,0,BRONZE_IV,60,14,11635,346,0,326,0,BRONZE_III,39,14,12117,70,0,71,0,BRONZE_III,17,14,12463,10,0,28,0,BRONZE_IV,0,12,9847,190,0,192,0,IRON_II,46,12,8610,13,0,25,0,IRON_III,54,12,9297,191,0,176,0,BRONZE_IV,31,12,9785,121,0,153,0,BRONZE_IV,0,13,10388,198,0,203,0,BRONZE_III,40,12,9082,97,0,92,0,BRONZE_IV,65,10,6414
37,0,50,0,BRONZE_IV,25,14,12118,35,0,91,0,IRON_IV,32,14,12708,226,0,203,0,IRON_I,0,14,11645,16,0,40,0,BRONZE_II,25,13,10098,65,0,101,0,IRON_III,64,12,8686,13,0,25,0,IRON_III,54,14,11973,171,0,170,0,BRONZE_IV,22,15,13342,61,0,60,0,IRON_I,55,14,12537,134,0,128,0,IRON_I,1,13,11133,582,0,557,0,BRONZE_III,36,13,10618
96,0,91,0,BRONZE_IV,15,14,12181,80,0,88,0,BRONZE_III,90,15,13732,193,0,212,0,BRONZE_IV,33,14,12264,203,0,194,0,BRONZE_II,60,15,13138,266,0,270,0,BRONZE_II,57,13,9974,11,0,12,0,BRONZE_II,81,13,10753,211,0,229,0,BRONZE_IV,91,13,11009,96,0,84,0,IRON_III,60,13,10907,39,0,67,0,IRON_I,33,13,10719,129,0,113,0,BRONZE_II,21,12,9759
116,0,169,0,IRON_III,59,3,946,38,0,46,0,BRONZE_IV,0,1,0,154,0,169,0,IRON_II,43,3,1116,111,0,122,0,IRON_II,78,2,508,226,0,237,0,IRON_II,7,2,508,43,0,73,0,IRON_IV,0,1,211,147,0,218,0,IRON_III,65,2,635,96,0,84,0,IRON_III,60,3,875,475,0,490,0,BRONZE_IV,87,2,639,243,0,282,0,BRONZE_IV,0,2,639
23,0,31,0,IRON_I,13,15,13147,59,0,55,0,IRON_II,23,16,15959,401,0,376,0,BRONZE_I,54,16,15199,222,0,210,0,BRONZE_II,59,16,15300,256,0,280,0,IRON_III,61,14,12407,499,0,482,0,BRONZE_III,61,15,14589,45,0,43,0,IRON_I,37,12,9806,96,0,84,0,IRON_III,60,15,14332,216,0,197,0,BRONZE_IV,8,14,12846,143,0,153,0,IRON_II,56,11,8312
37,0,45,0,BRONZE_IV,56,18,21095,117,0,142,0,IRON_I,0,18,24471,186,0,227,0,BRONZE_IV,52,18,21895,23,0,28,0,BRONZE_IV,0,18,19772,19,0,59,0,IRON_IV,0,2,600,16,0,25,0,BRONZE_IV,13,18,24973,45,0,51,0,IRON_III,67,18,24177,102,0,109,0,BRONZE_III,0,18,22781,393,0,390,0,BRONZE_IV,0,18,24063,11,0,49,0,IRON_IV,0,4,1200
30,0,77,0,IRON_IV,2,12,9511,140,0,169,0,BRONZE_IV,43,11,8384,76,0,100,0,BRONZE_IV,27,13,10140,96,0,111,0,IRON_III,22,11,8276,37,0,37,0,IRON_I,5,11,8459,53,0,73,0,IRON_III,65,15,14001,45,0,51,0,IRON_III,67,13,10868,4,0,32,0,IRON_IV,31,16,16295,439,0,436,0,BRONZE_III,10,14,11705,111,0,127,0,IRON_I,22,14,11682
39,0,48,0,IRON_III,15,15,14454,457,0,435,0,BRONZE_IV,10,13,10514,745,0,777,0,IRON_II,0,13,9993,363,0,356,0,BRONZE_IV,0,12,9549,45,0,65,0,BRONZE_IV,2,10,6577,145,0,173,0,BRONZE_IV,44,15,13686,45,0,51,0,IRON_III,67,13,10762,170,0,204,0,IRON_II,5,14,11775,89,0,89,0,IRON_III,30,13,11358,21,0,35,0,BRONZE_IV,0,12,9894
190,0,197,0,BRONZE_IV,0,15,13550,183,0,203,0,BRONZE_IV,24,12,8660,44,0,45,0,IRON_II,70,14,12015,376,0,344,0,SILVER_IV,0,13,10065,15,0,46,0,IRON_IV,26,12,9456,130,0,149,0,IRON_III,25,14,11465,45,0,51,0,IRON_III,67,16,15938,79,0,111,0,BRONZE_IV,36,13,11132,133,0,147,0,BRONZE_IV,16,14,12519,257,0,274,0,BRONZE_III,42,13,11045
295,0,253,0,BRONZE_II,74,15,13660,128,0,148,0,IRON_IV,75,15,13873,136,0,157,0,IRON_I,13,15,14511,71,0,116,0,IRON_III,62,15,13287,278,0,284,0,BRONZE_IV,51,14,11852,157,0,167,0,IRON_III,73,16,15885,45,0,51,0,IRON_III,67,17,17120,94,0,127,0,IRON_III,46,14,12760,48,0,58,0,IRON_I,24,15,14576,366,0,336,0,BRONZE_III,23,15,13571
95,0,108,0,IRON_IV,62,17,16987,79,0,96,0,IRON_I,53,17,16863,108,0,116,0,BRONZE_IV,70,16,14907,148,0,155,0,BRONZE_IV,46,14,11710,32,0,28,0,IRON_III,51,13,11124,84,0,97,0,BRONZE_III,55,17,17012,132,0,176,0,IRON_I,1,12,9876,200,0,188,0,IRON_I,100,14,12557,352,0,356,0,BRONZE_III,21,15,13478,61,0,76,0,IRON_III,0,14,11786
133,0,148,0,BRONZE_III,15,16,14739,133,0,148,0,BRONZE_III,15,15,13660,454,0,422,0,BRONZE_IV,25,16,15688,27,0,36,0,BRONZE_IV,26,14,11737,32,0,28,0,IRON_III,51,14,12165,274,0,265,0,BRONZE_IV,40,14,12235,399,0,388,0,BRONZE_II,4,13,10208,236,0,212,0,BRONZE_IV,93,13,10096,58,0,60,0,IRON_I,0,12,9030,72,0,78,0,BRONZE_IV,36,11,7857
7,0,24,0,BRONZE_IV,0,15,14058,90,0,91,0,BRONZE_III,7,15,13473,53,0,68,0,BRONZE_III,6,15,14031,184,0,193,0,BRONZE_IV,30,13,10140,32,0,28,0,IRON_III,51,12,9637,210,0,227,0,BRONZE_IV,33,15,13727,91,0,136,0,IRON_IV,49,12,9470,54,0,70,0,BRONZE_III,20,14,11605,65,0,83,0,BRONZE_IV,19,12,9028,178,0,194,0,BRONZE_III,59,11,7777
92,0,129,0,IRON_II,78,13,10861,32,0,37,0,BRONZE_IV,63,12,9766,258,0,265,0,BRONZE_IV,5,13,10767,222,0,231,0,IRON_II,23,11,8441,32,0,28,0,IRON_III,51,11,8018,16,0,19,0,IRON_II,88,13,10942,45,0,51,0,BRONZE_III,35,16,16399,233,0,255,0,IRON_III,57,14,12140,32,0,38,0,BRONZE_III,1,12,9565,40,0,85,0,IRON_IV,0,11,7776
52,0,72,0,BRONZE_III,15,18,20883,114,0,103,0,IRON_II,4,18,21906,399,0,392,0,SILVER_IV,0,18,20367,31,0,40,0,IRON_II,26,16,15800,32,0,28,0,IRON_III,51,16,15478,68,0,80,0,IRON_I,26,18,18774,97,0,115,0,IRON_II,30,18,19502,283,0,294,0,BRONZE_IV,58,18,18383,76,0,79,0,BRONZE_II,9,18,20791,206,0,221,0,BRONZE_IV,36,17,16677
25,0,50,0,IRON_IV,40,9,5933,31,0,22,0,IRON_I,15,9,5098,50,0,58,0,BRONZE_IV,0,8,4996,9,0,23,0,BRONZE_IV,18,8,4367,4,0,17,0,IRON_III,90,8,4576,68,0,85,0,BRONZE_III,22,12,9518,113,0,122,0,BRONZE_III,3,10,6173,68,0,83,0,IRON_I,59,11,7335,154,0,154,0,BRONZE_IV,22,8,4339,784,0,801,0,BRONZE_IV,84,8,4287
142,0,147,0,BRONZE_IV,27,11,8513,25,0,50,0,IRON_IV,40,9,5175,79,0,108,0,BRONZE_IV,69,10,7100,784,0,801,0,BRONZE_IV,84,8,4232,4,0,17,0,IRON_III,90,8,4577,128,0,137,0,IRON_I,46,10,7008,25,0,52,0,IRON_II,44,8,4221,28,0,61,0,IRON_III,0,8,5020,4,0,16,0,IRON_I,0,8,4780,5,0,35,0,BRONZE_IV,0,7,3248
25,0,50,0,IRON_IV,40,13,11213,32,0,56,0,BRONZE_IV,75,16,14891,108,0,117,0,BRONZE_III,0,15,13786,186,0,197,0,BRONZE_IV,65,13,11410,4,0,17,0,IRON_III,90,14,12414,40,0,64,0,BRONZE_IV,7,18,20182,10,0,13,0,IRON_I,50,17,16557,120,0,112,0,BRONZE_III,68,16,15351,41,0,67,0,IRON_II,24,14,12942,36,0,49,0,BRONZE_III,38,14,12578
13,0,31,0,IRON_III,0,10,7127,194,0,198,0,IRON_I,9,11,8188,79,0,104,0,BRONZE_IV,0,10,6587,207,0,205,0,BRONZE_II,74,11,8361,93,0,132,0,BRONZE_IV,13,4,1603,329,0,354,0,BRONZE_IV,0,12,9037,39,0,40,0,BRONZE_IV,49,13,9986,8,0,24,0,BRONZE_III,29,13,11149,106,0,144,0,IRON_IV,53,11,8257,20,0,35,0,BRONZE_III,0,11,8412
13,0,31,0,IRON_III,0,14,11974,34,0,45,0,SILVER_III,37,13,9993,79,0,104,0,BRONZE_IV,0,13,11236,47,0,42,0,SILVER_IV,29,12,9118,124,0,99,0,GOLD_IV,50,13,10246,18,0,14,0,BRONZE_II,14,14,12544,6,0,14,0,BRONZE_III,77,12,9112,37,0,37,0,SILVER_IV,1,14,12300,98,0,97,0,SILVER_IV,0,12,9732,32,0,28,0,SILVER_II,39,11,8564
13,0,31,0,IRON_III,0,12,8634,34,0,45,0,SILVER_III,37,9,5536,79,0,104,0,BRONZE_IV,0,11,8578,47,0,57,0,BRONZE_II,70,9,5661,79,0,75,0,SILVER_I,0,9,5207,144,0,131,0,BRONZE_II,62,10,6821,235,0,245,0,BRONZE_III,55,8,5005,53,0,88,0,IRON_III,25,9,5102,38,0,63,0,BRONZE_IV,11,8,4175,201,0,182,0,SILVER_IV,0,7,3394
13,0,31,0,IRON_III,0,16,15100,34,0,45,0,SILVER_III,37,17,16771,79,0,104,0,BRONZE_IV,0,17,18349,116,0,104,0,BRONZE_III,31,15,13962,152,0,175,0,BRONZE_III,19,15,14184,18,0,20,0,BRONZE_IV,81,17,17235,180,0,164,0,GOLD_II,0,14,12858,37,0,37,0,SILVER_IV,1,16,16415,18,0,14,0,BRONZE_II,14,15,13754,109,0,105,0,SILVER_IV,16,15,13430
534,0,515,0,BRONZE_III,4,14,12849,226,0,256,0,IRON_II,86,13,10964,36,0,70,0,IRON_III,90,17,16957,42,0,62,0,BRONZE_IV,0,12,9087,5,0,6,0,IRON_I,16,12,9790,116,0,140,0,BRONZE_IV,14,13,10918,60,0,76,0,IRON_III,0,11,8331,56,0,79,0,BRONZE_III,5,14,12384,48,0,60,0,BRONZE_IV,39,11,7365,36,0,53,0,BRONZE_II,13,10,6946
396,0,341,0,BRONZE_III,81,12,9248,117,0,126,0,IRON_II,34,11,8240,85,0,85,0,BRONZE_III,93,11,8284,108,0,120,0,IRON_I,43,10,6595,287,0,303,0,IRON_I,73,10,6607,3,0,23,0,IRON_I,37,10,6132,60,0,76,0,IRON_III,0,11,7518,207,0,228,0,BRONZE_III,1,10,6159,37,0,62,0,IRON_I,2,8,4937,28,0,36,0,IRON_I,21,9,5425
80,0,109,0,IRON_III,31,14,12409,176,0,189,0,IRON_I,86,12,9795,33,0,55,0,BRONZE_IV,24,14,12388,78,0,90,0,IRON_I,15,16,14781,188,0,201,0,BRONZE_III,9,13,10450,172,0,172,0,BRONZE_IV,0,14,12190,60,0,76,0,IRON_III,0,13,10098,333,0,336,0,BRONZE_IV,2,14,12640,10,0,28,0,BRONZE_IV,28,11,7868,21,0,67,0,IRON_III,55,11,8227
127,0,153,0,IRON_III,0,12,9590,182,0,184,0,BRONZE_IV,28,12,8849,160,0,184,0,BRONZE_III,22,13,10354,169,0,151,0,BRONZE_IV,1,11,8471,22,0,21,0,IRON_I,56,10,6993,44,0,65,0,BRONZE_IV,3,14,11723,60,0,76,0,IRON_III,0,12,9853,119,0,129,0,BRONZE_IV,59,11,7637,6,0,9,0,IRON_II,55,9,6064,188,0,201,0,BRONZE_III,9,10,6126
34,0,39,0,BRONZE_IV,9,16,15155,94,0,86,0,SILVER_IV,44,17,16660,493,0,610,0,IRON_IV,50,14,12432,595,0,599,0,IRON_II,28,15,13198,83,0,128,0,IRON_IV,84,14,12336,523,0,507,0,BRONZE_IV,41,15,14302,44,0,52,0,IRON_III,33,13,10914,133,0,165,0,IRON_II,75,15,14383,74,0,60,0,BRONZE_I,25,13,10852,78,0,91,0,IRON_I,6,13,10582
50,0,59,0,BRONZE_IV,75,13,10626,30,0,41,0,IRON_III,84,11,7842,92,0,90,0,IRON_I,74,12,9387,108,0,120,0,IRON_I,43,11,8020,209,0,258,0,IRON_III,77,10,6984,59,0,81,0,BRONZE_IV,10,12,9850,65,0,81,0,BRONZE_IV,14,9,6046,28,0,48,0,IRON_I,64,10,6306,5,0,7,0,BRONZE_IV,0,10,7120,12,0,58,0,IRON_IV,0,7,3841
9,0,17,0,IRON_I,19,10,6286,30,0,41,0,IRON_III,84,9,5787,11,0,10,0,BRONZE_II,34,9,5847,225,0,241,0,BRONZE_IV,27,9,5726,225,0,241,0,BRONZE_IV,27,9,5691,293,0,310,0,BRONZE_II,3,12,9928,242,0,251,0,GOLD_IV,14,11,8514,23,0,26,0,SILVER_IV,89,11,8523,23,0,26,0,SILVER_IV,89,10,6142,23,0,26,0,SILVER_IV,89,8,4622
9,0,17,0,IRON_I,19,16,16169,31,0,41,0,IRON_II,2,14,12905,7,0,8,0,SILVER_IV,47,15,14603,225,0,241,0,BRONZE_IV,27,15,13064,225,0,241,0,BRONZE_IV,27,14,11557,225,0,241,0,BRONZE_IV,27,14,11645,1,0,10,0,BRONZE_IV,45,12,9749,2,0,10,0,BRONZE_IV,75,15,13603,2,0,10,0,BRONZE_IV,75,13,11390,5,0,6,0,IRON_I,11,12,9842
31,0,41,0,IRON_II,2,15,13220,31,0,41,0,IRON_II,2,16,15901,11,0,10,0,BRONZE_II,34,18,19187,9,0,17,0,IRON_I,19,16,16323,225,0,241,0,BRONZE_IV,27,15,13975,10,0,19,0,BRONZE_IV,26,14,12247,8,0,21,0,GOLD_IV,0,14,12316,8,0,21,0,GOLD_IV,0,15,13757,33,0,63,0,IRON_II,9,16,14859,244,0,245,0,SILVER_III,0,17,16909
9,0,17,0,IRON_I,19,12,9841,31,0,41,0,IRON_II,2,12,8826,11,0,10,0,BRONZE_II,34,13,10484,225,0,241,0,BRONZE_IV,27,13,10580,225,0,241,0,BRONZE_IV,27,12,9402,199,0,191,0,BRONZE_II,0,15,14044,25,0,24,0,IRON_I,1,14,11652,16,0,26,0,BRONZE_IV,0,13,10855,32,0,32,0,BRONZE_I,70,14,11790,95,0,111,0,BRONZE_IV,33,14,11525
43,0,39,0,BRONZE_I,19,14,12357,220,0,221,0,BRONZE_IV,73,11,8465,62,0,86,0,BRONZE_IV,65,13,10740,155,0,145,0,BRONZE_III,69,11,8306,357,0,348,0,BRONZE_III,31,10,7091,29,0,45,0,BRONZE_III,0,11,8258,163,0,165,0,BRONZE_IV,19,11,7892,8,0,7,0,BRONZE_IV,23,12,8940,22,0,31,0,IRON_III,0,9,5817,22,0,31,0,IRON_III,0,9,5965
79,0,83,0,BRONZE_II,53,11,8167,79,0,83,0,BRONZE_II,53,9,5305,79,0,83,0,BRONZE_II,53,9,5896,79,0,83,0,BRONZE_II,53,9,5343,79,0,83,0,BRONZE_II,53,8,4890,35,0,31,0,BRONZE_II,35,11,7751,23,0,35,0,BRONZE_III,0,9,5783,23,0,35,0,BRONZE_III,0,8,4250,22,0,31,0,IRON_III,0,8,4959,79,0,83,0,BRONZE_II,53,6,3112
20,0,14,0,BRONZE_I,57,18,21407,119,0,100,0,SILVER_II,0,18,19825,119,0,100,0,SILVER_II,0,18,18675,14,0,11,0,BRONZE_II,77,18,19921,47,0,35,0,BRONZE_II,23,18,18632,13,0,16,0,IRON_II,75,18,22917,23,0,35,0,BRONZE_III,0,18,23000,45,0,37,0,BRONZE_IV,63,18,22587,22,0,31,0,IRON_III,0,18,22269,45,0,37,0,BRONZE_IV,63,16,15041
7,0,16,0,BRONZE_III,59,15,14025,1,0,9,0,BRONZE_IV,56,14,11729,1,0,9,0,BRONZE_IV,56,14,11795,32,0,42,0,BRONZE_II,16,14,11491,88,0,71,0,DIAMOND_IV,49,12,9352,23,0,35,0,BRONZE_III,0,11,8213,13,0,16,0,IRON_II,75,12,8994,96,0,93,0,BRONZE_IV,23,15,13827,22,0,31,0,IRON_III,0,9,6055,112,0,122,0,BRONZE_I,75,10,6357
193,0,203,0,BRONZE_II,1,15,14239,193,0,203,0,BRONZE_II,1,11,8335,400,0,376,0,SILVER_III,61,8,4399,4,0,20,0,BRONZE_IV,0,11,7519,184,0,200,0,BRONZE_IV,0,11,7940,23,0,35,0,BRONZE_III,0,14,11863,54,0,50,0,GOLD_IV,1,14,11920,13,0,16,0,IRON_II,75,13,10052,22,0,31,0,IRON_III,0,13,11256,43,0,47,0,IRON_III,84,12,9559
31,0,27,0,IRON_II,44,12,9387,123,0,152,0,IRON_III,83,12,9328,91,0,68,0,IRON_II,86,13,10964,133,0,151,0,BRONZE_IV,13,11,8314,473,0,584,0,IRON_IV,17,10,6518,113,0,112,0,IRON_I,100,13,11428,92,0,95,0,IRON_II,53,10,6321,26,0,49,0,IRON_II,24,10,6736,95,0,115,0,IRON_II,61,10,7165,30,0,54,0,IRON_III,66,8,4262
144,0,140,0,BRONZE_III,0,16,14748,123,0,152,0,IRON_III,83,13,10961,81,0,88,0,IRON_IV,62,14,13017,5,0,20,0,IRON_II,20,10,7224,11,0,48,0,IRON_IV,0,12,9836,37,0,54,0,BRONZE_IV,43,16,15424,37,0,62,0,IRON_III,65,14,11649,203,0,205,0,IRON_II,71,14,12973,85,0,103,0,IRON_III,54,14,12281,64,0,83,0,BRONZE_III,0,14,11499
67,0,75,0,IRON_II,49,17,17721,123,0,152,0,IRON_III,83,17,18126,147,0,138,0,BRONZE_III,0,18,21396,431,0,484,0,IRON_II,83,16,14897,50,0,35,0,BRONZE_IV,14,17,16915,251,0,229,0,BRONZE_II,17,17,16670,233,0,255,0,IRON_III,57,15,14471,141,0,176,0,IRON_III,19,15,13801,53,0,70,0,IRON_I,21,16,14752,112,0,129,0,IRON_II,0,15,14119
278,0,269,0,BRONZE_IV,24,17,18209,123,0,152,0,IRON_III,83,17,17223,179,0,152,0,BRONZE_IV,74,16,14928,370,0,369,0,BRONZE_IV,50,15,14000,329,0,345,0,IRON_II,0,15,14393,74,0,75,0,IRON_III,61,16,14957,26,0,23,0,IRON_I,61,14,12782,66,0,78,0,IRON_I,56,15,14317,160,0,175,0,IRON_II,44,15,13311,193,0,209,0,BRONZE_IV,58,14,11456
164,0,172,0,IRON_I,14,17,16719,247,0,297,0,IRON_III,20,16,15257,32,0,80,0,IRON_IV,0,15,13877,162,0,167,0,BRONZE_IV,28,17,17624,56,0,55,0,BRONZE_I,32,16,16329,251,0,269,0,BRONZE_III,35,17,17032,50,0,61,0,BRONZE_IV,47,15,14088,234,0,272,0,IRON_III,76,15,13666,127,0,138,0,IRON_III,59,14,12951,28,0,58,0,IRON_II,1,10,7283
96,0,110,0,BRONZE_IV,0,9,5663,74,0,114,0,BRONZE_IV,0,7,3872,75,0,119,0,IRON_IV,56,9,5568,15,0,24,0,BRONZE_IV,94,9,5284,319,0,311,0,BRONZE_III,34,8,4558,200,0,205,0,IRON_IV,86,12,9944,106,0,106,0,BRONZE_IV,62,10,6397,31,0,39,0,BRONZE_IV,58,11,7881,127,0,138,0,IRON_III,59,9,5868,140,0,131,0,BRONZE_II,37,8,4960
362,0,369,0,BRONZE_IV,1,16,16392,98,0,87,0,IRON_I,85,17,18052,161,0,187,0,IRON_IV,39,14,11780,108,0,117,0,BRONZE_IV,21,13,10478,40,0,60,0,IRON_II,92,10,6397,110,0,113,0,SILVER_III,49,13,10217,55,0,68,0,IRON_IV,37,12,9449,204,0,213,0,BRONZE_III,0,14,12474,127,0,138,0,IRON_III,59,13,10945,60,0,58,0,BRONZE_IV,15,15,13654
329,0,356,0,IRON_II,45,16,16153,206,0,232,0,BRONZE_IV,44,18,19892,115,0,145,0,BRONZE_IV,14,18,23301,275,0,292,0,BRONZE_III,20,18,18802,333,0,356,0,BRONZE_IV,85,17,16900,71,0,70,0,BRONZE_IV,3,17,17913,40,0,50,0,BRONZE_IV,82,18,19470,210,0,214,0,BRONZE_IV,0,16,16205,127,0,138,0,IRON_III,59,15,14283,90,0,99,0,BRONZE_III,0,17,16550
120,0,153,0,IRON_III,69,14,12648,75,0,76,0,BRONZE_III,85,14,12018,107,0,109,0,BRONZE_II,0,14,12481,112,0,109,0,BRONZE_III,66,13,10997,52,0,44,0,BRONZE_III,68,12,9579,124,0,146,0,BRONZE_IV,16,13,10526,132,0,142,0,IRON_II,0,13,10444,42,0,55,0,IRON_III,23,14,12314,17,0,23,0,IRON_I,42,11,8112,111,0,114,0,BRONZE_II,0,12,8586
344,0,345,0,BRONZE_III,0,18,18425,99,0,121,0,IRON_III,61,18,19282,24,0,28,0,IRON_I,30,16,14834,272,0,266,0,BRONZE_III,13,17,18146,98,0,105,0,BRONZE_II,11,16,15078,86,0,107,0,IRON_III,61,15,14025,78,0,102,0,BRONZE_IV,0,18,18360,42,0,55,0,IRON_III,23,16,15468,304,0,284,0,BRONZE_III,43,14,12993,27,0,61,0,IRON_IV,76,12,9513
118,0,122,0,BRONZE_IV,44,15,13210,162,0,140,0,BRONZE_III,94,14,12326,601,0,615,0,BRONZE_IV,0,14,12382,168,0,151,0,BRONZE_IV,3,13,10354,64,0,86,0,BRONZE_IV,48,13,10308,13,0,19,0,IRON_I,50,15,14601,105,0,131,0,BRONZE_III,76,14,12158,42,0,55,0,IRON_III,23,17,16677,81,0,81,0,BRONZE_II,56,15,13878,94,0,101,0,BRONZE_IV,81,16,14986
194,0,197,0,BRONZE_IV,44,17,17988,110,0,127,0,BRONZE_IV,30,16,15782,301,0,289,0,BRONZE_III,24,17,17098,89,0,110,0,IRON_III,93,14,11797,148,0,147,0,BRONZE_IV,26,15,14388,81,0,105,0,BRONZE_IV,25,17,17504,339,0,313,0,BRONZE_I,37,16,16096,42,0,55,0,IRON_III,23,16,15759,94,0,92,0,BRONZE_IV,49,16,15143,56,0,62,0,BRONZE_IV,78,16,14898
158,0,193,0,IRON_I,75,18,20590,201,0,251,0,IRON_II,37,18,18998,54,0,51,0,BRONZE_IV,0,17,16768,42,0,61,0,BRONZE_IV,10,17,18131,472,0,474,0,IRON_I,46,17,17661,45,0,61,0,IRON_I,41,18,22870,186,0,211,0,BRONZE_IV,0,18,22614,42,0,55,0,IRON_III,23,18,23632,23,0,25,0,BRONZE_IV,59,18,20787,339,0,338,0,IRON_I,81,17,17332
376,0,471,0,IRON_III,13,17,16779,177,0,172,0,IRON_I,17,16,15053,32,0,43,0,IRON_III,53,16,15952,77,0,106,0,IRON_I,10,18,18492,136,0,147,0,BRONZE_IV,13,16,15863,247,0,241,0,IRON_I,45,15,13654,523,0,518,0,IRON_II,0,17,17484,286,0,289,0,BRONZE_IV,0,14,11502,34,0,68,0,IRON_IV,28,12,8814,115,0,104,0,IRON_I,14,14,12064
94,0,119,0,BRONZE_IV,67,17,17534,124,0,133,0,BRONZE_IV,0,17,17095,32,0,43,0,IRON_III,53,18,18361,190,0,214,0,IRON_I,0,15,14158,92,0,129,0,IRON_II,78,14,12340,11,0,15,0,IRON_I,37,18,19819,102,0,120,0,IRON_I,7,16,15542,65,0,87,0,IRON_III,43,14,12600,816,0,830,0,BRONZE_IV,1,15,13679,377,0,367,0,BRONZE_IV,60,14,12112
25,0,48,0,IRON_II,98,15,14188,96,0,71,0,BRONZE_IV,0,16,14930,32,0,43,0,IRON_III,53,17,18029,258,0,272,0,BRONZE_IV,24,15,14528,141,0,139,0,BRONZE_IV,83,16,15057,21,0,38,0,BRONZE_IV,11,18,18694,45,0,62,0,IRON_III,62,14,11770,131,0,161,0,IRON_III,49,14,12400,216,0,207,0,IRON_I,55,12,9887,40,0,42,0,IRON_II,99,13,10937
160,0,133,0,BRONZE_I,70,18,19057,117,0,132,0,BRONZE_IV,12,18,18672,32,0,43,0,IRON_III,53,17,16950,221,0,237,0,IRON_II,75,17,17962,45,0,88,0,IRON_IV,0,16,14810,77,0,130,0,IRON_IV,93,15,13719,1639,0,1618,0,BRONZE_III,0,15,14538,101,0,131,0,IRON_II,11,15,14398,22,0,47,0,IRON_II,54,15,13069,66,0,104,0,IRON_III,28,14,12927
116,0,108,0,BRONZE_III,42,13,10662,29,0,34,0,IRON_I,67,12,9469,32,0,43,0,IRON_III,53,13,10824,95,0,124,0,BRONZE_IV,13,13,10139,157,0,184,0,BRONZE_III,0,11,8479,219,0,258,0,IRON_III,18,13,10666,45,0,67,0,IRON_III,94,8,4800,14,0,24,0,IRON_I,40,12,9629,219,0,243,0,BRONZE_IV,1,11,7850,5,0,18,0,BRONZE_IV,35,10,7066
32,0,28,0,IRON_I,100,15,13543,87,0,160,0,IRON_II,46,15,13509,210,0,270,0,IRON_III,50,15,13842,51,0,73,0,IRON_II,75,12,9932,324,0,329,0,BRONZE_IV,13,12,8750,9,0,18,0,IRON_IV,75,12,9444,23,0,40,0,BRONZE_II,30,13,11267,182,0,234,0,IRON_IV,6,14,12100,113,0,131,0,IRON_III,58,11,7502,99,0,103,0,IRON_II,25,11,7741
259,0,290,0,IRON_II,2,12,8860,87,0,160,0,IRON_II,46,13,10272,210,0,270,0,IRON_III,50,13,11075,233,0,242,0,BRONZE_IV,3,10,6853,160,0,199,0,BRONZE_IV,27,9,5988,10,0,27,0,BRONZE_IV,0,12,9784,60,0,98,0,IRON_III,53,7,3639,8,0,27,0,IRON_I,35,9,5423,37,0,81,0,IRON_III,75,10,6191,31,0,34,0,BRONZE_IV,33,8,4203
87,0,160,0,IRON_II,46,13,10557,316,0,276,0,BRONZE_III,1,13,11305,210,0,270,0,IRON_III,50,14,12171,424,0,441,0,BRONZE_IV,89,9,5636,93,0,114,0,IRON_II,89,11,7836,329,0,333,0,BRONZE_IV,86,11,7943,179,0,185,0,BRONZE_IV,23,10,7098,60,0,91,0,IRON_III,15,11,7365,40,0,56,0,IRON_I,28,10,6792,69,0,75,0,BRONZE_IV,33,8,4584
50,0,76,0,BRONZE_IV,90,15,14468,33,0,44,0,BRONZE_III,21,16,15048,210,0,270,0,IRON_III,50,18,21301,225,0,215,0,BRONZE_III,27,15,14285,147,0,131,0,BRONZE_IV,29,15,13492,193,0,195,0,BRONZE_IV,81,15,14675,116,0,147,0,BRONZE_IV,29,14,11794,145,0,168,0,BRONZE_IV,52,16,15766,34,0,41,0,SILVER_IV,0,16,16376,42,0,83,0,IRON_IV,38,13,11421
710,0,845,0,IRON_II,58,13,11369,103,0,116,0,BRONZE_IV,19,11,8442,210,0,270,0,IRON_III,50,13,10853,59,0,74,0,IRON_II,0,11,7355,50,0,57,0,BRONZE_IV,80,9,5851,141,0,130,0,BRONZE_I,7,10,6208,127,0,134,0,IRON_II,47,10,6125,148,0,161,0,IRON_II,51,11,7587,181,0,163,0,BRONZE_III,75,9,5750,18,0,54,0,IRON_III,30,8,4345
31,0,80,0,IRON_IV,0,15,13643,8,0,14,0,BRONZE_III,57,13,11435,17,0,27,0,IRON_IV,56,16,15433,29,0,58,0,IRON_II,0,13,10177,180,0,185,0,BRONZE_IV,3,14,12361,64,0,70,0,BRONZE_IV,95,14,12578,16,0,19,0,IRON_III,67,14,11684,72,0,85,0,IRON_II,75,15,13855,62,0,82,0,IRON_IV,93,14,12747,321,0,318,0,BRONZE_IV,44,14,11820
133,0,176,0,IRON_IV,75,13,10051,174,0,204,0,IRON_I,0,11,8078,44,0,70,0,BRONZE_IV,13,14,12824,229,0,265,0,BRONZE_IV,14,11,8176,6,0,31,0,IRON_III,75,11,7781,51,0,50,0,IRON_I,24,14,11821,16,0,19,0,IRON_III,67,13,11104,64,0,70,0,BRONZE_IV,95,13,10394,203,0,203,0,IRON_II,67,14,11708,39,0,48,0,IRON_IV,79,13,10203
133,0,157,0,BRONZE_IV,8,12,9619,8,0,24,0,IRON_II,25,11,7676,26,0,42,0,IRON_IV,75,12,9680,787,0,780,0,IRON_I,15,11,8065,90,0,83,0,IRON_I,58,11,7702,64,0,70,0,BRONZE_IV,95,14,11944,16,0,19,0,IRON_III,67,13,11125,167,0,189,0,IRON_II,14,13,10932,260,0,276,0,IRON_III,88,11,7904,233,0,251,0,BRONZE_IV,79,10,7108
60,0,84,0,IRON_I,32,18,19608,6,0,20,0,IRON_II,0,14,11872,29,0,59,0,IRON_II,77,17,16834,9,0,18,0,IRON_II,91,13,10054,113,0,97,0,IRON_II,0,13,10912,64,0,93,0,IRON_III,36,12,9505,16,0,19,0,IRON_III,67,14,11656,88,0,99,0,BRONZE_II,0,15,13930,107,0,93,0,IRON_II,39,14,12827,30,0,50,0,IRON_I,0,13,10809
60,0,84,0,IRON_I,32,18,25839,92,0,93,0,IRON_III,63,16,15377,29,0,59,0,IRON_II,77,18,23333,48,0,73,0,IRON_II,29,16,16133,162,0,158,0,IRON_I,75,15,14466,119,0,127,0,IRON_II,75,15,13185,16,0,19,0,IRON_III,67,15,14467,64,0,70,0,BRONZE_IV,95,15,13926,86,0,105,0,IRON_II,15,17,17340,450,0,496,0,IRON_II,89,16,16049
15,0,18,0,BRONZE_IV,44,17,17710,28,0,30,0,BRONZE_II,0,15,14252,151,0,139,0,GOLD_II,23,17,17956,20,0,26,0,BRONZE_IV,13,14,12230,20,0,26,0,BRONZE_IV,13,14,11588,22,0,45,0,IRON_III,67,14,11584,4,0,15,0,BRONZE_IV,35,15,14175,358,0,344,0,GOLD_IV,0,16,15023,358,0,344,0,GOLD_IV,0,14,11950,125,0,109,0,SILVER_II,0,13,10493
125,0,109,0,SILVER_II,0,16,15381,123,0,98,0,PLATINUM_IV,71,12,8926,123,0,98,0,PLATINUM_IV,71,16,14701,123,0,98,0,PLATINUM_IV,71,15,13172,108,0,91,0,GOLD_I,16,13,10356,22,0,45,0,IRON_III,67,15,13080,4,0,15,0,BRONZE_IV,35,13,10032,72,0,67,0,GOLD_IV,2,14,12624,72,0,67,0,GOLD_IV,2,13,10731,72,0,67,0,GOLD_IV,2,12,8873
25,0,32,0,IRON_IV,58,16,15276,171,0,202,0,BRONZE_IV,45,15,13944,32,0,31,0,SILVER_III,0,17,17843,14,0,20,0,IRON_II,6,13,11217,43,0,60,0,IRON_I,0,13,11385,22,0,45,0,IRON_III,67,16,16330,4,0,15,0,BRONZE_IV,35,16,15205,120,0,135,0,BRONZE_IV,29,15,14256,104,0,101,0,BRONZE_IV,26,15,13412,242,0,241,0,BRONZE_IV,34,14,12974
119,0,131,0,IRON_I,90,17,17314,99,0,127,0,BRONZE_III,7,18,18637,25,0,28,0,BRONZE_IV,23,17,17220,36,0,38,0,IRON_I,0,16,15513,61,0,54,0,BRONZE_IV,2,15,14326,22,0,45,0,IRON_III,67,18,19069,4,0,15,0,BRONZE_IV,35,16,16435,160,0,157,0,IRON_I,64,17,17959,299,0,344,0,IRON_IV,60,16,14767,85,0,127,0,IRON_IV,0,15,13946
2,0,9,0,IRON_II,73,13,10278,33,0,55,0,BRONZE_IV,15,13,10521,31,0,56,0,IRON_II,43,12,8692,82,0,111,0,IRON_I,0,13,10776,315,0,356,0,BRONZE_IV,13,11,7989,22,0,45,0,IRON_III,67,15,13645,4,0,15,0,BRONZE_IV,35,13,11311,144,0,151,0,BRONZE_IV,0,14,12380,66,0,87,0,BRONZE_IV,50,14,11644,198,0,199,0,IRON_II,41,11,8433
382,0,389,0,BRONZE_IV,49,14,12716,100,0,140,0,IRON_II,78,16,15438,36,0,73,0,BRONZE_IV,26,17,17619,57,0,67,0,BRONZE_IV,96,16,15322,115,0,152,0,IRON_I,58,14,11639,115,0,152,0,IRON_I,58,18,21066,145,0,163,0,BRONZE_IV,33,17,16616,13,0,30,0,IRON_III,11,16,15576,185,0,173,0,BRONZE_IV,40,17,17145,99,0,124,0,BRONZE_IV,0,15,14469
227,0,226,0,BRONZE_III,75,14,12305,98,0,123,0,BRONZE_IV,76,16,14793,98,0,123,0,BRONZE_IV,76,15,14096,11,0,23,0,IRON_I,70,12,9726,23,0,22,0,BRONZE_IV,72,13,11334,99,0,124,0,BRONZE_IV,0,15,13111,0,0,10,0,IRON_II,0,8,4934,13,0,30,0,IRON_III,11,15,13514,23,0,28,0,IRON_I,50,12,9733,15,0,29,0,BRONZE_IV,71,11,7854
23,0,37,0,BRONZE_IV,24,15,13392,19,0,30,0,IRON_II,0,13,10551,261,0,296,0,BRONZE_IV,83,15,14459,175,0,200,0,IRON_I,35,14,12032,133,0,136,0,IRON_II,86,13,10108,177,0,185,0,BRONZE_IV,30,14,11965,375,0,367,0,BRONZE_IV,38,15,13284,13,0,30,0,IRON_III,11,14,11509,88,0,105,0,IRON_I,65,12,8612,68,0,83,0,IRON_II,63,11,8051
144,0,147,0,BRONZE_IV,84,18,20791,290,0,315,0,IRON_III,42,17,17914,144,0,173,0,BRONZE_IV,32,18,18430,7,0,11,0,IRON_II,85,16,16333,493,0,520,0,BRONZE_IV,75,15,13524,166,0,174,0,BRONZE_IV,75,18,31643,94,0,115,0,BRONZE_IV,18,16,16397,182,0,234,0,IRON_IV,6,17,17948,15,0,28,0,BRONZE_IV,3,17,17768,97,0,127,0,IRON_II,65,15,13389
93,0,111,0,BRONZE_III,12,14,12882,290,0,315,0,IRON_III,42,14,11679,288,0,306,0,IRON_II,55,14,12213,66,0,82,0,BRONZE_III,44,14,12305,24,0,43,0,BRONZE_IV,42,13,11325,335,0,343,0,BRONZE_IV,81,14,12404,171,0,197,0,BRONZE_IV,0,11,7353,100,0,121,0,BRONZE_IV,44,13,10526,7,0,11,0,IRON_II,85,11,8251,15,0,60,0,IRON_IV,0,11,7493
36,0,50,0,IRON_II,86,17,17543,290,0,315,0,IRON_III,42,16,15686,97,0,123,0,IRON_I,0,17,16793,125,0,133,0,BRONZE_IV,32,14,11777,215,0,255,0,BRONZE_IV,63,14,11570,86,0,88,0,IRON_I,41,17,17234,115,0,136,0,BRONZE_IV,31,15,14337,222,0,244,0,IRON_III,15,16,15183,110,0,124,0,IRON_II,52,13,10178,192,0,197,0,IRON_I,32,13,11389
56,0,89,0,IRON_IV,50,13,10115,290,0,315,0,IRON_III,42,11,7420,63,0,86,0,IRON_II,31,12,9923,14,0,28,0,BRONZE_III,9,10,6842,3,0,24,0,BRONZE_IV,53,8,4149,22,0,34,0,BRONZE_IV,95,13,11038,79,0,98,0,BRONZE_III,0,13,10464,31,0,29,0,IRON_II,49,13,11063,89,0,123,0,IRON_III,7,12,8666,364,0,378,0,IRON_I,58,11,8296
60,0,72,0,BRONZE_IV,21,12,9930,290,0,315,0,IRON_III,42,11,7839,34,0,47,0,IRON_I,72,11,8349,119,0,157,0,BRONZE_IV,15,13,10073,122,0,136,0,BRONZE_IV,19,8,4370,385,0,382,0,BRONZE_III,13,11,8001,247,0,247,0,BRONZE_IV,45,9,5294,64,0,87,0,BRONZE_IV,0,10,6768,18,0,29,0,IRON_III,75,9,5244,71,0,102,0,IRON_II,1,9,5464
59,0,73,0,BRONZE_II,36,13,11234,284,0,300,0,BRONZE_I,50,12,9658,74,0,66,0,BRONZE_II,69,14,12395,102,0,93,0,BRONZE_I,60,14,12473,132,0,147,0,SILVER_III,0,12,9562,364,0,395,0,SILVER_IV,30,17,17188,162,0,159,0,SILVER_IV,52,15,14143,126,0,131,0,SILVER_IV,0,14,12726,101,0,84,0,SILVER_III,40,14,12173,91,0,103,0,IRON_III,24,12,8658
374,0,387,0,BRONZE_IV,7,16,15588,53,0,80,0,BRONZE_IV,24,15,13346,86,0,74,0,IRON_I,94,15,14547,75,0,87,0,IRON_II,61,14,12064,106,0,96,0,BRONZE_IV,99,13,11143,135,0,160,0,IRON_II,34,14,12139,82,0,109,0,BRONZE_IV,0,12,9473,10,0,15,0,IRON_I,100,13,10035,410,0,393,0,BRONZE_IV,54,12,8876,91,0,103,0,IRON_III,24,11,8280
217,0,240,0,BRONZE_III,40,14,12673,314,0,320,0,BRONZE_IV,71,15,14654,431,0,510,0,IRON_III,40,14,12010,12,0,26,0,BRONZE_IV,31,12,9432,16,0,40,0,IRON_II,5,13,9996,531,0,587,0,BRONZE_IV,17,12,9669,102,0,113,0,BRONZE_IV,0,13,10535,19,0,39,0,IRON_I,6,14,12253,85,0,115,0,BRONZE_IV,0,12,9778,91,0,103,0,IRON_III,24,12,8708
142,0,136,0,BRONZE_IV,18,4,1528,27,0,53,0,IRON_I,75,9,5230,157,0,155,0,BRONZE_IV,88,10,7054,73,0,109,0,IRON_IV,42,5,2238,178,0,172,0,BRONZE_IV,4,10,6346,39,0,66,0,IRON_I,51,11,7804,41,0,40,0,IRON_I,100,9,6012,77,0,74,0,BRONZE_IV,72,10,7057,757,0,751,0,IRON_I,28,9,5217,91,0,103,0,IRON_III,24,8,4223
132,0,153,0,IRON_I,56,6,3152,239,0,245,0,IRON_III,59,7,3445,41,0,67,0,IRON_II,50,10,6416,97,0,97,0,IRON_I,11,7,3202,36,0,52,0,BRONZE_IV,23,6,2916,36,0,51,0,IRON_II,49,8,4484,180,0,175,0,BRONZE_IV,2,7,3882,54,0,64,0,BRONZE_III,19,9,5669,309,0,296,0,BRONZE_IV,0,8,4121,91,0,103,0,IRON_III,24,7,3689
22,0,24,0,BRONZE_IV,82,16,14700,84,0,96,0,IRON_IV,73,15,13470,145,0,174,0,IRON_III,24,15,13320,22,0,28,0,BRONZE_IV,93,14,12473,43,0,72,0,BRONZE_IV,7,13,10820,377,0,426,0,BRONZE_III,6,17,17849,138,0,136,0,BRONZE_III,64,17,16994,170,0,235,0,IRON_IV,62,16,14951,152,0,162,0,BRONZE_II,21,17,17042,226,0,226,0,BRONZE_IV,90,16,15767
251,0,270,0,BRONZE_IV,0,15,14130,41,0,40,0,IRON_I,100,16,16025,145,0,174,0,IRON_III,24,15,14616,129,0,152,0,IRON_I,24,14,12943,55,0,78,0,BRONZE_IV,15,14,12992,97,0,109,0,BRONZE_IV,27,18,20778,121,0,133,0,IRON_I,12,17,17233,271,0,269,0,BRONZE_IV,95,18,19550,565,0,564,0,BRONZE_IV,0,16,15159,23,0,44,0,IRON_II,75,16,15669
120,0,148,0,IRON_III,16,14,12640,126,0,140,0,BRONZE_IV,15,15,13944,145,0,174,0,IRON_III,24,14,11702,128,0,134,0,BRONZE_IV,54,11,7655,291,0,307,0,BRONZE_IV,12,13,10623,46,0,60,0,BRONZE_IV,9,17,16634,19,0,31,0,BRONZE_IV,70,18,18441,229,0,265,0,BRONZE_IV,14,15,13649,222,0,243,0,IRON_III,91,14,12748,130,0,148,0,BRONZE_IV,92,14,12464
217,0,257,0,BRONZE_II,83,18,20798,126,0,140,0,BRONZE_IV,15,17,18160,145,0,174,0,IRON_III,24,16,15175,50,0,67,0,IRON_II,79,15,13129,310,0,350,0,IRON_III,33,15,13977,134,0,171,0,IRON_IV,81,16,15471,453,0,446,0,BRONZE_IV,39,17,16953,104,0,132,0,BRONZE_IV,13,15,13076,210,0,241,0,IRON_I,58,14,12257,206,0,239,0,IRON_II,33,14,12798
45,0,48,0,SILVER_III,56,17,17312,405,0,373,0,SILVER_III,55,17,18184,145,0,174,0,IRON_III,24,15,14232,704,0,669,0,SILVER_IV,19,18,20798,248,0,266,0,SILVER_IV,44,18,20073,213,0,245,0,BRONZE_IV,75,18,20373,75,0,81,0,SILVER_III,12,18,25540,440,0,452,0,BRONZE_III,10,18,20733,35,0,43,0,SILVER_IV,41,17,18338,95,0,128,0,SILVER_IV,0,16,16140
23,0,43,0,IRON_I,0,13,10565,64,0,72,0,BRONZE_IV,2,12,9619,42,0,48,0,IRON_II,84,13,10293,145,0,193,0,IRON_IV,73,11,7325,62,0,59,0,IRON_II,52,9,6095,51,0,76,0,IRON_II,4,11,7825,26,0,32,0,BRONZE_IV,0,11,8287,94,0,90,0,IRON_II,49,11,7791,284,0,284,0,IRON_III,13,9,6066,236,0,258,0,IRON_II,20,9,5744
151,0,188,0,IRON_I,20,6,2775,133,0,143,0,IRON_III,82,12,9369,193,0,212,0,IRON_I,17,12,8741,305,0,297,0,BRONZE_III,19,13,11132,232,0,248,0,BRONZE_III,18,12,8903,105,0,118,0,BRONZE_III,43,15,14388,149,0,146,0,IRON_I,59,13,10742,92,0,111,0,BRONZE_IV,75,14,11764,284,0,284,0,IRON_III,13,10,7226,236,0,258,0,IRON_II,20,11,8257
112,0,138,0,IRON_III,75,18,21385,85,0,106,0,BRONZE_IV,0,18,18762,194,0,198,0,IRON_II,4,18,18479,31,0,50,0,IRON_II,75,17,17644,29,0,44,0,BRONZE_IV,64,16,16239,9,0,17,0,IRON_I,22,16,15726,16,0,45,0,BRONZE_IV,31,18,19863,108,0,105,0,BRONZE_III,0,18,18809,284,0,284,0,IRON_III,13,17,17348,236,0,258,0,IRON_II,20,16,15228
9,0,26,0,IRON_I,100,15,13899,184,0,206,0,BRONZE_I,14,16,15345,140,0,188,0,IRON_III,2,15,13755,28,0,59,0,IRON_III,13,16,16246,226,0,226,0,BRONZE_IV,88,15,13631,199,0,216,0,BRONZE_IV,0,15,13126,28,0,53,0,IRON_II,52,14,12367,60,0,91,0,BRONZE_IV,17,16,15874,284,0,284,0,IRON_III,13,15,13665,321,0,318,0,BRONZE_IV,44,14,11465
128,0,104,0,BRONZE_IV,68,17,17674,5,0,7,0,IRON_II,94,15,14408,67,0,134,0,BRONZE_IV,42,15,14221,55,0,70,0,BRONZE_IV,0,14,11839,136,0,147,0,BRONZE_IV,13,15,13591,225,0,267,0,BRONZE_IV,52,14,12091,5,0,5,0,BRONZE_IV,26,16,15116,10,0,14,0,IRON_II,0,14,12913,284,0,284,0,IRON_III,13,12,9650,236,0,258,0,IRON_II,20,12,9204
215,0,212,0,BRONZE_II,18,11,8478,24,0,40,0,IRON_II,79,11,7677,344,0,358,0,IRON_IV,40,11,8213,171,0,163,0,BRONZE_II,3,8,4968,376,0,471,0,IRON_III,13,7,4008,89,0,104,0,BRONZE_III,3,8,4677,103,0,108,0,BRONZE_I,67,8,4237,111,0,137,0,IRON_IV,56,10,7079,11,0,17,0,IRON_II,53,7,3718,25,0,29,0,IRON_III,0,7,3720
111,0,116,0,IRON_II,53,13,11241,44,0,68,0,BRONZE_IV,22,13,10885,58,0,55,0,BRONZE_IV,46,14,11721,120,0,119,0,BRONZE_IV,57,14,11739,160,0,150,0,IRON_I,100,12,8589,20,0,35,0,IRON_III,68,12,9680,103,0,108,0,BRONZE_I,67,11,8079,162,0,159,0,BRONZE_III,66,12,9400,12,0,9,0,IRON_II,34,10,6911,25,0,29,0,IRON_III,0,10,6437
175,0,147,0,SILVER_IV,0,18,19090,167,0,164,0,BRONZE_II,0,17,16887,42,0,50,0,BRONZE_IV,91,17,17062,114,0,111,0,BRONZE_II,85,17,16999,98,0,113,0,IRON_IV,28,14,12411,236,0,240,0,BRONZE_IV,0,17,18216,103,0,108,0,BRONZE_I,67,14,12807,452,0,474,0,IRON_III,5,14,11469,145,0,164,0,BRONZE_III,15,15,14003,25,0,29,0,IRON_III,0,12,9527
230,0,226,0,BRONZE_II,71,18,25756,218,0,235,0,BRONZE_IV,25,18,25057,73,0,79,0,IRON_I,32,18,26348,13,0,19,0,IRON_III,25,18,18531,137,0,175,0,IRON_IV,0,18,22323,208,0,261,0,IRON_II,15,18,32715,125,0,130,0,IRON_I,19,18,23473,121,0,135,0,BRONZE_III,45,15,13253,89,0,102,0,IRON_II,58,18,24260,131,0,136,0,BRONZE_II,15,18,28546
215,0,246,0,BRONZE_IV,33,18,21249,237,0,252,0,BRONZE_IV,77,17,17368,208,0,191,0,BRONZE_IV,62,17,17314,13,0,19,0,IRON_III,25,17,16905,11,0,20,0,IRON_I,46,16,15537,224,0,183,0,SILVER_IV,0,18,27239,211,0,170,0,BRONZE_III,78,18,20272,74,0,104,0,IRON_IV,58,17,17295,28,0,39,0,BRONZE_IV,0,18,21149,177,0,191,0,BRONZE_III,86,18,20250
93,0,95,0,BRONZE_II,6,16,16448,422,0,442,0,IRON_IV,76,14,12191,103,0,99,0,BRONZE_II,68,16,15901,13,0,19,0,IRON_III,25,16,14736,170,0,166,0,BRONZE_IV,40,13,10779,91,0,146,0,IRON_IV,75,14,12136,124,0,97,0,BRONZE_IV,40,15,13588,69,0,116,0,IRON_IV,60,15,13401,208,0,191,0,BRONZE_IV,62,14,12398,12,0,29,0,IRON_III,59,11,7610
284,0,248,0,BRONZE_IV,54,18,23824,357,0,317,0,SILVER_II,10,17,17898,715,0,672,0,SILVER_IV,51,17,17361,13,0,19,0,IRON_III,25,15,13994,183,0,199,0,BRONZE_III,60,17,16987,66,0,67,0,IRON_II,14,18,19816,107,0,99,0,BRONZE_IV,1,18,19360,59,0,62,0,BRONZE_IV,58,17,18021,58,0,62,0,BRONZE_IV,68,18,20282,104,0,120,0,BRONZE_IV,89,16,15815
242,0,239,0,IRON_II,7,13,10937,357,0,317,0,SILVER_II,10,15,14413,715,0,672,0,SILVER_IV,51,15,13566,13,0,19,0,IRON_III,25,11,8389,82,0,81,0,BRONZE_III,44,12,9414,7,0,4,0,IRON_I,22,13,11221,295,0,291,0,BRONZE_III,0,12,9895,18,0,27,0,IRON_III,21,9,5216,888,0,864,0,BRONZE_II,0,12,9141,355,0,378,0,IRON_I,0,11,7938
94,0,80,0,BRONZE_II,75,18,27678,107,0,110,0,BRONZE_II,75,18,21334,179,0,169,0,BRONZE_II,70,18,20549,34,0,53,0,BRONZE_II,4,18,21499,30,0,33,0,BRONZE_III,32,18,18749,15,0,24,0,BRONZE_III,24,18,24158,58,0,59,0,BRONZE_III,44,18,20324,144,0,132,0,BRONZE_I,60,18,27081,10,0,15,0,SILVER_II,49,17,18178,25,0,37,0,IRON_III,76,18,22662
36,0,56,0,IRON_II,23,13,11308,639,0,669,0,IRON_III,2,13,10675,753,0,748,0,BRONZE_III,60,11,8455,131,0,120,0,BRONZE_III,75,9,5843,60,0,78,0,IRON_II,20,11,7598,400,0,391,0,BRONZE_III,30,13,11150,84,0,96,0,BRONZE_III,37,12,9170,155,0,167,0,BRONZE_III,10,13,10675,242,0,243,0,BRONZE_IV,39,11,7363,25,0,37,0,IRON_III,76,10,6617
60,0,78,0,IRON_II,20,11,8174,373,0,396,0,IRON_III,57,10,7014,388,0,445,0,BRONZE_IV,50,8,4673,88,0,154,0,IRON_III,4,11,7378,48,0,108,0,BRONZE_IV,0,8,4654,35,0,52,0,BRONZE_III,48,13,10920,124,0,131,0,BRONZE_IV,49,13,10238,34,0,45,0,IRON_III,18,13,10606,53,0,62,0,BRONZE_IV,78,12,8600,96,0,90,0,SILVER_II,6,11,8314
5,0,7,0,IRON_I,63,15,14284,80,0,105,0,IRON_III,60,15,13325,432,0,510,0,IRON_III,58,15,14097,450,0,492,0,IRON_II,88,12,9436,27,0,34,0,IRON_II,95,14,12206,141,0,159,0,BRONZE_IV,0,13,10421,237,0,251,0,BRONZE_IV,8,13,11211,122,0,157,0,IRON_IV,69,14,11644,96,0,121,0,BRONZE_IV,36,14,12249,250,0,277,0,IRON_III,62,12,9414
27,0,23,0,BRONZE_IV,5,14,12235,84,0,99,0,BRONZE_IV,14,11,7593,432,0,510,0,IRON_III,58,12,8971,269,0,312,0,IRON_IV,75,10,7228,225,0,245,0,IRON_II,12,10,6511,234,0,236,0,BRONZE_IV,23,14,11760,125,0,165,0,IRON_I,17,12,9618,11,0,35,0,IRON_I,26,12,9596,60,0,72,0,BRONZE_IV,20,12,9065,23,0,28,0,IRON_II,22,11,8286
240,0,270,0,BRONZE_IV,0,18,19024,8,0,2,0,BRONZE_IV,53,17,17316,432,0,510,0,IRON_III,58,16,15589,83,0,108,0,IRON_II,94,17,17142,149,0,165,0,BRONZE_IV,30,15,14164,65,0,61,0,BRONZE_IV,45,17,16983,119,0,127,0,IRON_II,75,17,16798,119,0,144,0,IRON_I,12,15,14224,48,0,58,0,BRONZE_III,14,14,12642,98,0,140,0,IRON_III,60,13,10454
152,0,169,0,IRON_III,32,16,15262,319,0,336,0,BRONZE_IV,1,17,17624,432,0,510,0,IRON_III,58,13,10836,145,0,137,0,BRONZE_IV,4,16,15384,39,0,37,0,BRONZE_IV,15,14,11557,282,0,292,0,BRONZE_IV,16,16,16446,343,0,353,0,BRONZE_IV,34,18,18654,105,0,135,0,BRONZE_IV,8,16,15896,11,0,19,0,IRON_I,57,15,13985,72,0,94,0,IRON_II,34,15,13367
59,0,70,0,BRONZE_IV,11,16,16362,32,0,22,0,IRON_I,30,14,12051,432,0,510,0,IRON_III,58,14,12265,348,0,374,0,BRONZE_IV,25,17,17297,58,0,75,0,BRONZE_III,1,16,15541,132,0,120,0,IRON_I,17,18,18887,82,0,84,0,BRONZE_III,19,16,16154,88,0,100,0,BRONZE_IV,12,17,17129,74,0,60,0,IRON_II,68,15,13991,36,0,37,0,IRON_I,22,15,13072
98,0,97,0,BRONZE_III,43,10,6648,10,0,21,0,IRON_I,8,8,4361,133,0,144,0,BRONZE_IV,76,9,5156,365,0,374,0,IRON_III,64,9,5048,282,0,321,0,IRON_II,60,7,3927,15,0,37,0,IRON_III,85,10,6847,71,0,85,0,IRON_I,54,11,7773,119,0,121,0,BRONZE_IV,94,11,7985,93,0,108,0,BRONZE_II,18,9,5876,52,0,65,0,BRONZE_III,47,8,4912
7,0,29,0,IRON_I,3,17,17119,7,0,29,0,IRON_I,3,14,12812,9,0,15,0,IRON_I,1,15,14017,365,0,374,0,IRON_III,64,16,15516,139,0,157,0,IRON_IV,0,13,11308,130,0,149,0,BRONZE_IV,14,16,16264,397,0,371,0,IRON_I,0,17,17283,19,0,38,0,IRON_I,85,17,16746,60,0,68,0,BRONZE_III,51,17,17902,21,0,40,0,BRONZE_IV,11,16,15244
272,0,299,0,BRONZE_IV,54,14,11596,357,0,382,0,BRONZE_IV,66,13,10809,37,0,60,0,IRON_III,47,12,8858,365,0,374,0,IRON_III,64,15,13021,402,0,432,0,IRON_III,81,11,8426,71,0,103,0,IRON_II,55,14,11792,48,0,54,0,IRON_III,75,13,10406,247,0,279,0,BRONZE_IV,29,15,14273,54,0,71,0,BRONZE_IV,10,12,9100,19,0,27,0,IRON_II,3,11,7643
9,0,18,0,BRONZE_III,15,17,16938,9,0,18,0,BRONZE_III,15,16,16291,9,0,18,0,BRONZE_III,15,16,14795,365,0,374,0,IRON_III,64,16,15989,108,0,121,0,BRONZE_III,86,15,13457,19,0,32,0,BRONZE_IV,72,18,20822,19,0,32,0,BRONZE_IV,72,17,18171,19,0,32,0,BRONZE_IV,72,16,15047,49,0,64,0,BRONZE_III,75,16,15258,49,0,64,0,BRONZE_III,75,15,13675
309,0,271,0,BRONZE_IV,6,13,11157,133,0,144,0,IRON_II,59,13,10285,7,0,4,0,IRON_I,0,14,11701,365,0,374,0,IRON_III,64,15,14455,156,0,189,0,IRON_IV,70,14,11756,83,0,120,0,IRON_IV,88,18,18734,55,0,79,0,IRON_I,28,18,18640,87,0,100,0,IRON_I,85,18,19212,171,0,186,0,BRONZE_IV,15,18,18559,21,0,59,0,IRON_III,20,2,600
17,0,32,0,BRONZE_IV,6,16,15346,13,0,28,0,IRON_III,11,15,13308,38,0,44,0,IRON_II,84,16,16420,73,0,73,0,IRON_III,75,18,19743,221,0,232,0,BRONZE_IV,13,17,17717,13,0,19,0,IRON_I,13,18,19653,24,0,35,0,IRON_II,56,18,20698,134,0,178,0,BRONZE_IV,0,18,24015,364,0,477,0,IRON_III,25,16,15237,215,0,213,0,BRONZE_IV,0,17,16737
126,0,137,0,BRONZE_IV,0,10,6215,13,0,28,0,IRON_III,11,10,6971,38,0,44,0,IRON_II,84,12,9231,11,0,24,0,BRONZE_IV,60,10,6608,101,0,109,0,BRONZE_IV,13,9,6028,509,0,540,0,IRON_IV,28,14,12260,31,0,41,0,BRONZE_IV,26,12,9276,411,0,448,0,IRON_II,39,13,10995,65,0,84,0,BRONZE_IV,3,11,8247,222,0,222,0,BRONZE_III,13,12,8805
38,0,44,0,IRON_II,84,8,4717,13,0,28,0,IRON_III,11,10,6215,182,0,198,0,BRONZE_III,49,10,6774,34,0,48,0,BRONZE_IV,24,9,5132,224,0,213,0,BRONZE_IV,71,9,5113,45,0,43,0,BRONZE_I,76,12,9151,417,0,531,0,IRON_III,69,10,6696,61,0,81,0,BRONZE_II,95,12,8676,41,0,52,0,BRONZE_IV,76,9,5843,68,0,93,0,BRONZE_IV,22,8,4166
51,0,59,0,IRON_I,29,14,11531,7,0,19,0,IRON_III,61,12,9585,203,0,222,0,BRONZE_IV,0,12,9886,15,0,34,0,BRONZE_IV,0,12,9747,292,0,272,0,BRONZE_IV,86,11,7883,75,0,119,0,IRON_IV,56,12,9765,275,0,290,0,BRONZE_III,47,13,10028,140,0,165,0,BRONZE_IV,0,13,10973,167,0,184,0,BRONZE_IV,0,11,7474,215,0,203,0,BRONZE_IV,1,10,6527
25,0,22,0,IRON_III,80,17,17691,130,0,133,0,BRONZE_III,48,15,13605,122,0,148,0,IRON_III,43,14,12736,97,0,94,0,BRONZE_IV,61,13,10492,70,0,71,0,BRONZE_IV,31,13,11378,81,0,59,0,IRON_I,34,14,11792,24,0,27,0,IRON_I,71,13,10724,35,0,38,0,BRONZE_IV,43,15,13575,155,0,168,0,BRONZE_IV,26,13,10524,20,0,27,0,IRON_II,37,11,8019
25,0,22,0,IRON_III,80,14,11582,130,0,133,0,BRONZE_III,48,13,11417,57,0,71,0,BRONZE_III,15,13,10376,274,0,297,0,BRONZE_IV,0,13,10078,32,0,48,0,BRONZE_III,49,12,9662,187,0,167,0,BRONZE_III,2,13,10357,95,0,95,0,BRONZE_IV,60,12,8661,71,0,91,0,BRONZE_IV,24,12,9442,42,0,57,0,IRON_II,23,11,7870,65,0,73,0,BRONZE_IV,33,10,6787
25,0,22,0,IRON_III,80,14,12865,193,0,231,0,IRON_III,55,14,12823,27,0,52,0,IRON_I,0,13,10774,43,0,64,0,BRONZE_IV,6,14,12195,177,0,192,0,BRONZE_III,60,14,12395,757,0,751,0,IRON_I,28,15,13521,32,0,60,0,IRON_II,15,18,19032,411,0,448,0,IRON_II,39,15,13266,4,0,10,0,IRON_I,0,16,14784,150,0,156,0,IRON_I,40,16,15607
25,0,22,0,IRON_III,80,14,12545,154,0,171,0,IRON_II,75,14,11690,329,0,328,0,BRONZE_IV,48,12,9591,216,0,226,0,BRONZE_IV,29,14,12252,232,0,252,0,IRON_II,40,10,7040,145,0,162,0,BRONZE_IV,0,13,11349,144,0,169,0,IRON_II,9,12,8908,65,0,74,0,BRONZE_IV,41,12,9956,75,0,70,0,BRONZE_IV,29,11,7391,27,0,66,0,IRON_IV,0,9,5640
25,0,22,0,IRON_III,80,13,10606,193,0,231,0,IRON_III,55,11,8288,27,0,52,0,IRON_I,0,11,8282,8,0,10,0,IRON_I,47,12,9824,57,0,72,0,IRON_II,54,11,8187,93,0,120,0,IRON_II,44,16,16055,39,0,43,0,IRON_III,5,10,6915,302,0,310,0,IRON_IV,43,13,10307,117,0,139,0,IRON_II,79,10,7282,85,0,83,0,SILVER_IV,62,11,7550
35,0,30,0,BRONZE_III,81,16,15609,187,0,221,0,IRON_IV,3,18,21002,37,0,44,0,IRON_III,90,13,10274,526,0,522,0,BRONZE_II,20,15,14572,308,0,291,0,BRONZE_II,40,15,14239,274,0,303,0,BRONZE_IV,11,15,13057,225,0,246,0,IRON_II,2,14,12743,24,0,40,0,IRON_II,79,15,14512,818,0,788,0,BRONZE_IV,14,14,12937,174,0,184,0,BRONZE_IV,4,14,12890
155,0,135,0,SILVER_IV,30,13,11052,59,0,70,0,IRON_I,0,14,12753,37,0,44,0,IRON_III,90,14,12833,10,0,14,0,BRONZE_I,11,14,11780,18,0,55,0,IRON_IV,0,12,9474,380,0,342,0,BRONZE_II,56,17,16816,151,0,148,0,BRONZE_III,40,14,11892,145,0,141,0,IRON_I,58,16,14967,101,0,120,0,BRONZE_IV,70,15,13670,36,0,47,0,BRONZE_IV,0,14,11796
113,0,136,0,IRON_II,60,18,19341,4,0,17,0,IRON_II,34,17,17538,37,0,44,0,IRON_III,90,17,17711,86,0,74,0,IRON_I,87,11,8248,7,0,6,0,IRON_I,100,15,14363,249,0,224,0,SILVER_IV,40,16,15455,36,0,38,0,BRONZE_III,67,13,10033,129,0,129,0,BRONZE_II,42,16,16114,33,0,39,0,IRON_I,100,14,12827,261,0,229,0,BRONZE_II,75,13,10260
214,0,212,0,BRONZE_III,0,14,11748,197,0,211,0,BRONZE_III,0,14,12677,37,0,44,0,IRON_III,90,14,11915,213,0,234,0,IRON_II,59,12,9709,70,0,51,0,BRONZE_IV,0,13,11085,167,0,161,0,BRONZE_III,40,16,15843,108,0,111,0,BRONZE_IV,91,14,12324,41,0,47,0,IRON_II,16,14,12132,160,0,154,0,BRONZE_IV,14,14,11443,563,0,673,0,IRON_III,0,13,10502
32,0,41,0,BRONZE_III,51,13,11304,20,0,46,0,IRON_IV,69,3,1050,37,0,44,0,IRON_III,90,15,13611,54,0,39,0,IRON_I,72,15,13795,137,0,123,0,BRONZE_II,0,16,14929,111,0,102,0,IRON_III,31,13,10860,138,0,138,0,BRONZE_IV,5,14,12505,117,0,122,0,IRON_III,87,12,9771,88,0,101,0,IRON_II,59,11,8351,58,0,65,0,BRONZE_IV,84,11,7993
13,0,19,0,SILVER_IV,0,8,4146,137,0,142,0,SILVER_III,0,8,4974,129,0,126,0,IRON_III,60,9,5164,65,0,71,0,BRONZE_I,1,7,3377,5,0,18,0,BRONZE_I,52,7,3846,59,0,82,0,BRONZE_IV,43,9,5315,29,0,38,0,IRON_I,11,8,4379,91,0,94,0,BRONZE_I,79,10,6752,26,0,22,0,SILVER_III,15,8,4426,249,0,229,0,GOLD_IV,0,7,3636
91,0,106,0,IRON_III,8,13,10697,461,0,500,0,BRONZE_IV,61,14,12482,129,0,126,0,IRON_III,60,13,11050,158,0,155,0,BRONZE_IV,1,13,10009,137,0,119,0,BRONZE_III,58,13,10790,89,0,115,0,IRON_II,90,15,13847,151,0,152,0,IRON_III,30,13,10282,3,0,10,0,IRON_II,85,15,13168,72,0,98,0,BRONZE_IV,0,14,11989,42,0,80,0,BRONZE_IV,30,13,10657
19,0,19,0,BRONZE_IV,27,13,11242,130,0,155,0,BRONZE_III,42,16,15521,129,0,126,0,IRON_III,60,14,11525,81,0,106,0,BRONZE_III,52,12,9829,80,0,67,0,BRONZE_II,9,11,8351,59,0,67,0,BRONZE_II,22,15,14604,504,0,467,0,BRONZE_IV,41,17,16507,263,0,258,0,BRONZE_III,52,14,11904,12,0,11,0,IRON_I,79,14,12752,25,0,35,0,BRONZE_IV,16,14,11647
491,0,496,0,IRON_III,65,9,6052,32,0,39,0,BRONZE_IV,10,9,5324,204,0,207,0,BRONZE_III,43,10,6842,331,0,300,0,BRONZE_IV,13,9,5207,177,0,165,0,BRONZE_IV,42,9,5154,62,0,62,0,BRONZE_IV,0,10,6380,65,0,81,0,BRONZE_IV,2,8,4264,254,0,269,0,BRONZE_IV,7,10,6939,29,0,58,0,IRON_II,0,8,4296,17,0,47,0,BRONZE_IV,30,6,2452
491,0,496,0,IRON_III,65,14,12287,349,0,358,0,BRONZE_IV,14,12,8865,63,0,93,0,BRONZE_IV,10,13,10598,382,0,389,0,BRONZE_IV,49,14,12272,398,0,377,0,BRONZE_IV,5,12,9679,181,0,192,0,BRONZE_IV,6,17,16544,55,0,67,0,BRONZE_IV,25,17,16988,120,0,147,0,IRON_II,50,15,13232,16,0,34,0,BRONZE_IV,13,15,14026,3,0,7,0,IRON_II,74,15,13143
491,0,496,0,IRON_III,65,17,17755,218,0,220,0,BRONZE_IV,1,18,21857,142,0,143,0,BRONZE_III,39,15,14559,382,0,389,0,BRONZE_IV,49,16,15951,438,0,456,0,IRON_II,72,15,14221,39,0,65,0,IRON_III,50,16,15256,154,0,177,0,IRON_III,16,14,12629,300,0,303,0,BRONZE_IV,19,17,17126,85,0,130,0,IRON_II,77,15,13079,20,0,24,0,BRONZE_IV,40,15,13437
491,0,496,0,IRON_III,65,14,11904,278,0,289,0,BRONZE_IV,0,16,15431,271,0,321,0,IRON_IV,75,13,10384,382,0,389,0,BRONZE_IV,49,14,12341,6,0,12,0,IRON_I,0,13,10084,87,0,97,0,BRONZE_IV,0,14,11799,40,0,72,0,IRON_III,31,12,8987,95,0,114,0,IRON_II,56,13,11386,75,0,54,0,BRONZE_IV,69,12,9653,46,0,88,0,IRON_IV,0,10,6619
491,0,496,0,IRON_III,65,17,17332,110,0,130,0,BRONZE_IV,25,18,18799,77,0,93,0,BRONZE_IV,73,16,14855,382,0,389,0,BRONZE_IV,49,18,18683,28,0,25,0,BRONZE_IV,78,15,13501,176,0,148,0,BRONZE_III,40,15,14190,144,0,165,0,IRON_III,41,16,14909,543,0,566,0,IRON_I,75,15,14082,87,0,97,0,BRONZE_IV,0,15,13983,258,0,243,0,BRONZE_IV,59,14,12992
390,0,406,0,BRONZE_III,23,18,19273,5,0,23,0,IRON_III,0,15,13149,304,0,315,0,BRONZE_II,1,16,15575,109,0,120,0,IRON_III,57,16,15646,97,0,112,0,IRON_II,43,16,15394,94,0,99,0,BRONZE_IV,69,18,20364,122,0,137,0,BRONZE_IV,0,17,18192,63,0,68,0,IRON_II,65,16,16219,201,0,195,0,IRON_II,87,14,12748,316,0,339,0,IRON_I,61,16,15216
114,0,116,0,BRONZE_IV,0,16,15931,5,0,23,0,IRON_III,0,17,16772,617,0,597,0,BRONZE_IV,75,17,16918,148,0,155,0,BRONZE_IV,46,17,17340,42,0,37,0,IRON_I,17,16,15406,62,0,64,0,BRONZE_III,53,18,19988,163,0,213,0,IRON_IV,70,17,16878,435,0,445,0,BRONZE_IV,0,18,23459,101,0,115,0,IRON_III,24,16,16181,132,0,138,0,BRONZE_III,70,16,15503
174,0,226,0,IRON_IV,82,14,12551,5,0,23,0,IRON_III,0,12,9838,12,0,26,0,IRON_I,94,13,10006,107,0,127,0,BRONZE_IV,0,13,10631,2,0,14,0,IRON_III,57,13,10008,107,0,136,0,IRON_III,15,15,13494,67,0,84,0,IRON_II,45,16,15735,73,0,70,0,SILVER_IV,0,17,16547,91,0,87,0,BRONZE_IV,88,16,15182,69,0,78,0,BRONZE_IV,20,14,12969
23,0,65,0,IRON_III,28,15,13821,116,0,137,0,BRONZE_IV,1,17,17414,59,0,75,0,IRON_III,75,14,12686,31,0,64,0,IRON_IV,51,17,16799,160,0,142,0,BRONZE_IV,55,15,14633,32,0,36,0,BRONZE_I,54,18,18729,49,0,60,0,IRON_I,42,18,18693,22,0,38,0,IRON_III,14,17,16979,88,0,99,0,BRONZE_III,40,16,15062,18,0,58,0,IRON_IV,0,14,12153
