ally_0_wins,ally_0_miniseries_wins,ally_0_losses,ally_0_miniseries_losses,ally_0_tier,ally_0_league_points,ally_0_champion_level,ally_0_champion_experience,main_player_win,main_player_miniseries_wins,main_player_losses,main_player_miniseries_losses,main_player_tier,main_player_league_points,main_player_champion_level,main_player_champion_experience,ally_1_wins,ally_1_miniseries_wins,ally_1_losses,ally_1_miniseries_losses,ally_1_tier,ally_1_league_points,ally_1_champion_level,ally_1_champion_experience,ally_2_wins,ally_2_miniseries_wins,ally_2_losses,ally_2_miniseries_losses,ally_2_tier,ally_2_league_points,ally_2_champion_level,ally_2_champion_experience,ally_3_wins,ally_3_miniseries_wins,ally_3_losses,ally_3_miniseries_losses,ally_3_tier,ally_3_league_points,ally_3_champion_level,ally_3_champion_experience,rival_0_wins,rival_0_miniseries_wins,rival_0_losses,rival_0_miniseries_losses,rival_0_tier,rival_0_league_points,rival_0_champion_level,rival_0_champion_experience,rival_1_wins,rival_1_miniseries_wins,rival_1_losses,rival_1_miniseries_losses,rival_1_tier,rival_1_league_points,rival_1_champion_level,rival_1_champion_experience,rival_2_wins,rival_2_miniseries_wins,rival_2_losses,rival_2_miniseries_losses,rival_2_tier,rival_2_league_points,rival_2_champion_level,rival_2_champion_experience,rival_3_wins,rival_3_miniseries_wins,rival_3_losses,rival_3_miniseries_losses,rival_3_tier,rival_3_league_points,rival_3_champion_level,rival_3_champion_experience,rival_4_wins,rival_4_miniseries_wins,rival_4_losses,rival_4_miniseries_losses,rival_4_tier,rival_4_league_points,rival_4_champion_level,rival_4_champion_experience
39,0,36,0,SILVER_II,61,13,11116,23,0,13,0,SILVER_II,47,11,7989,144,0,138,0,GOLD_IV,39,13,10786,217,0,209,0,GOLD_III,5,12,8607,6,0,6,0,SILVER_I,0,11,7666,15,0,14,0,SILVER_I,68,15,13467,268,0,270,0,GOLD_IV,11,13,11173,54,0,52,0,GOLD_IV,19,14,12444,68,0,58,0,GOLD_IV,0,13,10631,463,0,459,0,GOLD_III,57,13,10006
58,0,68,0,GOLD_III,34,15,13833,23,0,13,0,SILVER_II,47,12,9168,49,0,42,0,GOLD_II,15,13,11296,38,0,36,0,GOLD_III,22,12,8787,14,0,19,0,GOLD_III,61,9,5679,9,0,18,0,SILVER_II,35,15,13584,115,0,124,0,GOLD_IV,43,13,10323,4,0,8,0,SILVER_II,71,15,13085,56,0,73,0,GOLD_III,0,13,10923,26,0,31,0,GOLD_IV,0,13,10276
239,0,231,0,GOLD_IV,0,10,6903,23,0,13,0,SILVER_II,47,8,4694,224,0,244,0,GOLD_III,9,10,6824,89,0,82,0,GOLD_II,15,9,5321,104,0,125,0,GOLD_IV,30,8,4693,48,0,45,0,GOLD_IV,19,11,7667,38,0,29,0,GOLD_III,79,10,6932,314,0,309,0,PLATINUM_IV,9,12,9118,126,0,121,0,GOLD_III,63,9,5547,318,0,324,0,GOLD_IV,0,8,4857
45,0,48,0,GOLD_III,21,11,8399,23,0,13,0,SILVER_II,47,10,7288,23,0,19,0,PLATINUM_IV,0,13,10515,20,0,12,0,GOLD_IV,19,10,7189,76,0,76,0,GOLD_III,59,10,7016,60,0,77,0,GOLD_IV,65,14,12404,42,0,42,0,GOLD_IV,2,12,8984,43,0,42,0,PLATINUM_IV,1,14,11837,188,0,207,0,SILVER_II,40,12,9770,51,0,43,0,GOLD_II,18,10,7072
5,0,6,0,GOLD_III,19,15,13240,23,0,13,0,SILVER_II,47,15,13364,107,0,74,0,PLATINUM_IV,39,16,15253,130,0,135,0,GOLD_III,93,15,13825,93,0,97,0,SILVER_I,14,14,12698,80,0,55,0,PLATINUM_III,76,13,10405,80,0,55,0,PLATINUM_III,76,12,9868,80,0,55,0,PLATINUM_III,76,13,10318,110,0,97,0,PLATINUM_IV,16,13,10216,84,0,77,0,PLATINUM_IV,44,12,9576
304,0,276,0,PLATINUM_IV,1,15,13967,364,0,358,0,GOLD_II,14,12,9148,163,0,151,0,GOLD_II,13,14,12391,45,0,56,0,GOLD_III,51,12,9901,123,0,122,0,GOLD_I,25,11,7438,97,0,112,0,GOLD_II,35,12,9445,13,0,13,0,GOLD_II,52,11,8269,57,0,56,0,GOLD_III,6,14,12137,17,0,18,0,SILVER_II,27,11,7632,202,0,190,0,GOLD_II,65,10,6960
47,0,36,0,GOLD_I,82,17,16691,685,0,685,0,GOLD_IV,0,14,11881,172,0,161,0,GOLD_III,31,14,12526,599,0,569,0,GOLD_III,11,13,11059,255,0,239,0,GOLD_II,75,12,9954,169,0,168,0,GOLD_III,75,16,15145,23,0,28,0,GOLD_III,23,16,15101,197,0,149,0,PLATINUM_III,40,16,15115,17,0,18,0,SILVER_II,27,15,14011,161,0,139,0,PLATINUM_IV,0,15,13610
124,0,110,0,SILVER_II,11,15,14054,1360,0,1368,0,SILVER_IV,75,14,12947,185,0,179,0,SILVER_III,86,15,13128,29,0,18,0,SILVER_II,50,14,12085,30,0,21,0,BRONZE_I,100,13,10455,30,0,35,0,SILVER_II,23,15,14625,61,0,66,0,SILVER_III,12,11,7374,154,0,143,0,SILVER_IV,91,14,12922,223,0,242,0,SILVER_IV,0,13,10760,555,0,573,0,SILVER_III,64,12,9584
124,0,110,0,SILVER_II,11,17,16879,357,0,323,0,SILVER_I,26,17,17599,419,0,428,0,SILVER_II,51,17,17036,57,0,58,0,SILVER_IV,35,16,15647,49,0,52,0,SILVER_II,22,15,14078,36,0,45,0,SILVER_IV,75,16,14972,351,0,323,0,SILVER_II,71,16,16043,353,0,324,0,SILVER_II,76,18,20058,111,0,123,0,SILVER_III,0,15,13737,6,0,6,0,SILVER_IV,75,14,12820
124,0,110,0,SILVER_II,11,18,21047,92,0,99,0,SILVER_III,7,18,20590,159,0,164,0,SILVER_III,99,18,20814,195,0,225,0,SILVER_III,47,16,15961,159,0,184,0,SILVER_IV,62,15,13866,50,0,63,0,SILVER_III,13,18,22250,120,0,132,0,GOLD_III,40,18,23533,88,0,71,0,SILVER_III,0,18,23875,256,0,250,0,SILVER_III,72,18,18507,141,0,147,0,SILVER_II,7,16,16131
124,0,110,0,SILVER_II,11,18,18443,106,0,114,0,BRONZE_I,43,16,15103,250,0,244,0,SILVER_III,31,18,20493,188,0,218,0,SILVER_II,70,18,19444,518,0,537,0,SILVER_II,57,17,16658,109,0,96,0,SILVER_III,53,18,19569,18,0,38,0,SILVER_IV,37,17,18026,237,0,252,0,SILVER_IV,45,17,17693,36,0,35,0,BRONZE_II,75,17,16635,17,0,18,0,SILVER_IV,0,16,16299
124,0,110,0,SILVER_II,11,17,17938,114,0,145,0,SILVER_III,29,17,16670,26,0,31,0,SILVER_III,8,16,16110,100,0,114,0,SILVER_II,0,16,14988,362,0,331,0,SILVER_III,57,15,13978,508,0,484,0,SILVER_II,43,16,15539,122,0,120,0,SILVER_III,59,15,14679,204,0,214,0,SILVER_III,3,16,15420,80,0,106,0,SILVER_III,69,15,14617,332,0,340,0,SILVER_III,58,13,11409
42,0,46,0,SILVER_II,0,14,11771,58,0,68,0,SILVER_II,15,14,12035,53,0,45,0,SILVER_II,76,16,16315,47,0,31,0,SILVER_I,20,14,11538,51,0,58,0,SILVER_I,100,13,10625,18,0,32,0,SILVER_IV,0,14,12628,120,0,94,0,SILVER_III,75,12,9806,21,0,23,0,SILVER_II,68,13,10424,48,0,56,0,SILVER_II,0,11,8579,18,0,14,0,SILVER_II,84,12,8835
75,0,69,0,GOLD_III,15,16,16009,179,0,170,0,GOLD_IV,0,13,11282,53,0,45,0,SILVER_II,76,14,12768,15,0,12,0,SILVER_I,28,12,9557,26,0,20,0,SILVER_III,47,11,8238,497,0,494,0,SILVER_II,0,13,11264,289,0,269,0,GOLD_IV,1,10,7009,129,0,118,0,SILVER_II,65,12,9257,147,0,150,0,GOLD_III,20,12,8732,92,0,104,0,SILVER_III,23,11,8317
40,0,46,0,SILVER_I,6,15,14664,46,0,41,0,GOLD_IV,1,14,12779,10,0,11,0,SILVER_II,73,15,13248,131,0,127,0,GOLD_III,0,13,10303,57,0,65,0,SILVER_II,60,12,9952,40,0,44,0,GOLD_IV,15,14,11864,97,0,134,0,SILVER_II,0,13,10096,17,0,15,0,SILVER_IV,33,12,9957,24,0,49,0,SILVER_IV,32,10,7038,20,0,27,0,SILVER_I,100,12,9023
46,0,41,0,GOLD_IV,1,17,17853,37,0,21,0,GOLD_II,4,18,18476,10,0,11,0,SILVER_II,73,18,18695,32,0,34,0,SILVER_IV,47,16,15240,22,0,25,0,SILVER_I,60,15,13921,69,0,61,0,GOLD_IV,23,17,17263,168,0,175,0,GOLD_III,62,18,20647,79,0,79,0,SILVER_I,14,18,19683,26,0,24,0,SILVER_I,90,18,20525,154,0,135,0,SILVER_III,32,16,16050
46,0,41,0,GOLD_IV,1,11,7342,11,0,15,0,SILVER_I,28,11,7424,10,0,11,0,SILVER_II,73,12,9652,151,0,131,0,PLATINUM_IV,28,9,6090,161,0,167,0,GOLD_IV,56,8,4361,62,0,70,0,SILVER_II,39,11,8436,28,0,33,0,GOLD_IV,0,11,8354,244,0,229,0,GOLD_IV,0,12,9502,28,0,12,0,GOLD_I,2,13,10602,83,0,113,0,SILVER_III,84,10,7056
46,0,41,0,GOLD_IV,1,13,10630,106,0,120,0,SILVER_III,72,13,11265,10,0,11,0,SILVER_II,73,14,13008,14,0,15,0,SILVER_II,21,13,11419,36,0,26,0,GOLD_IV,1,11,7735,26,0,28,0,GOLD_IV,19,15,14483,25,0,29,0,SILVER_II,75,14,12707,30,0,18,0,GOLD_III,45,15,13128,85,0,82,0,PLATINUM_IV,57,15,13834,28,0,25,0,GOLD_IV,1,13,10875
46,0,41,0,GOLD_IV,1,14,11884,11,0,16,0,SILVER_II,74,14,11700,10,0,11,0,SILVER_II,73,15,14129,47,0,47,0,SILVER_II,75,14,12383,68,0,88,0,SILVER_II,68,15,13541,24,0,22,0,SILVER_I,100,17,17640,38,0,27,0,GOLD_III,9,15,14349,13,0,4,0,SILVER_I,30,16,14831,8,0,13,0,SILVER_II,24,14,12749,54,0,37,0,PLATINUM_IV,1,14,11878
68,0,71,0,SILVER_I,30,15,13205,279,0,230,0,GOLD_IV,1,16,16174,49,0,57,0,SILVER_II,77,15,13825,140,0,131,0,SILVER_II,81,14,12722,43,0,59,0,SILVER_III,43,14,12515,25,0,19,0,SILVER_III,34,13,10188,22,0,12,0,SILVER_III,21,13,11283,244,0,244,0,SILVER_II,46,14,11562,29,0,30,0,SILVER_III,69,11,8388,17,0,13,0,SILVER_II,0,11,8112
67,0,63,0,GOLD_IV,33,18,19157,34,0,17,0,SILVER_III,34,18,22025,25,0,38,0,SILVER_III,0,18,19886,69,0,63,0,GOLD_IV,68,15,13624,32,0,22,0,SILVER_III,6,15,13425,25,0,19,0,SILVER_III,34,16,15937,74,0,83,0,SILVER_II,76,15,13715,85,0,87,0,SILVER_II,72,15,14160,53,0,53,0,SILVER_III,50,17,18000,17,0,13,0,SILVER_II,0,15,13228
95,0,75,0,SILVER_II,13,15,13513,40,0,49,0,SILVER_I,80,14,12311,128,0,121,0,SILVER_I,77,15,14168,34,0,33,0,SILVER_I,74,15,13086,39,0,44,0,SILVER_IV,81,12,8732,52,0,61,0,SILVER_II,62,15,13331,56,0,57,0,SILVER_II,32,13,10587,24,0,27,0,SILVER_III,57,12,9639,29,0,28,0,SILVER_II,28,13,10388,100,0,104,0,SILVER_I,5,11,8092
11,0,12,0,SILVER_III,43,15,13807,53,0,65,0,SILVER_I,0,13,10747,20,0,23,0,SILVER_III,67,15,13990,38,0,42,0,SILVER_III,89,13,11408,37,0,33,0,SILVER_III,84,12,9452,455,0,460,0,SILVER_I,33,16,16167,56,0,57,0,SILVER_II,32,16,15317,167,0,151,0,SILVER_II,40,14,12540,215,0,195,0,SILVER_II,0,16,15588,197,0,174,0,GOLD_IV,8,14,12984
45,0,32,0,GOLD_I,41,12,9792,406,0,425,0,SILVER_III,61,9,6068,59,0,53,0,SILVER_IV,58,12,8990,252,0,238,0,SILVER_II,31,11,8296,132,0,138,0,SILVER_II,90,9,5317,313,0,324,0,SILVER_II,15,9,5830,56,0,57,0,SILVER_II,32,9,5087,29,0,33,0,SILVER_III,88,9,5911,112,0,117,0,SILVER_II,24,8,4964,53,0,55,0,SILVER_II,11,8,4447
95,0,83,0,SILVER_II,38,12,9830,41,0,46,0,SILVER_II,0,15,13522,487,0,467,0,GOLD_III,57,15,14068,115,0,140,0,SILVER_II,32,15,14256,191,0,198,0,SILVER_II,39,13,10235,195,0,186,0,GOLD_IV,54,16,16121,56,0,57,0,SILVER_II,32,16,15168,88,0,101,0,SILVER_II,18,17,17489,132,0,120,0,SILVER_II,75,15,13163,101,0,104,0,SILVER_II,24,15,13941
156,0,155,0,GOLD_IV,1,15,14531,166,0,168,0,SILVER_I,67,15,13409,90,0,95,0,SILVER_III,90,16,15030,82,0,78,0,SILVER_I,72,13,10968,67,0,45,0,SILVER_IV,60,13,10700,234,0,237,0,GOLD_IV,71,14,12376,56,0,57,0,SILVER_II,32,13,10472,97,0,102,0,SILVER_I,68,14,12118,425,0,414,0,GOLD_III,16,12,9947,89,0,95,0,SILVER_III,83,11,8545
53,0,59,0,GOLD_IV,61,18,18469,30,0,38,0,SILVER_II,8,17,17486,464,0,470,0,SILVER_II,38,16,15948,529,0,522,0,PLATINUM_IV,12,14,12795,273,0,250,0,GOLD_IV,44,15,13394,51,0,54,0,SILVER_IV,77,18,22172,124,0,102,0,GOLD_II,46,18,21049,319,0,314,0,GOLD_IV,49,18,22421,119,0,129,0,SILVER_III,15,18,19544,132,0,128,0,GOLD_III,10,16,16403
85,0,70,0,GOLD_IV,76,16,15034,30,0,38,0,SILVER_II,8,14,12555,131,0,149,0,SILVER_IV,54,14,11484,60,0,63,0,SILVER_I,48,14,12378,20,0,24,0,SILVER_III,1,14,11760,132,0,128,0,GOLD_III,10,15,13696,228,0,202,0,GOLD_I,37,16,15463,102,0,102,0,GOLD_IV,14,14,12928,48,0,48,0,SILVER_II,48,16,15767,201,0,213,0,SILVER_II,46,14,12622
190,0,175,0,GOLD_II,4,13,11173,30,0,38,0,SILVER_II,8,13,11061,56,0,63,0,SILVER_II,67,14,12204,158,0,145,0,GOLD_IV,15,11,7712,476,0,467,0,GOLD_III,39,10,6716,597,0,583,0,GOLD_III,28,12,9119,401,0,384,0,GOLD_II,52,11,7788,170,0,174,0,SILVER_II,8,10,6702,151,0,154,0,SILVER_I,71,10,6213,79,0,92,0,SILVER_III,61,10,7244
66,0,78,0,SILVER_III,31,15,14139,30,0,38,0,SILVER_II,8,14,12041,161,0,177,0,SILVER_II,0,14,11640,43,0,44,0,SILVER_II,47,14,11570,70,0,76,0,SILVER_I,1,15,13029,92,0,89,0,SILVER_III,24,17,16738,55,0,36,0,GOLD_IV,64,17,17993,227,0,230,0,SILVER_II,30,17,16851,331,0,329,0,SILVER_III,66,13,10254,70,0,78,0,GOLD_IV,6,14,12146
48,0,61,0,GOLD_IV,18,13,10541,30,0,38,0,SILVER_II,8,14,12191,349,0,344,0,GOLD_IV,0,13,10493,403,0,396,0,SILVER_I,15,13,10914,239,0,241,0,GOLD_IV,0,11,7944,341,0,339,0,SILVER_I,56,16,15156,323,0,306,0,GOLD_III,18,15,13785,91,0,91,0,GOLD_IV,71,15,14240,154,0,127,0,GOLD_I,52,14,12035,226,0,233,0,SILVER_I,0,13,10430
87,0,66,0,SILVER_III,19,10,6287,33,0,21,0,SILVER_IV,39,9,5102,65,0,73,0,SILVER_III,34,10,7007,79,0,96,0,SILVER_III,0,7,3811,116,0,128,0,SILVER_III,41,8,4633,71,0,86,0,SILVER_II,13,12,9856,738,0,743,0,SILVER_II,50,10,6789,150,0,144,0,GOLD_III,0,11,7933,93,0,95,0,SILVER_IV,19,11,7309,93,0,97,0,SILVER_II,34,9,5790
175,0,169,0,GOLD_III,22,18,22325,76,0,84,0,SILVER_III,65,18,20522,45,0,52,0,SILVER_IV,23,17,17918,81,0,87,0,SILVER_II,60,18,22811,389,0,370,0,SILVER_III,67,17,17372,71,0,86,0,SILVER_II,13,17,17910,147,0,151,0,SILVER_II,19,18,22140,177,0,169,0,SILVER_II,0,18,21077,240,0,256,0,SILVER_III,75,18,21238,93,0,97,0,SILVER_II,34,17,17214
47,0,28,0,GOLD_IV,23,18,21079,197,0,167,0,SILVER_III,59,18,19589,277,0,283,0,GOLD_IV,26,17,18107,97,0,98,0,SILVER_IV,58,16,15669,70,0,55,0,SILVER_I,28,16,15345,71,0,86,0,SILVER_II,13,17,16566,132,0,126,0,SILVER_II,74,18,19706,116,0,116,0,SILVER_II,19,17,18177,192,0,188,0,SILVER_II,17,18,18557,93,0,97,0,SILVER_II,34,17,16598
306,0,295,0,SILVER_III,59,16,15777,351,0,361,0,SILVER_I,28,16,14984,233,0,228,0,SILVER_I,69,17,16741,329,0,306,0,SILVER_II,46,12,9659,35,0,39,0,SILVER_II,61,13,10542,71,0,86,0,SILVER_II,13,14,11787,138,0,125,0,SILVER_I,39,14,12951,217,0,210,0,SILVER_III,42,15,13060,239,0,235,0,SILVER_II,41,14,12077,93,0,97,0,SILVER_II,34,13,10082
59,0,58,0,SILVER_IV,92,15,14498,467,0,450,0,SILVER_II,50,15,13520,258,0,258,0,SILVER_III,70,13,11056,252,0,263,0,SILVER_I,67,12,9896,311,0,306,0,GOLD_III,0,12,9170,71,0,86,0,SILVER_II,13,10,6592,107,0,107,0,GOLD_IV,61,14,12071,113,0,131,0,SILVER_II,59,14,13017,172,0,148,0,SILVER_III,17,14,11991,93,0,97,0,SILVER_II,34,10,7163
92,0,112,0,SILVER_II,21,14,12956,68,0,80,0,SILVER_II,0,13,10683,331,0,376,0,GOLD_III,38,13,10609,157,0,142,0,GOLD_IV,13,14,11507,147,0,149,0,GOLD_III,15,12,9552,125,0,106,0,DIAMOND_IV,0,16,16271,15,0,17,0,SILVER_IV,0,14,12788,92,0,112,0,SILVER_III,92,16,14942,161,0,178,0,GOLD_IV,23,13,11128,47,0,52,0,GOLD_IV,39,12,9700
92,0,112,0,SILVER_II,21,14,12178,979,0,980,0,SILVER_II,0,15,13910,168,0,163,0,SILVER_II,5,15,14654,326,0,338,0,SILVER_II,33,17,17038,185,0,167,0,SILVER_II,0,15,13031,132,0,145,0,SILVER_III,0,14,12055,200,0,192,0,SILVER_II,76,14,12779,251,0,270,0,SILVER_III,37,14,12300,271,0,267,0,SILVER_III,48,15,13041,233,0,255,0,SILVER_III,75,12,9078
192,0,152,0,GOLD_IV,0,7,3374,96,0,103,0,SILVER_II,67,7,3997,40,0,49,0,SILVER_IV,59,3,1113,205,0,212,0,SILVER_III,30,7,3387,56,0,73,0,SILVER_II,11,6,2569,68,0,83,0,SILVER_III,71,9,5312,73,0,80,0,SILVER_I,93,7,3705,305,0,306,0,SILVER_I,88,8,4782,43,0,36,0,SILVER_I,46,7,3252,157,0,178,0,SILVER_III,85,6,2747
45,0,37,0,SILVER_III,71,15,14499,37,0,43,0,SILVER_III,41,15,14569,100,0,121,0,SILVER_III,78,16,16067,205,0,212,0,SILVER_III,30,14,12545,56,0,73,0,SILVER_II,11,13,10903,42,0,52,0,SILVER_II,0,12,9758,174,0,183,0,SILVER_II,81,14,11503,23,0,28,0,BRONZE_I,100,13,11289,431,0,417,0,SILVER_II,14,15,14473,131,0,117,0,SILVER_II,26,12,9828
108,0,96,0,GOLD_IV,30,15,13555,81,0,116,0,SILVER_III,94,14,12202,122,0,113,0,SILVER_IV,17,16,15514,55,0,67,0,SILVER_II,13,14,12982,56,0,73,0,SILVER_II,11,13,10706,68,0,103,0,SILVER_III,75,14,12752,127,0,120,0,SILVER_II,13,15,13359,214,0,221,0,SILVER_II,52,16,15135,121,0,106,0,SILVER_III,3,14,12643,256,0,244,0,SILVER_I,30,13,10723
59,0,54,0,SILVER_II,33,14,12329,289,0,259,0,SILVER_II,16,12,8638,34,0,38,0,SILVER_III,84,13,11092,90,0,81,0,SILVER_II,32,11,8570,56,0,73,0,SILVER_II,11,9,5749,117,0,121,0,GOLD_IV,30,13,11129,18,0,23,0,SILVER_III,94,12,9411,100,0,121,0,SILVER_III,78,13,10801,204,0,209,0,SILVER_II,35,10,6816,451,0,462,0,SILVER_IV,49,9,5360
14,0,20,0,SILVER_IV,71,18,19203,146,0,150,0,SILVER_II,19,18,21636,126,0,121,0,SILVER_III,81,17,17676,19,0,20,0,SILVER_IV,22,15,13708,56,0,73,0,SILVER_II,11,15,13959,67,0,78,0,SILVER_III,65,14,13015,141,0,126,0,SILVER_II,2,14,12937,147,0,147,0,SILVER_III,61,15,13665,34,0,37,0,SILVER_III,0,16,15554,35,0,47,0,SILVER_IV,75,16,15335
203,0,174,0,SILVER_III,72,18,21145,208,0,195,0,SILVER_II,15,18,19524,107,0,102,0,SILVER_III,35,18,20497,295,0,296,0,SILVER_I,1,17,17198,147,0,132,0,SILVER_IV,40,16,15791,43,0,65,0,SILVER_IV,33,17,16901,372,0,382,0,SILVER_III,16,15,14266,265,0,280,0,SILVER_IV,53,18,21368,22,0,34,0,SILVER_II,0,17,17856,317,0,319,0,SILVER_I,41,17,17938
317,0,319,0,SILVER_I,41,16,14915,270,0,284,0,BRONZE_II,85,15,13078,13,0,8,0,BRONZE_II,82,15,13458,233,0,226,0,BRONZE_IV,28,15,13375,94,0,104,0,BRONZE_IV,0,14,11844,270,0,272,0,SILVER_I,14,15,14093,128,0,116,0,SILVER_IV,30,13,10951,50,0,40,0,SILVER_II,22,14,11924,4,0,10,0,IRON_I,25,12,9562,96,0,82,0,SILVER_IV,57,12,9015
96,0,82,0,SILVER_IV,57,17,17070,17,0,25,0,BRONZE_III,39,14,12883,18,0,20,0,BRONZE_III,78,14,12379,50,0,44,0,BRONZE_I,0,14,12586,12,0,21,0,SILVER_II,87,15,13262,4,0,10,0,IRON_I,25,16,15961,128,0,116,0,SILVER_IV,30,17,18012,50,0,40,0,SILVER_II,22,18,21102,50,0,40,0,SILVER_II,22,15,14081,9,0,20,0,BRONZE_III,50,16,15460
72,0,89,0,BRONZE_I,48,17,17124,72,0,89,0,BRONZE_I,48,16,15827,126,0,119,0,SILVER_IV,93,16,15460,38,0,66,0,SILVER_IV,0,15,13752,366,0,348,0,SILVER_IV,64,15,14200,4,0,10,0,IRON_I,25,13,10623,9,0,20,0,BRONZE_III,50,13,10397,50,0,40,0,SILVER_II,22,14,11564,9,0,20,0,BRONZE_III,50,15,13216,128,0,116,0,SILVER_IV,30,16,15893
253,0,293,0,SILVER_IV,4,15,14314,35,0,38,0,BRONZE_IV,97,14,12300,35,0,38,0,BRONZE_IV,97,12,9944,22,0,21,0,SILVER_II,48,15,13171,85,0,76,0,SILVER_IV,84,14,11798,4,0,10,0,IRON_I,25,10,7087,270,0,272,0,SILVER_I,14,16,14963,50,0,40,0,SILVER_II,22,15,13906,128,0,116,0,SILVER_IV,30,11,7847,9,0,20,0,BRONZE_III,50,13,10934
173,0,180,0,GOLD_IV,46,14,11776,43,0,50,0,SILVER_III,7,11,8181,146,0,129,0,SILVER_I,100,12,8698,314,0,330,0,GOLD_IV,10,12,8863,42,0,40,0,SILVER_II,75,9,5316,47,0,54,0,GOLD_IV,0,13,10532,658,0,614,0,GOLD_III,47,14,12015,110,0,124,0,GOLD_IV,0,16,14893,228,0,223,0,GOLD_IV,76,12,9001,122,0,139,0,GOLD_IV,45,11,8020
59,0,55,0,SILVER_I,41,15,14180,26,0,27,0,SILVER_II,48,13,10723,386,0,375,0,GOLD_IV,43,14,12731,55,0,73,0,GOLD_III,31,13,10418,42,0,40,0,SILVER_II,75,11,7889,37,0,35,0,SILVER_II,55,16,15162,18,0,23,0,SILVER_II,81,15,13587,33,0,34,0,SILVER_II,74,14,12160,46,0,38,0,GOLD_IV,10,16,15473,50,0,54,0,SILVER_III,75,14,12041
104,0,98,0,SILVER_III,54,15,13812,226,0,196,0,GOLD_III,0,17,17147,72,0,75,0,GOLD_IV,37,16,14700,38,0,42,0,SILVER_I,59,15,13129,42,0,40,0,SILVER_II,75,18,18611,21,0,26,0,SILVER_I,52,18,18908,64,0,73,0,SILVER_II,81,18,19986,44,0,44,0,SILVER_I,29,18,20337,421,0,426,0,SILVER_II,19,18,19077,242,0,239,0,GOLD_IV,0,18,18454
34,0,32,0,SILVER_I,0,15,14011,35,0,28,0,SILVER_II,35,14,11922,513,0,517,0,SILVER_I,12,12,9299,318,0,330,0,SILVER_II,48,13,9970,42,0,40,0,SILVER_II,75,13,11329,292,0,281,0,GOLD_III,4,14,11690,379,0,410,0,SILVER_IV,23,13,10823,287,0,310,0,SILVER_IV,45,13,10711,202,0,190,0,SILVER_II,64,13,10180,143,0,134,0,GOLD_IV,2,11,7599
333,0,325,0,GOLD_IV,57,12,9612,33,0,33,0,SILVER_I,100,16,15788,148,0,175,0,GOLD_IV,23,14,12427,134,0,139,0,SILVER_IV,92,12,9395,42,0,40,0,SILVER_II,75,14,12436,79,0,72,0,GOLD_II,7,16,16428,491,0,413,0,GOLD_III,0,14,11848,269,0,248,0,SILVER_III,61,15,13248,87,0,89,0,SILVER_II,33,13,11121,85,0,87,0,SILVER_I,14,13,10741
211,0,213,0,SILVER_III,25,15,13765,55,0,66,0,SILVER_III,67,14,12409,231,0,250,0,SILVER_III,17,14,11956,177,0,189,0,SILVER_III,0,13,10811,97,0,102,0,SILVER_III,21,12,9958,376,0,370,0,SILVER_II,13,15,13372,240,0,237,0,SILVER_III,62,15,13135,282,0,297,0,SILVER_II,14,17,16525,132,0,149,0,SILVER_III,75,14,13018,364,0,355,0,SILVER_II,0,13,10945
182,0,174,0,SILVER_II,28,16,14790,42,0,54,0,SILVER_IV,55,16,15091,54,0,40,0,SILVER_III,17,17,16647,660,0,636,0,SILVER_III,47,15,13851,371,0,369,0,SILVER_III,62,13,11334,469,0,489,0,SILVER_III,3,16,16244,730,0,709,0,SILVER_III,15,17,17235,282,0,297,0,SILVER_II,14,14,12229,157,0,169,0,SILVER_IV,65,14,11946,14,0,24,0,SILVER_IV,92,12,9825
22,0,14,0,SILVER_I,100,11,8288,157,0,149,0,BRONZE_I,100,9,5537,107,0,98,0,SILVER_II,56,11,7618,59,0,61,0,SILVER_IV,94,9,5074,12,0,10,0,SILVER_II,76,8,4249,21,0,27,0,SILVER_III,0,6,2783,214,0,248,0,SILVER_II,17,9,6057,282,0,297,0,SILVER_II,14,9,6039,197,0,197,0,SILVER_II,28,8,4406,690,0,696,0,SILVER_II,30,7,4044
170,0,167,0,SILVER_II,62,16,15002,122,0,131,0,SILVER_III,91,17,18069,254,0,248,0,SILVER_III,46,16,16387,233,0,245,0,SILVER_II,18,16,15017,131,0,114,0,SILVER_II,14,14,12801,391,0,343,0,SILVER_II,67,18,18662,144,0,128,0,SILVER_II,0,17,16871,282,0,297,0,SILVER_II,14,18,22142,324,0,373,0,SILVER_II,50,15,13836,109,0,110,0,SILVER_II,36,15,13415
115,0,112,0,SILVER_II,23,13,9984,39,0,42,0,SILVER_IV,73,9,6031,170,0,167,0,SILVER_I,13,10,6670,19,0,27,0,SILVER_IV,94,10,6762,130,0,148,0,SILVER_III,68,9,5920,211,0,232,0,SILVER_III,32,10,7056,9,0,10,0,SILVER_III,8,9,5374,282,0,297,0,SILVER_II,14,11,8141,44,0,50,0,SILVER_III,39,9,5860,14,0,20,0,SILVER_IV,19,7,4041
62,0,63,0,SILVER_II,5,16,16133,81,0,57,0,GOLD_IV,0,17,16493,62,0,66,0,SILVER_I,30,14,12199,115,0,132,0,GOLD_IV,0,16,16091,188,0,186,0,SILVER_I,41,13,10596,55,0,47,0,SILVER_I,21,16,16393,317,0,323,0,GOLD_IV,27,15,14372,107,0,119,0,SILVER_I,37,16,16325,39,0,27,0,SILVER_I,0,16,14936,88,0,76,0,GOLD_IV,13,15,13937
62,0,63,0,SILVER_II,5,13,10047,81,0,57,0,GOLD_IV,0,13,10855,252,0,231,0,GOLD_IV,47,13,11060,259,0,262,0,GOLD_III,7,12,9490,143,0,127,0,SILVER_III,37,12,9643,69,0,63,0,SILVER_III,73,12,9253,386,0,343,0,GOLD_IV,37,11,8238,187,0,189,0,SILVER_I,15,12,9222,93,0,100,0,SILVER_III,55,11,7456,71,0,88,0,SILVER_I,71,10,6849
56,0,53,0,SILVER_II,12,14,12597,91,0,95,0,SILVER_II,89,14,11694,183,0,177,0,SILVER_II,73,14,12164,56,0,45,0,SILVER_II,0,12,9549,48,0,35,0,SILVER_III,80,12,8789,59,0,77,0,SILVER_IV,16,13,10599,81,0,96,0,SILVER_II,52,13,10506,42,0,50,0,GOLD_IV,4,12,9937,223,0,232,0,SILVER_I,62,12,9775,224,0,221,0,SILVER_II,73,10,6571
112,0,116,0,SILVER_III,54,17,16753,145,0,149,0,SILVER_II,55,18,19886,183,0,177,0,SILVER_II,73,17,17544,81,0,68,0,SILVER_I,43,16,14743,33,0,41,0,SILVER_III,71,15,13767,98,0,97,0,SILVER_II,9,15,14391,177,0,182,0,SILVER_II,1,16,15292,172,0,145,0,SILVER_II,26,16,14924,158,0,167,0,SILVER_I,19,16,14818,69,0,73,0,SILVER_III,92,15,13350
156,0,143,0,GOLD_IV,12,14,12385,237,0,205,0,GOLD_I,44,14,12062,107,0,113,0,SILVER_II,46,15,14053,378,0,393,0,SILVER_III,14,13,11185,314,0,348,0,GOLD_IV,12,13,11219,58,0,64,0,SILVER_II,96,13,10671,244,0,221,0,SILVER_I,6,12,9814,57,0,70,0,GOLD_IV,14,14,12580,69,0,73,0,SILVER_II,52,13,10903,197,0,219,0,SILVER_II,75,10,7126
197,0,194,0,GOLD_IV,39,18,19063,235,0,230,0,GOLD_III,1,17,18264,222,0,211,0,SILVER_III,41,17,17280,178,0,203,0,GOLD_IV,9,16,16233,246,0,249,0,GOLD_IV,0,14,12864,129,0,145,0,GOLD_IV,71,16,15676,568,0,580,0,SILVER_I,46,16,15753,173,0,169,0,SILVER_III,49,16,15577,69,0,73,0,SILVER_II,52,15,14631,275,0,272,0,GOLD_IV,0,13,11244
149,0,141,0,GOLD_IV,64,11,7659,314,0,288,0,GOLD_II,52,11,8297,213,0,228,0,GOLD_IV,0,12,9019,74,0,86,0,GOLD_II,62,11,7709,92,0,89,0,SILVER_II,69,8,4218,237,0,237,0,GOLD_III,25,11,8129,337,0,305,0,PLATINUM_IV,15,11,8220,306,0,295,0,GOLD_III,14,11,7563,69,0,73,0,SILVER_II,52,11,8438,271,0,250,0,GOLD_IV,50,10,7023
113,0,110,0,GOLD_III,75,12,9920,359,0,301,0,GOLD_III,77,12,9273,117,0,122,0,GOLD_IV,0,12,9521,213,0,208,0,GOLD_IV,75,10,7121,146,0,157,0,GOLD_IV,44,10,6691,103,0,95,0,GOLD_IV,15,12,9381,306,0,295,0,GOLD_III,14,10,6883,84,0,85,0,SILVER_I,57,10,6724,69,0,73,0,SILVER_II,52,10,6456,46,0,56,0,SILVER_I,42,9,5400
33,0,33,0,SILVER_II,0,16,16373,99,0,113,0,SILVER_III,70,16,15171,30,0,30,0,SILVER_II,65,16,16303,57,0,44,0,GOLD_II,14,16,16113,46,0,56,0,SILVER_I,42,13,11175,266,0,312,0,SILVER_III,56,16,15008,306,0,295,0,GOLD_III,14,15,13741,257,0,254,0,GOLD_IV,61,15,14636,69,0,73,0,SILVER_II,52,16,15215,31,0,35,0,SILVER_I,11,14,12764
77,0,55,0,GOLD_II,30,14,11590,41,0,50,0,GOLD_IV,53,12,9153,56,0,48,0,SILVER_II,65,13,10458,107,0,107,0,SILVER_I,66,10,7235,110,0,101,0,SILVER_I,13,11,7565,621,0,626,0,SILVER_I,60,14,12843,271,0,284,0,GOLD_IV,59,14,11800,147,0,153,0,SILVER_II,59,15,14507,122,0,115,0,GOLD_IV,30,13,11218,594,0,604,0,GOLD_IV,0,12,9050
158,0,169,0,SILVER_III,72,13,11247,462,0,461,0,SILVER_I,67,13,10386,56,0,48,0,SILVER_II,65,14,12039,254,0,247,0,GOLD_III,75,12,8935,227,0,248,0,SILVER_III,0,11,7968,71,0,70,0,GOLD_IV,1,14,12965,87,0,73,0,SILVER_I,51,15,13995,173,0,158,0,SILVER_II,67,15,13954,180,0,176,0,SILVER_I,34,15,13054,363,0,372,0,GOLD_II,48,13,9987
152,0,153,0,SILVER_II,70,18,18424,462,0,451,0,SILVER_II,6,16,16331,56,0,48,0,SILVER_II,65,17,16922,332,0,314,0,GOLD_IV,0,16,15711,190,0,206,0,SILVER_II,50,14,12435,154,0,152,0,GOLD_IV,0,16,15866,171,0,164,0,SILVER_III,6,14,12829,618,0,576,0,PLATINUM_IV,45,17,17282,181,0,184,0,GOLD_IV,0,15,13782,362,0,353,0,GOLD_II,20,14,11509
98,0,99,0,GOLD_IV,90,15,14331,53,0,45,0,SILVER_III,20,16,14724,56,0,48,0,SILVER_II,65,17,18175,76,0,58,0,GOLD_IV,0,16,15338,155,0,155,0,SILVER_II,94,14,12781,31,0,36,0,SILVER_III,65,17,16620,24,0,29,0,SILVER_IV,47,15,13209,158,0,155,0,SILVER_I,16,15,14310,170,0,154,0,GOLD_IV,0,16,15225,99,0,91,0,SILVER_IV,58,14,11553
11,0,14,0,SILVER_II,72,17,17377,59,0,59,0,SILVER_I,100,15,14694,181,0,181,0,GOLD_IV,41,17,16941,144,0,151,0,GOLD_IV,42,16,14981,73,0,79,0,GOLD_IV,11,13,10971,181,0,186,0,GOLD_IV,35,15,13615,18,0,22,0,SILVER_II,63,14,11649,11,0,18,0,SILVER_II,80,15,13438,110,0,124,0,GOLD_IV,1,14,11725,154,0,159,0,GOLD_IV,75,13,10364
366,0,323,0,GOLD_IV,13,18,21824,47,0,32,0,SILVER_II,75,16,15662,88,0,99,0,GOLD_IV,0,16,16473,170,0,163,0,GOLD_II,25,15,14005,62,0,49,0,SILVER_IV,51,13,11046,89,0,104,0,GOLD_IV,0,18,23008,270,0,302,0,GOLD_IV,59,17,16997,11,0,18,0,SILVER_II,80,18,23011,64,0,68,0,GOLD_IV,44,18,19677,69,0,78,0,SILVER_II,16,16,15859
293,0,320,0,GOLD_IV,41,16,16045,56,0,41,0,GOLD_IV,28,15,13816,66,0,53,0,GOLD_IV,0,13,11246,71,0,61,0,GOLD_IV,85,13,11180,338,0,359,0,GOLD_IV,69,12,9647,121,0,137,0,GOLD_IV,0,12,9421,190,0,188,0,GOLD_IV,53,12,9559,11,0,18,0,SILVER_II,80,14,13004,37,0,42,0,SILVER_I,47,11,8153,93,0,95,0,SILVER_I,33,11,7471
22,0,23,0,SILVER_I,32,16,15201,8,0,6,0,SILVER_III,83,14,11765,106,0,103,0,SILVER_III,9,14,12624,16,0,24,0,SILVER_III,44,11,7632,5,0,5,0,SILVER_II,29,13,10190,39,0,36,0,SILVER_I,7,13,10921,9,0,13,0,SILVER_II,16,11,8221,11,0,18,0,SILVER_II,80,11,7853,11,0,11,0,SILVER_II,7,11,8258,40,0,35,0,SILVER_I,1,11,7925
89,0,89,0,SILVER_I,100,15,14538,371,0,359,0,GOLD_IV,51,15,13791,57,0,42,0,SILVER_I,51,16,14957,47,0,54,0,GOLD_IV,1,16,14879,19,0,16,0,SILVER_I,100,12,9297,30,0,39,0,GOLD_IV,14,14,11874,40,0,35,0,SILVER_I,1,15,13934,11,0,18,0,SILVER_II,80,15,13908,292,0,299,0,GOLD_IV,75,15,14047,401,0,378,0,GOLD_IV,26,14,11507
38,0,47,0,SILVER_II,48,18,23263,22,0,14,0,SILVER_II,41,18,19537,18,0,22,0,SILVER_II,95,18,23899,33,0,36,0,SILVER_IV,62,18,21441,29,0,30,0,SILVER_I,45,18,20935,86,0,93,0,GOLD_IV,0,17,17825,42,0,54,0,SILVER_III,57,17,17986,15,0,16,0,SILVER_II,10,18,18787,50,0,30,0,GOLD_IV,41,18,21044,29,0,24,0,SILVER_II,6,16,15829
39,0,28,0,SILVER_II,61,17,18200,39,0,28,0,SILVER_II,61,17,16855,39,0,28,0,SILVER_II,61,18,18756,78,0,67,0,GOLD_IV,68,18,18779,16,0,18,0,SILVER_II,43,15,13216,14,0,17,0,SILVER_IV,21,18,18837,14,0,17,0,SILVER_III,37,16,15676,15,0,16,0,SILVER_II,10,16,15884,53,0,59,0,SILVER_IV,17,16,15789,96,0,108,0,GOLD_IV,60,15,14073
110,0,111,0,GOLD_IV,20,18,23020,13,0,13,0,SILVER_IV,90,17,17011,16,0,16,0,SILVER_II,40,17,17960,21,0,30,0,SILVER_II,34,16,15780,150,0,133,0,GOLD_III,5,15,13060,37,0,41,0,GOLD_III,17,15,14001,109,0,127,0,SILVER_III,32,16,16379,15,0,16,0,SILVER_II,10,17,17327,37,0,32,0,SILVER_I,28,16,15294,50,0,38,0,GOLD_II,0,13,10436
153,0,148,0,SILVER_II,43,16,15386,360,0,339,0,GOLD_IV,0,17,18040,27,0,21,0,GOLD_IV,0,17,16880,97,0,90,0,GOLD_III,0,16,15371,23,0,16,0,GOLD_IV,0,15,13267,73,0,51,0,GOLD_III,0,14,11645,55,0,59,0,GOLD_IV,0,17,16974,15,0,16,0,SILVER_II,10,16,16404,173,0,180,0,GOLD_IV,0,15,14413,19,0,14,0,GOLD_IV,0,12,9919
11,0,5,0,SILVER_II,67,18,18394,69,0,62,0,GOLD_IV,53,14,11814,26,0,20,0,GOLD_IV,1,14,12270,74,0,76,0,SILVER_I,23,14,12663,53,0,64,0,SILVER_I,33,12,9731,117,0,129,0,SILVER_III,17,14,11943,85,0,71,0,GOLD_III,8,14,12963,15,0,16,0,SILVER_II,10,15,14046,123,0,131,0,SILVER_I,6,14,12277,25,0,14,0,GOLD_I,40,12,9789
58,0,72,0,SILVER_III,38,12,8869,1254,0,1249,0,GOLD_IV,0,11,7760,56,0,65,0,SILVER_III,8,12,8894,102,0,112,0,SILVER_IV,15,10,6177,307,0,273,0,GOLD_IV,27,10,6791,220,0,245,0,SILVER_III,31,10,6642,69,0,75,0,SILVER_II,4,9,5922,68,0,75,0,SILVER_III,73,12,8683,131,0,144,0,SILVER_IV,35,11,7749,44,0,68,0,SILVER_III,39,10,6534
114,0,128,0,SILVER_III,75,14,11495,85,0,89,0,GOLD_IV,48,12,9733,297,0,299,0,GOLD_IV,0,14,12286,282,0,288,0,SILVER_II,0,12,9570,538,0,525,0,SILVER_I,2,11,7523,277,0,297,0,GOLD_IV,0,12,8818,69,0,75,0,SILVER_II,4,11,7334,106,0,120,0,SILVER_II,0,11,7933,155,0,182,0,SILVER_IV,0,11,7729,418,0,410,0,GOLD_IV,42,10,6259
53,0,86,0,SILVER_IV,15,14,12931,34,0,50,0,GOLD_IV,37,14,12758,129,0,127,0,GOLD_IV,0,13,11338,159,0,160,0,SILVER_III,31,15,13065,266,0,221,0,GOLD_III,49,14,12499,119,0,80,0,GOLD_IV,0,15,13788,69,0,75,0,SILVER_II,4,14,12451,86,0,73,0,GOLD_II,5,15,13166,60,0,51,0,SILVER_III,76,13,10584,94,0,75,0,GOLD_IV,1,14,12162
285,0,260,0,GOLD_III,62,10,6583,146,0,147,0,SILVER_III,0,10,7248,335,0,321,0,GOLD_II,0,10,7263,165,0,166,0,SILVER_I,35,9,5051,408,0,421,0,SILVER_II,0,9,5724,28,0,31,0,SILVER_III,34,10,6566,69,0,75,0,SILVER_II,4,8,4583,125,0,117,0,GOLD_III,28,10,6931,43,0,40,0,SILVER_II,25,8,4692,599,0,601,0,SILVER_IV,73,6,3106
18,0,15,0,BRONZE_I,66,17,16934,29,0,31,0,SILVER_I,43,17,17280,255,0,248,0,GOLD_IV,52,15,14543,252,0,248,0,SILVER_III,52,14,12760,19,0,19,0,SILVER_II,37,15,13058,228,0,218,0,SILVER_I,68,16,14911,69,0,75,0,SILVER_II,4,12,9928,231,0,228,0,GOLD_III,35,14,12362,32,0,38,0,SILVER_II,23,13,11201,14,0,16,0,SILVER_II,26,13,11133
19,0,19,0,SILVER_II,37,15,14251,142,0,140,0,SILVER_II,1,16,16157,92,0,95,0,SILVER_III,19,15,13638,30,0,32,0,SILVER_I,59,16,14714,34,0,38,0,SILVER_II,0,15,13158,224,0,233,0,SILVER_I,37,17,17048,19,0,22,0,SILVER_II,4,17,17749,81,0,72,0,SILVER_IV,28,14,11492,29,0,22,0,SILVER_I,57,17,17850,27,0,41,0,BRONZE_I,19,15,14364
27,0,41,0,BRONZE_I,19,12,8592,142,0,140,0,SILVER_II,1,13,10951,7,0,12,0,SILVER_IV,18,13,10249,7,0,12,0,SILVER_IV,18,11,7359,340,0,318,0,GOLD_IV,1,11,7365,18,0,16,0,SILVER_I,16,15,13700,101,0,106,0,SILVER_I,47,13,10869,5,0,6,0,SILVER_IV,9,14,11504,29,0,29,0,SILVER_III,63,12,9718,6,0,6,0,BRONZE_II,59,11,7907
20,0,21,0,BRONZE_I,78,16,14789,142,0,140,0,SILVER_II,1,18,19182,55,0,54,0,SILVER_II,3,16,15063,106,0,104,0,SILVER_III,64,16,15404,29,0,33,0,SILVER_IV,63,15,13711,24,0,15,0,SILVER_IV,51,17,18241,187,0,185,0,GOLD_IV,28,17,17116,108,0,124,0,SILVER_II,16,18,18528,543,0,525,0,SILVER_III,0,17,17953,696,0,664,0,SILVER_III,0,14,12144
72,0,60,0,GOLD_IV,43,11,7985,6,0,9,0,BRONZE_II,11,7,3884,109,0,54,0,PLATINUM_II,37,12,8913,22,0,13,0,SILVER_II,82,10,6208,10,0,9,0,SILVER_IV,26,9,5941,24,0,38,0,SILVER_III,45,11,7542,53,0,55,0,SILVER_II,67,8,4613,18,0,18,0,SILVER_IV,80,8,4323,109,0,94,0,SILVER_III,78,8,4918,15,0,24,0,SILVER_III,2,7,3783
243,0,251,0,SILVER_III,50,13,11232,91,0,95,0,SILVER_II,60,13,10256,295,0,296,0,SILVER_I,1,14,11527,22,0,13,0,SILVER_II,82,12,8630,206,0,200,0,GOLD_IV,0,11,7986,35,0,39,0,SILVER_II,74,14,12769,32,0,25,0,SILVER_IV,59,14,12636,29,0,27,0,SILVER_III,75,15,13312,73,0,72,0,GOLD_IV,47,13,11151,93,0,82,0,GOLD_IV,1,13,10722
276,0,267,0,SILVER_II,59,15,13056,109,0,91,0,GOLD_IV,0,12,8919,20,0,20,0,SILVER_III,18,12,9178,22,0,13,0,SILVER_II,82,12,8673,295,0,296,0,SILVER_I,1,13,10842,192,0,204,0,SILVER_II,0,14,12436,15,0,18,0,SILVER_I,79,13,10935,365,0,367,0,SILVER_II,21,15,14304,321,0,293,0,SILVER_I,47,13,10806,117,0,105,0,GOLD_IV,14,12,9694
55,0,50,0,SILVER_II,16,18,25315,141,0,125,0,SILVER_I,26,18,18841,284,0,277,0,SILVER_II,63,18,22581,272,0,262,0,SILVER_II,34,18,19598,218,0,240,0,SILVER_II,77,18,19811,38,0,42,0,SILVER_II,15,18,23252,276,0,252,0,SILVER_I,14,18,24326,66,0,61,0,SILVER_II,28,18,25187,182,0,161,0,SILVER_I,52,18,23503,166,0,152,0,SILVER_II,7,18,18913
142,0,119,0,SILVER_II,37,16,14771,91,0,102,0,SILVER_III,88,14,11485,27,0,26,0,SILVER_II,0,14,12485,239,0,237,0,SILVER_II,89,14,11881,208,0,193,0,SILVER_I,45,12,8764,22,0,30,0,SILVER_III,55,16,15962,91,0,105,0,SILVER_I,26,16,16217,66,0,61,0,SILVER_II,28,14,12516,35,0,34,0,SILVER_III,75,14,12750,110,0,99,0,SILVER_I,11,14,11656
175,0,194,0,SILVER_II,28,17,16820,141,0,144,0,GOLD_IV,39,17,18274,251,0,238,0,GOLD_IV,71,18,19012,238,0,223,0,SILVER_III,48,15,14639,172,0,143,0,SILVER_I,58,14,11981,16,0,27,0,BRONZE_I,45,16,16020,49,0,54,0,SILVER_I,0,17,18287,66,0,61,0,SILVER_II,28,16,15905,259,0,275,0,SILVER_II,59,17,16999,143,0,136,0,SILVER_II,61,15,14199
39,0,44,0,SILVER_II,51,13,10128,31,0,39,0,SILVER_III,75,12,9291,38,0,26,0,SILVER_II,34,13,10851,26,0,40,0,SILVER_II,27,11,8208,15,0,15,0,SILVER_II,0,10,7010,30,0,37,0,SILVER_II,75,14,12325,63,0,67,0,SILVER_I,31,14,11696,34,0,33,0,SILVER_I,25,14,12793,6,0,6,0,SILVER_III,38,13,11020,59,0,49,0,SILVER_II,69,12,9038
57,0,53,0,SILVER_II,12,17,17820,116,0,130,0,SILVER_I,21,17,16741,38,0,26,0,SILVER_II,34,17,17499,158,0,149,0,SILVER_I,1,17,16657,311,0,314,0,SILVER_I,56,13,11014,295,0,300,0,GOLD_IV,82,18,19016,72,0,65,0,SILVER_I,8,17,16866,99,0,85,0,SILVER_I,58,16,15719,60,0,89,0,SILVER_I,33,17,18199,115,0,109,0,SILVER_I,68,16,16001
27,0,29,0,SILVER_II,51,18,27415,15,0,18,0,SILVER_I,0,18,23717,38,0,26,0,SILVER_II,34,18,19778,256,0,278,0,SILVER_III,22,18,19665,56,0,41,0,SILVER_I,36,18,18555,12,0,14,0,SILVER_II,38,18,20247,14,0,14,0,SILVER_II,5,17,18171,11,0,9,0,SILVER_II,34,18,20592,18,0,19,0,SILVER_II,14,18,19955,13,0,13,0,BRONZE_I,59,16,16278
206,0,215,0,SILVER_I,16,13,11065,33,0,33,0,SILVER_II,0,15,13321,38,0,26,0,SILVER_II,34,15,13410,55,0,50,0,SILVER_III,42,12,8602,301,0,261,0,GOLD_IV,12,12,8598,94,0,65,0,SILVER_I,100,13,11337,11,0,17,0,SILVER_III,37,11,7764,87,0,80,0,SILVER_II,76,13,9961,3,0,8,0,BRONZE_I,36,11,8181,16,0,15,0,SILVER_III,71,10,6177
206,0,215,0,SILVER_I,16,15,13193,57,0,66,0,SILVER_II,75,13,10552,38,0,26,0,SILVER_II,34,14,11719,53,0,59,0,SILVER_II,66,13,10021,319,0,346,0,SILVER_II,75,12,8929,75,0,58,0,SILVER_I,91,15,13947,10,0,19,0,BRONZE_I,100,14,12363,20,0,25,0,SILVER_I,100,14,12355,14,0,4,0,SILVER_I,82,14,12144,349,0,325,0,SILVER_IV,0,13,11134
349,0,325,0,SILVER_IV,0,18,19362,349,0,325,0,SILVER_IV,0,17,17770,6,0,7,0,SILVER_III,39,17,17785,18,0,18,0,SILVER_I,42,17,17061,12,0,14,0,SILVER_IV,35,14,12816,12,0,14,0,SILVER_IV,35,16,15294,8,0,9,0,BRONZE_I,86,16,15357,2,0,9,0,SILVER_II,0,15,14601,9,0,7,0,SILVER_I,13,15,13142,19,0,11,0,GOLD_IV,22,15,13433
36,0,39,0,GOLD_IV,80,14,11646,36,0,39,0,GOLD_IV,80,13,10317,155,0,161,0,GOLD_II,43,13,11300,53,0,63,0,GOLD_III,22,13,10733,32,0,34,0,GOLD_IV,63,12,9907,61,0,51,0,GOLD_IV,62,13,10879,44,0,28,0,GOLD_II,80,11,8310,2,0,9,0,SILVER_II,0,12,8641,36,0,37,0,GOLD_IV,50,11,7933,25,0,21,0,GOLD_IV,5,11,7730
92,0,86,0,SILVER_II,48,18,20256,214,0,232,0,SILVER_III,73,18,20057,167,0,168,0,SILVER_III,40,18,18954,268,0,292,0,SILVER_III,75,16,14904,438,0,428,0,SILVER_III,75,16,15948,289,0,300,0,SILVER_II,74,18,20512,558,0,531,0,SILVER_II,33,16,15889,306,0,287,0,SILVER_I,2,18,19392,57,0,48,0,SILVER_II,25,17,18336,337,0,345,0,SILVER_II,67,16,15126
92,0,86,0,SILVER_II,48,18,21958,237,0,228,0,SILVER_I,0,18,19813,142,0,138,0,SILVER_I,10,17,17741,105,0,120,0,SILVER_I,15,17,17576,126,0,122,0,GOLD_III,7,16,16447,153,0,164,0,GOLD_IV,0,15,14679,156,0,140,0,SILVER_II,52,16,15106,105,0,105,0,SILVER_I,14,17,16827,414,0,424,0,SILVER_II,28,16,14778,158,0,164,0,SILVER_III,30,14,11614
92,0,86,0,SILVER_II,48,15,13246,160,0,150,0,SILVER_II,24,13,10685,30,0,45,0,SILVER_III,24,12,9759,36,0,44,0,SILVER_III,9,11,8427,73,0,72,0,GOLD_IV,28,11,7448,67,0,81,0,GOLD_IV,34,16,14949,85,0,78,0,SILVER_I,100,16,16121,187,0,201,0,SILVER_IV,32,14,12641,93,0,100,0,SILVER_III,28,13,10346,175,0,176,0,SILVER_I,33,11,8196
92,0,86,0,SILVER_II,48,14,11585,119,0,128,0,SILVER_I,100,16,15495,75,0,67,0,SILVER_II,16,13,10307,85,0,104,0,SILVER_III,38,14,11631,45,0,36,0,SILVER_II,1,13,10328,401,0,393,0,SILVER_III,60,16,14803,151,0,139,0,SILVER_II,45,15,13085,245,0,249,0,GOLD_IV,0,16,14860,180,0,207,0,SILVER_II,0,16,15430,223,0,213,0,SILVER_III,61,11,8254
9,0,20,0,BRONZE_III,17,15,13055,121,0,148,0,BRONZE_IV,76,13,10674,5,0,8,0,BRONZE_I,9,14,12838,313,0,332,0,BRONZE_II,27,14,12229,289,0,272,0,SILVER_IV,0,13,10271,231,0,239,0,BRONZE_I,14,16,16028,38,0,70,0,BRONZE_IV,28,14,11824,25,0,22,0,BRONZE_III,86,14,12430,13,0,23,0,SILVER_II,39,13,10117,29,0,28,0,BRONZE_I,100,13,10369
34,0,46,0,SILVER_IV,27,18,19183,21,0,33,0,SILVER_IV,80,17,18130,123,0,122,0,SILVER_II,11,16,15002,72,0,79,0,SILVER_III,39,16,15445,29,0,26,0,SILVER_IV,38,15,13384,43,0,51,0,BRONZE_II,42,17,16495,38,0,70,0,BRONZE_IV,28,15,14291,44,0,48,0,BRONZE_I,91,16,15728,13,0,23,0,SILVER_II,39,14,12559,20,0,14,0,BRONZE_I,100,16,14981
126,0,130,0,SILVER_III,75,17,16640,795,0,818,0,GOLD_IV,0,14,12507,342,0,350,0,GOLD_IV,0,14,12715,81,0,76,0,SILVER_II,1,14,12807,190,0,210,0,SILVER_III,12,13,10540,58,0,70,0,SILVER_III,70,13,10670,177,0,172,0,SILVER_III,76,15,13182,99,0,103,0,SILVER_I,7,14,12166,83,0,65,0,SILVER_II,75,14,12090,147,0,137,0,SILVER_I,69,13,11155
131,0,130,0,GOLD_IV,35,18,28478,133,0,124,0,GOLD_III,68,18,24231,97,0,94,0,GOLD_IV,0,18,25699,370,0,397,0,GOLD_IV,5,18,21121,322,0,299,0,GOLD_III,49,18,19261,132,0,183,0,SILVER_I,57,18,25774,60,0,65,0,SILVER_II,48,18,18520,29,0,43,0,SILVER_I,7,17,17909,83,0,65,0,SILVER_II,75,18,25244,225,0,243,0,SILVER_I,50,18,19480
177,0,154,0,SILVER_I,77,18,21330,100,0,96,0,GOLD_IV,6,17,17689,175,0,174,0,SILVER_III,93,18,19643,125,0,131,0,SILVER_II,26,18,20350,116,0,107,0,SILVER_I,51,16,16000,96,0,91,0,SILVER_II,44,18,23947,143,0,158,0,SILVER_II,17,18,19788,65,0,67,0,SILVER_II,40,17,16966,83,0,65,0,SILVER_II,75,17,18158,261,0,242,0,SILVER_III,33,15,13194
80,0,84,0,SILVER_II,23,15,13986,695,0,685,0,SILVER_II,15,15,13299,387,0,407,0,SILVER_III,80,17,17647,106,0,105,0,SILVER_II,8,15,13099,107,0,97,0,GOLD_IV,40,13,10205,56,0,57,0,SILVER_II,26,17,17518,102,0,84,0,SILVER_I,32,17,16693,108,0,126,0,GOLD_IV,12,18,18391,83,0,65,0,SILVER_II,75,16,16364,432,0,407,0,SILVER_III,53,15,13927
80,0,88,0,SILVER_II,27,13,10956,466,0,444,0,SILVER_II,48,11,7958,404,0,400,0,SILVER_I,0,13,10466,90,0,110,0,SILVER_II,95,11,8296,173,0,147,0,GOLD_III,18,11,7582,154,0,136,0,SILVER_II,75,14,11992,134,0,109,0,GOLD_IV,0,16,15222,49,0,49,0,SILVER_II,47,13,11401,83,0,65,0,SILVER_II,75,13,11229,133,0,154,0,SILVER_IV,0,11,8083
46,0,51,0,GOLD_III,69,17,17926,44,0,46,0,GOLD_IV,54,17,17275,69,0,60,0,GOLD_I,22,18,19053,3,0,7,0,SILVER_II,37,16,15000,105,0,110,0,GOLD_III,75,17,16664,18,0,32,0,SILVER_I,9,18,19094,44,0,59,0,GOLD_IV,87,18,18512,13,0,14,0,SILVER_I,8,18,20498,55,0,65,0,GOLD_II,33,17,18316,11,0,14,0,GOLD_IV,1,17,17267
44,0,46,0,GOLD_IV,54,13,10449,137,0,137,0,GOLD_IV,62,12,8793,77,0,87,0,GOLD_III,24,12,9278,3,0,7,0,SILVER_II,37,14,12494,6,0,10,0,SILVER_I,0,11,8155,76,0,76,0,PLATINUM_IV,42,16,16148,95,0,115,0,SILVER_II,68,13,10187,55,0,61,0,GOLD_III,0,13,10178,24,0,25,0,GOLD_IV,59,14,11920,112,0,104,0,PLATINUM_III,4,15,13385
44,0,46,0,GOLD_IV,54,2,633,75,0,74,0,GOLD_I,28,3,985,201,0,197,0,GOLD_III,69,1,0,3,0,7,0,SILVER_II,37,4,1175,50,0,67,0,GOLD_IV,0,3,785,266,0,300,0,GOLD_IV,51,3,965,125,0,93,0,PLATINUM_IV,0,3,900,26,0,30,0,SILVER_I,63,1,0,113,0,119,0,GOLD_II,29,2,564,113,0,119,0,GOLD_III,75,2,564
44,0,46,0,GOLD_IV,54,3,965,32,0,46,0,GOLD_IV,7,3,1003,64,0,75,0,GOLD_IV,16,2,609,3,0,7,0,SILVER_II,37,4,1302,42,0,39,0,GOLD_III,50,2,488,97,0,78,0,PLATINUM_IV,0,1,0,49,0,55,0,GOLD_IV,13,3,795,120,0,115,0,GOLD_I,0,3,752,113,0,119,0,GOLD_II,29,2,564,113,0,119,0,GOLD_III,75,2,564
19,0,20,0,SILVER_I,62,18,25876,11,0,1,0,SILVER_I,68,18,22127,37,0,40,0,GOLD_III,12,16,16055,3,0,7,0,SILVER_II,37,18,21355,83,0,74,0,GOLD_I,61,15,14298,72,0,42,0,PLATINUM_IV,30,17,18289,22,0,27,0,GOLD_IV,22,18,18926,325,0,303,0,GOLD_IV,91,17,17786,44,0,31,0,GOLD_I,49,18,19044,183,0,176,0,GOLD_II,52,16,15368
539,0,517,0,SILVER_III,47,15,14555,194,0,172,0,SILVER_III,72,14,12277,215,0,202,0,SILVER_II,9,13,10725,84,0,93,0,SILVER_III,70,13,10445,258,0,261,0,SILVER_IV,0,12,9094,69,0,53,0,SILVER_III,72,15,14005,58,0,42,0,SILVER_III,48,16,15414,52,0,73,0,SILVER_III,67,15,14326,311,0,273,0,SILVER_II,15,15,14475,25,0,18,0,SILVER_IV,1,14,12889
38,0,31,0,SILVER_IV,35,16,15647,188,0,171,0,SILVER_III,90,14,12486,162,0,173,0,SILVER_I,52,16,14875,439,0,453,0,SILVER_III,84,16,15254,180,0,191,0,SILVER_III,61,14,12642,84,0,90,0,SILVER_III,76,13,11387,36,0,44,0,SILVER_III,24,14,12098,23,0,23,0,SILVER_IV,0,15,13665,311,0,273,0,SILVER_II,15,15,13405,25,0,18,0,SILVER_IV,1,13,10623
324,0,306,0,SILVER_III,72,17,16862,78,0,84,0,SILVER_I,0,15,14536,6,0,4,0,BRONZE_IV,64,17,16746,231,0,240,0,BRONZE_III,47,15,13954,13,0,12,0,SILVER_I,42,14,12050,20,0,16,0,SILVER_IV,0,18,18449,39,0,42,0,SILVER_IV,73,16,16048,170,0,167,0,SILVER_I,13,16,16444,311,0,273,0,SILVER_II,15,18,18627,25,0,18,0,SILVER_IV,1,17,17083
14,0,22,0,SILVER_IV,26,10,6988,32,0,40,0,SILVER_IV,15,10,6676,11,0,13,0,SILVER_II,19,11,7439,40,0,36,0,BRONZE_III,95,10,7043,69,0,54,0,SILVER_III,15,9,6043,107,0,108,0,SILVER_II,1,13,11370,59,0,66,0,SILVER_III,40,10,7167,240,0,237,0,SILVER_II,3,13,10067,311,0,273,0,SILVER_II,15,10,6169,25,0,18,0,SILVER_IV,1,9,5903
208,0,198,0,SILVER_II,30,12,9209,103,0,125,0,SILVER_II,22,12,8864,27,0,24,0,SILVER_IV,39,12,9715,95,0,90,0,SILVER_III,64,11,7419,98,0,90,0,SILVER_III,90,10,7069,42,0,61,0,SILVER_III,61,14,12290,425,0,426,0,SILVER_II,40,14,11911,165,0,143,0,SILVER_II,6,14,12462,311,0,273,0,SILVER_II,15,13,10334,165,0,153,0,SILVER_II,37,12,8977
203,0,166,0,SILVER_II,31,15,13788,28,0,32,0,SILVER_II,43,14,11910,40,0,34,0,SILVER_I,8,15,13473,570,0,538,0,SILVER_I,10,16,15562,392,0,354,0,SILVER_II,23,14,12274,297,0,283,0,SILVER_III,61,14,12169,320,0,325,0,SILVER_II,12,14,11486,118,0,93,0,SILVER_II,28,14,12721,213,0,214,0,SILVER_I,13,14,12677,92,0,88,0,SILVER_II,34,14,11976
149,0,148,0,SILVER_III,20,14,12207,471,0,465,0,SILVER_III,89,12,9442,188,0,188,0,SILVER_III,55,13,10824,80,0,66,0,SILVER_II,0,13,10428,41,0,51,0,SILVER_III,72,12,9714,71,0,105,0,SILVER_I,73,15,13949,105,0,92,0,SILVER_II,70,14,11664,118,0,93,0,SILVER_II,28,15,14339,35,0,40,0,SILVER_III,73,14,12633,328,0,317,0,SILVER_II,32,13,10794
154,0,166,0,SILVER_III,22,18,21871,100,0,103,0,SILVER_III,21,17,16866,209,0,217,0,SILVER_II,21,18,19820,153,0,166,0,SILVER_IV,74,17,17141,343,0,344,0,SILVER_III,18,16,15459,411,0,432,0,SILVER_II,41,17,18113,123,0,119,0,SILVER_III,28,18,23352,118,0,93,0,SILVER_II,28,17,17348,106,0,165,0,SILVER_II,45,17,17032,128,0,127,0,SILVER_II,9,17,16497
339,0,307,0,SILVER_IV,34,18,21218,81,0,102,0,SILVER_IV,75,18,20073,410,0,420,0,SILVER_III,28,18,20171,135,0,130,0,SILVER_III,45,18,19605,238,0,223,0,SILVER_II,29,17,16751,100,0,122,0,SILVER_III,66,18,25531,47,0,40,0,SILVER_III,33,18,22819,118,0,93,0,SILVER_II,28,18,21576,508,0,487,0,SILVER_III,89,17,17929,77,0,91,0,SILVER_II,0,17,17516
186,0,194,0,SILVER_II,56,18,18661,547,0,546,0,SILVER_II,43,17,16652,183,0,182,0,SILVER_II,40,16,15252,176,0,175,0,SILVER_II,57,14,12187,193,0,191,0,SILVER_II,11,14,12325,271,0,264,0,SILVER_III,41,13,10796,107,0,109,0,GOLD_IV,28,14,11941,118,0,93,0,SILVER_II,28,14,11749,396,0,382,0,SILVER_II,0,15,13158,488,0,513,0,SILVER_III,46,13,10579
140,0,101,0,GOLD_I,24,15,14169,7,0,8,0,SILVER_II,0,15,13917,19,0,20,0,SILVER_I,0,15,13030,391,0,380,0,GOLD_III,42,15,14000,131,0,125,0,GOLD_IV,14,14,12482,254,0,248,0,SILVER_I,20,17,17711,37,0,38,0,SILVER_I,39,17,17022,157,0,155,0,GOLD_III,0,16,15699,389,0,387,0,SILVER_I,28,16,16245,508,0,493,0,GOLD_II,0,13,10762
80,0,59,0,GOLD_III,61,16,15578,7,0,8,0,SILVER_II,0,16,14933,28,0,25,0,SILVER_I,5,15,14218,60,0,52,0,GOLD_IV,55,13,11128,12,0,15,0,SILVER_III,60,13,10382,18,0,18,0,SILVER_II,26,13,10729,19,0,29,0,SILVER_II,19,13,11045,83,0,81,0,GOLD_IV,45,15,13166,1,0,10,0,SILVER_III,39,13,10806,88,0,86,0,GOLD_IV,45,11,7853
27,0,18,0,SILVER_III,75,17,17619,7,0,8,0,SILVER_II,0,18,21266,41,0,45,0,SILVER_IV,17,17,17702,42,0,46,0,GOLD_IV,75,17,17561,34,0,41,0,GOLD_IV,0,16,15516,29,0,30,0,SILVER_II,31,17,17719,17,0,19,0,SILVER_III,81,17,17236,135,0,130,0,GOLD_IV,1,16,15925,13,0,5,0,BRONZE_I,61,17,17562,8,0,13,0,BRONZE_I,68,13,11404
31,0,18,0,SILVER_I,63,15,14083,7,0,8,0,SILVER_II,0,17,17029,34,0,19,0,GOLD_II,0,16,15189,139,0,119,0,PLATINUM_IV,35,16,16230,13,0,15,0,SILVER_II,80,15,13750,44,0,40,0,GOLD_IV,0,16,16257,15,0,16,0,SILVER_II,1,15,13974,129,0,159,0,SILVER_II,88,15,13923,42,0,51,0,SILVER_IV,45,14,12894,12,0,14,0,SILVER_II,7,14,12744
131,0,135,0,GOLD_III,34,17,17247,7,0,8,0,SILVER_II,0,16,16178,30,0,44,0,SILVER_III,74,15,14039,30,0,44,0,SILVER_III,74,16,15691,129,0,124,0,GOLD_IV,0,13,10672,9,0,14,0,SILVER_IV,43,15,13953,10,0,9,0,SILVER_I,0,16,15498,10,0,9,0,SILVER_I,0,16,16305,158,0,140,0,GOLD_III,75,15,13499,131,0,116,0,SILVER_II,79,13,11280
16,0,24,0,SILVER_II,52,11,7712,159,0,161,0,GOLD_IV,75,12,8906,63,0,52,0,GOLD_I,14,11,8226,92,0,77,0,GOLD_IV,5,10,6624,221,0,217,0,GOLD_IV,73,9,5708,33,0,31,0,SILVER_I,22,13,10378,31,0,28,0,GOLD_IV,40,13,10120,274,0,263,0,SILVER_III,43,12,9753,157,0,140,0,GOLD_III,57,12,9506,28,0,22,0,GOLD_I,9,11,7599
16,0,24,0,SILVER_II,52,14,12585,8,0,15,0,BRONZE_I,68,15,13215,13,0,11,0,SILVER_I,12,15,14212,27,0,22,0,GOLD_IV,1,15,14393,43,0,23,0,GOLD_IV,28,13,11273,226,0,233,0,SILVER_II,32,15,14226,21,0,16,0,GOLD_I,9,15,14350,7,0,4,0,SILVER_III,0,18,19595,64,0,53,0,GOLD_I,23,16,15830,30,0,36,0,SILVER_I,15,12,9920
16,0,24,0,SILVER_II,52,18,22734,51,0,48,0,GOLD_III,4,17,17461,367,0,347,0,GOLD_II,31,17,16810,121,0,108,0,GOLD_III,1,17,18160,96,0,107,0,GOLD_IV,0,14,12849,191,0,144,0,GOLD_IV,90,18,20238,42,0,43,0,GOLD_IV,61,18,22197,84,0,86,0,GOLD_IV,20,18,21361,38,0,43,0,SILVER_II,89,17,18173,82,0,66,0,GOLD_IV,78,18,19388
16,0,24,0,SILVER_II,52,13,11223,111,0,128,0,GOLD_IV,31,13,11363,306,0,322,0,GOLD_IV,52,14,11462,97,0,98,0,SILVER_I,75,15,13630,456,0,437,0,GOLD_III,31,14,11670,624,0,626,0,GOLD_IV,6,15,13405,145,0,162,0,GOLD_III,47,17,16957,85,0,99,0,GOLD_IV,77,15,13629,146,0,136,0,GOLD_III,45,16,16210,288,0,286,0,GOLD_IV,7,14,11519
16,0,24,0,SILVER_II,52,15,13301,21,0,25,0,SILVER_II,68,13,10335,20,0,17,0,GOLD_IV,40,15,13620,17,0,16,0,GOLD_III,75,14,11884,17,0,16,0,GOLD_III,75,12,9084,147,0,141,0,GOLD_I,26,14,11513,77,0,109,0,GOLD_IV,19,12,8858,45,0,51,0,SILVER_II,64,13,10566,38,0,33,0,SILVER_I,67,11,7500,18,0,15,0,SILVER_I,51,11,7902
37,0,28,0,SILVER_III,79,18,22410,188,0,175,0,SILVER_II,37,17,18176,404,0,399,0,SILVER_II,63,18,18602,115,0,117,0,SILVER_II,0,16,15579,59,0,56,0,SILVER_II,31,16,15036,510,0,447,0,SILVER_II,9,18,21091,155,0,158,0,SILVER_II,5,16,15620,25,0,30,0,SILVER_III,78,18,18589,204,0,192,0,SILVER_III,75,16,15552,142,0,152,0,SILVER_III,48,15,14416
67,0,66,0,SILVER_I,16,14,12891,115,0,116,0,SILVER_III,92,15,14110,19,0,19,0,SILVER_II,45,14,12464,93,0,66,0,GOLD_III,68,13,11384,389,0,393,0,GOLD_IV,19,11,8559,510,0,447,0,SILVER_II,9,15,13021,851,0,849,0,GOLD_IV,26,13,11089,198,0,211,0,SILVER_II,71,13,10100,223,0,183,0,GOLD_IV,28,12,9027,138,0,134,0,GOLD_IV,80,11,7979
86,0,86,0,GOLD_IV,53,13,9975,485,0,470,0,SILVER_II,60,12,8887,250,0,253,0,GOLD_IV,11,14,12880,48,0,42,0,GOLD_IV,5,12,9039,35,0,53,0,SILVER_IV,44,11,8015,510,0,447,0,SILVER_II,9,15,13021,168,0,175,0,GOLD_IV,12,15,13468,55,0,62,0,SILVER_I,59,15,14463,223,0,183,0,GOLD_IV,28,14,11830,182,0,201,0,GOLD_IV,6,12,9707
10,0,9,0,SILVER_I,0,18,18656,222,0,221,0,SILVER_II,0,18,19386,25,0,16,0,SILVER_III,56,16,16360,33,0,37,0,BRONZE_I,59,15,14241,20,0,32,0,SILVER_IV,52,17,16850,29,0,29,0,SILVER_IV,96,17,17301,12,0,10,0,BRONZE_II,75,16,15192,45,0,52,0,SILVER_II,22,18,18778,22,0,20,0,SILVER_IV,32,15,14354,28,0,18,0,SILVER_II,29,16,15164
28,0,18,0,SILVER_II,29,18,23070,23,0,23,0,SILVER_III,75,18,19915,31,0,30,0,SILVER_III,17,17,17027,16,0,20,0,SILVER_I,9,18,20759,7,0,12,0,SILVER_IV,68,15,13952,16,0,20,0,SILVER_II,18,17,17332,7,0,7,0,BRONZE_I,70,17,17227,45,0,52,0,SILVER_II,22,17,17559,36,0,41,0,SILVER_III,24,18,19478,12,0,11,0,SILVER_IV,0,16,14966
27,0,38,0,SILVER_III,9,18,20072,66,0,58,0,SILVER_I,59,18,19380,59,0,72,0,SILVER_III,77,18,20780,7,0,7,0,SILVER_III,20,18,20286,39,0,34,0,SILVER_II,32,18,19115,146,0,148,0,SILVER_III,48,17,17136,12,0,10,0,BRONZE_II,75,17,17355,45,0,52,0,SILVER_II,22,15,14678,29,0,29,0,SILVER_II,50,17,16572,7,0,17,0,SILVER_IV,75,14,12849
42,0,43,0,GOLD_IV,59,16,15257,69,0,70,0,SILVER_II,0,15,13435,214,0,179,0,SILVER_II,98,18,19570,133,0,122,0,GOLD_III,28,14,12486,45,0,53,0,SILVER_I,13,14,12395,458,0,475,0,GOLD_III,14,15,14377,168,0,177,0,SILVER_II,46,14,12588,45,0,52,0,SILVER_II,22,14,12930,56,0,72,0,SILVER_II,12,16,14809,69,0,80,0,GOLD_IV,0,12,9874
93,0,92,0,GOLD_I,17,14,12732,31,0,23,0,GOLD_I,33,13,10349,276,0,269,0,PLATINUM_IV,53,14,11655,14,0,17,0,GOLD_IV,1,12,9625,58,0,65,0,GOLD_IV,75,11,7926,19,0,12,0,SILVER_II,28,12,8653,10,0,6,0,SILVER_II,55,10,7163,19,0,20,0,GOLD_II,9,12,9773,7,0,10,0,SILVER_I,100,11,8032,16,0,16,0,GOLD_IV,96,10,6642
61,0,78,0,GOLD_IV,46,17,17987,129,0,118,0,PLATINUM_III,80,16,15453,60,0,77,0,GOLD_IV,47,16,15414,31,0,29,0,GOLD_II,15,16,14803,94,0,104,0,GOLD_III,5,15,13212,6,0,7,0,SILVER_II,48,16,16207,10,0,6,0,SILVER_II,55,18,21554,34,0,33,0,SILVER_I,84,18,19172,52,0,47,0,GOLD_I,15,16,16175,81,0,76,0,PLATINUM_IV,14,15,13833
200,0,213,0,GOLD_III,0,18,24171,50,0,40,0,GOLD_II,85,17,18041,36,0,45,0,GOLD_IV,0,18,19336,49,0,40,0,GOLD_III,70,16,16257,11,0,20,0,SILVER_II,72,15,14021,51,0,42,0,GOLD_II,75,17,18343,10,0,6,0,SILVER_II,55,18,21443,37,0,27,0,GOLD_III,4,15,14479,50,0,43,0,GOLD_II,23,16,16430,18,0,15,0,SILVER_II,12,16,14707
8,0,11,0,GOLD_IV,0,16,15356,27,0,18,0,PLATINUM_IV,0,14,12325,8,0,7,0,GOLD_II,23,15,13366,61,0,69,0,GOLD_III,0,13,10986,127,0,93,0,PLATINUM_I,35,12,9643,30,0,27,0,GOLD_III,60,14,12177,10,0,6,0,SILVER_II,55,13,10602,26,0,32,0,SILVER_II,27,13,10667,29,0,16,0,GOLD_II,14,13,10450,8,0,4,0,SILVER_III,11,10,6358
306,0,303,0,SILVER_II,51,14,11950,26,0,26,0,SILVER_I,38,14,11805,312,0,317,0,GOLD_IV,55,15,13618,36,0,31,0,GOLD_III,84,13,10000,35,0,44,0,SILVER_I,16,11,7897,87,0,86,0,GOLD_IV,14,13,10407,89,0,101,0,GOLD_IV,27,10,7150,320,0,312,0,GOLD_IV,3,13,11433,201,0,182,0,GOLD_IV,38,12,9547,117,0,93,0,GOLD_IV,15,11,7824
306,0,303,0,SILVER_II,51,17,17133,153,0,151,0,GOLD_III,41,15,14699,97,0,95,0,GOLD_IV,49,16,15613,36,0,31,0,GOLD_III,84,17,16674,35,0,46,0,GOLD_IV,0,15,13217,213,0,204,0,GOLD_IV,69,17,16548,339,0,341,0,GOLD_III,68,18,19272,933,0,924,0,GOLD_III,0,18,19452,150,0,157,0,GOLD_IV,63,18,18711,127,0,125,0,GOLD_III,6,16,16119
306,0,303,0,SILVER_II,51,15,14420,300,0,284,0,GOLD_IV,63,14,12397,348,0,352,0,GOLD_IV,28,16,16003,65,0,72,0,SILVER_I,1,14,12952,96,0,101,0,GOLD_IV,0,12,9390,89,0,86,0,SILVER_I,11,17,16819,201,0,214,0,SILVER_I,29,17,17730,292,0,292,0,GOLD_IV,24,18,18533,334,0,319,0,GOLD_III,27,16,16256,334,0,320,0,SILVER_III,19,15,14216
306,0,303,0,SILVER_II,51,16,15701,300,0,284,0,GOLD_IV,63,15,13761,348,0,352,0,GOLD_IV,28,16,15848,149,0,145,0,GOLD_IV,55,16,14961,27,0,31,0,SILVER_II,90,13,10855,165,0,162,0,SILVER_I,69,15,14670,34,0,23,0,SILVER_I,14,14,12000,26,0,24,0,GOLD_IV,38,14,12466,24,0,25,0,SILVER_II,42,13,10745,35,0,31,0,SILVER_IV,48,14,11839
306,0,303,0,SILVER_II,51,15,14059,300,0,284,0,GOLD_IV,63,13,10062,78,0,71,0,GOLD_IV,29,13,10652,121,0,131,0,GOLD_IV,26,13,10595,113,0,107,0,SILVER_I,31,12,8907,97,0,83,0,SILVER_I,0,13,10745,226,0,210,0,GOLD_IV,0,12,9092,54,0,64,0,SILVER_II,85,12,9927,493,0,490,0,SILVER_III,32,11,8253,233,0,227,0,GOLD_II,10,11,7759
15,0,21,0,SILVER_IV,48,11,7467,5,0,5,0,SILVER_II,25,11,8395,46,0,51,0,SILVER_II,43,12,9329,29,0,32,0,SILVER_III,78,10,6733,9,0,14,0,SILVER_II,20,9,5156,16,0,14,0,SILVER_I,34,13,10114,14,0,4,0,SILVER_I,86,13,10970,163,0,159,0,SILVER_III,39,13,10144,41,0,45,0,SILVER_I,41,11,7668,12,0,7,0,SILVER_I,15,11,7903
36,0,17,0,GOLD_IV,27,16,15730,5,0,5,0,SILVER_II,25,14,12833,15,0,21,0,SILVER_IV,48,13,10512,37,0,31,0,SILVER_I,0,13,11244,32,0,40,0,SILVER_III,80,12,9768,9,0,7,0,SILVER_III,83,17,16499,71,0,61,0,GOLD_III,45,16,14807,69,0,58,0,PLATINUM_III,75,15,14329,22,0,29,0,SILVER_I,85,13,11107,13,0,10,0,SILVER_I,0,13,10998
32,0,38,0,SILVER_II,49,11,8150,5,0,5,0,SILVER_II,25,10,6681,15,0,21,0,SILVER_IV,48,10,7082,214,0,223,0,GOLD_III,60,10,6260,9,0,11,0,SILVER_II,0,8,4374,40,0,38,0,GOLD_IV,75,14,11529,11,0,4,0,SILVER_I,9,13,10326,17,0,10,0,SILVER_IV,4,14,11763,17,0,10,0,SILVER_IV,4,11,8060,34,0,28,0,GOLD_IV,1,11,8074
25,0,32,0,SILVER_II,24,18,20593,5,0,5,0,SILVER_II,25,18,19901,46,0,50,0,SILVER_IV,48,17,16560,106,0,81,0,PLATINUM_IV,0,17,16639,23,0,17,0,SILVER_II,10,14,12966,16,0,18,0,SILVER_II,1,17,17869,23,0,26,0,SILVER_III,35,17,16797,46,0,43,0,GOLD_IV,92,18,18403,20,0,26,0,SILVER_II,0,17,18353,8,0,3,0,SILVER_II,0,16,15105
88,0,89,0,SILVER_I,12,18,20220,5,0,5,0,SILVER_II,25,18,18390,19,0,27,0,BRONZE_I,50,17,18061,19,0,27,0,BRONZE_I,50,16,16428,8,0,22,0,SILVER_IV,15,14,12868,81,0,63,0,PLATINUM_IV,68,18,20501,12,0,13,0,SILVER_II,8,18,18971,27,0,29,0,SILVER_I,52,17,17236,51,0,31,0,GOLD_IV,1,17,17189,10,0,11,0,BRONZE_I,18,15,13377
