rival_0_wins,rival_0_miniseries_wins,rival_0_losses,rival_0_miniseries_losses,rival_0_tier,rival_0_league_points,rival_0_champion_level,rival_0_champion_experience,rival_1_wins,rival_1_miniseries_wins,rival_1_losses,rival_1_miniseries_losses,rival_1_tier,rival_1_league_points,rival_1_champion_level,rival_1_champion_experience,rival_2_wins,rival_2_miniseries_wins,rival_2_losses,rival_2_miniseries_losses,rival_2_tier,rival_2_league_points,rival_2_champion_level,rival_2_champion_experience,rival_3_wins,rival_3_miniseries_wins,rival_3_losses,rival_3_miniseries_losses,rival_3_tier,rival_3_league_points,rival_3_champion_level,rival_3_champion_experience,rival_4_wins,rival_4_miniseries_wins,rival_4_losses,rival_4_miniseries_losses,rival_4_tier,rival_4_league_points,rival_4_champion_level,rival_4_champion_experience,main_player_win,main_player_miniseries_wins,main_player_losses,main_player_miniseries_losses,main_player_tier,main_player_league_points,main_player_champion_level,main_player_champion_experience,ally_0_wins,ally_0_miniseries_wins,ally_0_losses,ally_0_miniseries_losses,ally_0_tier,ally_0_league_points,ally_0_champion_level,ally_0_champion_experience,ally_1_wins,ally_1_miniseries_wins,ally_1_losses,ally_1_miniseries_losses,ally_1_tier,ally_1_league_points,ally_1_champion_level,ally_1_champion_experience,ally_2_wins,ally_2_miniseries_wins,ally_2_losses,ally_2_miniseries_losses,ally_2_tier,ally_2_league_points,ally_2_champion_level,ally_2_champion_experience,ally_3_wins,ally_3_miniseries_wins,ally_3_losses,ally_3_miniseries_losses,ally_3_tier,ally_3_league_points,ally_3_champion_level,ally_3_champion_experience
4,0,13,0,BRONZE_III,8,8,5016,5,0,7,0,BRONZE_III,18,7,3916,5,0,11,0,BRONZE_II,51,9,6023,3,0,8,0,BRONZE_II,42,8,4702,6,0,9,0,BRONZE_III,32,10,6372,13,0,10,0,BRONZE_I,97,13,10439,13,0,10,0,BRONZE_I,97,10,6416,13,0,10,0,BRONZE_I,97,12,9405,10,0,4,0,BRONZE_II,79,10,7135,13,0,20,0,BRONZE_I,22,8,4090
33,0,70,0,IRON_II,0,9,5348,32,0,34,0,SILVER_II,74,9,5255,32,0,34,0,SILVER_II,74,9,5218,32,0,34,0,SILVER_II,74,8,4356,32,0,34,0,SILVER_II,74,7,3439,13,0,10,0,BRONZE_I,97,9,5885,11,0,13,0,SILVER_IV,32,11,8095,13,0,10,0,BRONZE_I,97,11,7894,12,0,13,0,BRONZE_II,49,9,5478,13,0,4,0,GOLD_IV,29,9,5586
16,0,23,0,SILVER_IV,88,15,13504,132,0,135,0,SILVER_II,44,14,12796,15,0,17,0,SILVER_II,18,15,13026,53,0,64,0,SILVER_IV,26,11,8283,66,0,75,0,SILVER_II,47,12,9667,13,0,10,0,BRONZE_I,97,11,8043,18,0,11,0,SILVER_IV,40,12,9140,19,0,14,0,SILVER_III,75,14,12956,20,0,11,0,SILVER_II,30,13,10407,40,0,32,0,SILVER_I,34,11,7691
116,0,96,0,GOLD_III,37,12,9572,25,0,40,0,SILVER_IV,33,10,6735,10,0,8,0,SILVER_IV,29,12,9858,10,0,7,0,BRONZE_I,80,10,6279,93,0,74,0,GOLD_IV,12,10,6662,13,0,10,0,BRONZE_I,97,13,10548,12,0,8,0,SILVER_IV,8,15,13069,169,0,159,0,GOLD_IV,14,14,11607,14,0,11,0,SILVER_IV,25,12,9891,85,0,111,0,SILVER_IV,7,12,9073
10,0,16,0,GOLD_I,100,16,15578,16,0,17,0,BRONZE_I,45,14,12826,20,0,20,0,GOLD_II,66,15,13858,22,0,25,0,GOLD_IV,38,14,12171,17,0,20,0,GOLD_II,75,13,11097,20,0,21,0,BRONZE_III,33,14,12118,265,0,244,0,PLATINUM_IV,0,13,11291,140,0,122,0,DIAMOND_IV,12,14,12203,414,0,414,0,PLATINUM_IV,11,14,11811,405,0,384,0,PLATINUM_III,74,12,9307
17,0,20,0,GOLD_II,75,14,12900,16,0,17,0,BRONZE_I,45,11,8372,10,0,16,0,GOLD_I,100,13,10908,22,0,25,0,GOLD_IV,38,11,7615,20,0,20,0,GOLD_II,66,10,7274,20,0,20,0,GOLD_II,66,10,6750,26,0,31,0,SILVER_I,30,10,6455,26,0,31,0,SILVER_I,30,10,7071,26,0,31,0,SILVER_I,30,10,6223,26,0,31,0,SILVER_I,30,9,6028
17,0,20,0,GOLD_II,75,10,7196,16,0,17,0,BRONZE_I,45,8,4615,10,0,16,0,GOLD_I,100,9,5270,20,0,20,0,GOLD_II,66,8,4797,77,0,90,0,SILVER_IV,66,8,4581,136,0,150,0,DIAMOND_III,25,12,8689,112,0,114,0,PLATINUM_IV,58,9,6080,152,0,127,0,DIAMOND_II,29,11,8318,33,0,32,0,GOLD_IV,16,8,4986,5,0,16,0,GOLD_IV,18,8,4650
171,0,130,0,SILVER_III,0,14,12784,155,0,169,0,BRONZE_II,16,12,9518,50,0,51,0,SILVER_IV,78,12,9943,19,0,20,0,BRONZE_I,39,13,11134,19,0,20,0,BRONZE_I,39,12,9092,15,0,16,0,SILVER_IV,77,15,14441,15,0,16,0,SILVER_IV,77,14,11796,130,0,132,0,SILVER_IV,55,14,12677,218,0,233,0,IRON_III,32,13,10790,66,0,60,0,GOLD_IV,31,13,11169
171,0,130,0,SILVER_III,0,17,17090,155,0,169,0,BRONZE_II,16,17,16699,50,0,51,0,SILVER_IV,78,16,15941,19,0,20,0,BRONZE_I,39,15,13124,19,0,20,0,BRONZE_I,39,14,11879,22,0,20,0,GOLD_IV,8,18,18595,22,0,20,0,GOLD_IV,8,16,15189,93,0,124,0,BRONZE_IV,38,16,15650,251,0,245,0,PLATINUM_IV,4,15,14013,251,0,245,0,PLATINUM_IV,4,14,12583
155,0,169,0,BRONZE_II,16,15,14216,50,0,51,0,SILVER_IV,78,13,10750,50,0,51,0,SILVER_IV,78,12,9545,19,0,20,0,BRONZE_I,39,14,12733,50,0,51,0,SILVER_IV,78,10,6880,73,0,67,0,SILVER_IV,16,16,14751,256,0,239,0,SILVER_III,44,15,14221,256,0,239,0,SILVER_III,44,15,13837,34,0,35,0,SILVER_III,87,16,15417,401,0,386,0,SILVER_IV,32,13,11434
354,0,370,0,SILVER_IV,0,13,11263,11,0,11,0,BRONZE_II,78,10,6454,257,0,219,0,BRONZE_I,5,12,8585,411,0,388,0,BRONZE_I,64,10,6723,172,0,193,0,SILVER_IV,28,9,5882,83,0,94,0,SILVER_II,8,14,12799,165,0,180,0,SILVER_III,2,11,7705,44,0,36,0,SILVER_IV,35,12,9193,194,0,197,0,BRONZE_I,12,12,8974,69,0,78,0,SILVER_IV,15,10,6177
179,0,193,0,BRONZE_II,54,13,10987,43,0,54,0,IRON_II,41,14,11649,190,0,194,0,SILVER_III,28,13,10691,411,0,388,0,BRONZE_I,64,13,10665,172,0,193,0,SILVER_IV,28,13,10297,39,0,32,0,BRONZE_I,100,16,15873,36,0,45,0,BRONZE_II,51,15,13324,102,0,102,0,BRONZE_II,23,15,14131,47,0,57,0,BRONZE_III,10,15,13479,56,0,67,0,SILVER_IV,0,13,11042
172,0,193,0,SILVER_IV,28,8,4555,260,0,252,0,SILVER_IV,28,10,7106,114,0,124,0,SILVER_IV,15,9,5653,411,0,388,0,BRONZE_I,64,10,6435,287,0,285,0,SILVER_IV,54,7,4053,225,0,234,0,BRONZE_I,10,12,9259,47,0,42,0,BRONZE_I,100,10,6569,264,0,244,0,SILVER_IV,75,11,7805,109,0,102,0,SILVER_IV,29,10,6326,21,0,37,0,SILVER_IV,16,9,5154
64,0,76,0,SILVER_IV,0,15,14426,172,0,193,0,SILVER_IV,28,15,13078,103,0,98,0,SILVER_IV,72,15,13103,411,0,388,0,BRONZE_I,64,14,11797,144,0,148,0,BRONZE_I,22,14,12858,33,0,31,0,BRONZE_I,64,17,18206,72,0,69,0,BRONZE_II,21,16,14856,128,0,115,0,SILVER_II,34,17,17093,44,0,42,0,BRONZE_I,95,15,14176,45,0,39,0,SILVER_IV,15,15,13829
230,0,224,0,SILVER_IV,61,18,31907,306,0,312,0,SILVER_IV,63,18,23659,72,0,69,0,SILVER_IV,40,18,24107,411,0,388,0,BRONZE_I,64,18,21200,226,0,249,0,SILVER_IV,0,18,22936,66,0,83,0,BRONZE_I,46,18,23812,294,0,304,0,SILVER_IV,0,18,23741,271,0,269,0,BRONZE_I,68,18,24906,409,0,405,0,SILVER_IV,17,18,22633,83,0,81,0,SILVER_IV,0,18,22044
61,0,70,0,BRONZE_I,51,15,14449,156,0,171,0,BRONZE_II,18,16,15316,398,0,389,0,BRONZE_I,27,15,13741,824,0,792,0,BRONZE_I,56,15,13575,699,0,673,0,BRONZE_I,67,13,11168,351,0,333,0,SILVER_III,29,18,21042,440,0,435,0,BRONZE_II,78,14,12865,274,0,258,0,BRONZE_III,39,16,15512,166,0,137,0,SILVER_IV,2,13,10532,641,0,638,0,BRONZE_II,47,12,9924
190,0,184,0,SILVER_II,86,13,11129,38,0,39,0,BRONZE_I,33,12,9069,52,0,59,0,SILVER_IV,0,13,10337,99,0,101,0,SILVER_III,22,12,8905,699,0,673,0,BRONZE_I,67,10,6806,102,0,97,0,SILVER_IV,49,12,8757,29,0,37,0,BRONZE_II,33,11,7425,135,0,142,0,BRONZE_I,33,11,7998,52,0,49,0,BRONZE_I,0,10,6163,117,0,112,0,GOLD_IV,58,9,5277
51,0,41,0,BRONZE_I,100,13,10393,705,0,710,0,SILVER_IV,0,12,8767,336,0,319,0,SILVER_III,24,12,8668,211,0,241,0,SILVER_IV,21,12,9117,699,0,673,0,BRONZE_I,67,10,6886,110,0,121,0,SILVER_IV,64,15,14026,239,0,239,0,SILVER_IV,21,13,10838,82,0,98,0,BRONZE_II,4,15,13028,91,0,91,0,SILVER_IV,12,12,8856,323,0,305,0,SILVER_IV,51,12,8773
102,0,107,0,SILVER_IV,59,16,15677,72,0,87,0,SILVER_IV,70,16,16219,27,0,33,0,BRONZE_I,26,14,12648,158,0,167,0,SILVER_IV,0,13,10110,699,0,673,0,BRONZE_I,67,17,16558,267,0,275,0,SILVER_IV,0,17,17792,77,0,85,0,SILVER_IV,46,17,18080,248,0,264,0,SILVER_IV,14,17,17694,111,0,129,0,SILVER_IV,9,17,16659,242,0,222,0,GOLD_IV,1,16,14903
387,0,382,0,SILVER_IV,45,16,15937,52,0,33,0,BRONZE_I,75,17,17603,86,0,108,0,SILVER_III,5,16,16311,72,0,85,0,BRONZE_I,0,15,13765,699,0,673,0,BRONZE_I,67,17,17656,100,0,119,0,BRONZE_III,81,18,20265,53,0,75,0,BRONZE_III,43,17,17648,25,0,22,0,SILVER_IV,35,18,19199,153,0,167,0,BRONZE_I,2,18,18566,82,0,84,0,SILVER_IV,0,17,17220
338,0,288,0,GOLD_IV,74,13,10610,251,0,243,0,GOLD_IV,29,11,8454,48,0,72,0,GOLD_II,2,12,8967,398,0,371,0,PLATINUM_IV,56,10,6912,14,0,9,0,BRONZE_I,46,10,6667,100,0,68,0,GOLD_II,81,13,11272,258,0,232,0,GOLD_IV,0,12,9579,21,0,17,0,SILVER_I,20,13,11269,21,0,17,0,SILVER_I,20,11,8029,195,0,208,0,SILVER_IV,41,10,6792
104,0,113,0,BRONZE_II,57,15,14029,42,0,43,0,BRONZE_II,28,14,11674,32,0,38,0,BRONZE_III,22,14,11570,104,0,152,0,BRONZE_III,54,13,11133,14,0,9,0,BRONZE_I,46,11,7679,252,0,252,0,SILVER_III,39,13,10412,580,0,566,0,SILVER_IV,75,12,8721,238,0,235,0,BRONZE_III,26,13,10901,278,0,262,0,BRONZE_II,64,12,9190,202,0,206,0,BRONZE_II,75,11,7974
149,0,147,0,GOLD_II,93,16,14724,77,0,77,0,GOLD_IV,12,14,12088,48,0,72,0,GOLD_II,2,15,14114,32,0,38,0,BRONZE_III,22,12,9699,14,0,9,0,BRONZE_I,46,11,8354,134,0,144,0,GOLD_IV,3,16,15700,83,0,91,0,SILVER_III,71,17,16913,22,0,17,0,BRONZE_II,81,15,13969,8,0,9,0,SILVER_II,66,16,14928,87,0,83,0,GOLD_IV,68,12,9669
6,0,8,0,BRONZE_II,35,3,875,9,0,11,0,BRONZE_I,0,9,5947,21,0,20,0,BRONZE_I,100,10,6414,21,0,20,0,BRONZE_I,100,8,4663,4,0,6,0,BRONZE_II,89,9,5201,9,0,9,0,BRONZE_II,95,10,6834,9,0,9,0,BRONZE_II,95,10,7137,32,0,38,0,BRONZE_III,92,11,8070,14,0,11,0,BRONZE_I,83,8,4757,9,0,10,0,BRONZE_I,54,7,3244
41,0,57,0,SILVER_IV,37,13,11148,252,0,264,0,SILVER_III,0,13,10371,21,0,20,0,BRONZE_I,100,12,9809,298,0,299,0,SILVER_III,56,11,8084,92,0,116,0,SILVER_IV,75,10,6519,92,0,98,0,SILVER_III,0,13,10561,118,0,110,0,SILVER_III,0,10,6173,104,0,110,0,SILVER_III,0,12,9623,155,0,154,0,SILVER_III,45,10,7043,59,0,78,0,SILVER_IV,53,9,5758
49,0,58,0,SILVER_IV,38,13,10299,7,0,14,0,BRONZE_I,70,14,12811,21,0,20,0,BRONZE_I,100,15,13198,72,0,82,0,SILVER_III,0,13,10417,31,0,19,0,SILVER_IV,32,13,10922,60,0,53,0,SILVER_II,37,15,14277,103,0,88,0,SILVER_III,64,15,13386,93,0,66,0,SILVER_IV,30,14,12573,47,0,53,0,SILVER_III,37,15,13844,182,0,210,0,SILVER_III,31,13,11388
9,0,11,0,BRONZE_I,58,16,15670,9,0,11,0,BRONZE_I,58,17,16653,21,0,20,0,BRONZE_I,100,18,19396,7,0,5,0,BRONZE_II,79,15,13692,6,0,8,0,BRONZE_I,17,13,10385,35,0,39,0,SILVER_IV,35,16,14889,9,0,16,0,BRONZE_I,0,13,10992,10,0,16,0,BRONZE_I,38,16,16456,19,0,14,0,SILVER_IV,1,14,12715,26,0,22,0,BRONZE_I,92,14,12462
354,0,313,0,SILVER_II,29,18,20528,240,0,280,0,SILVER_II,52,18,19495,21,0,20,0,BRONZE_I,100,18,20326,284,0,272,0,SILVER_II,73,17,17942,63,0,80,0,SILVER_II,1,16,15445,109,0,111,0,SILVER_III,12,16,16298,600,0,571,0,SILVER_III,78,16,15289,184,0,159,0,SILVER_II,51,16,16374,290,0,294,0,SILVER_II,14,17,17107,237,0,221,0,SILVER_III,68,15,13652
235,0,212,0,SILVER_IV,54,18,23468,80,0,105,0,SILVER_IV,14,18,18654,392,0,378,0,SILVER_III,49,18,22220,39,0,33,0,BRONZE_II,32,17,17178,65,0,62,0,SILVER_IV,53,16,16330,75,0,89,0,SILVER_IV,70,18,22137,50,0,69,0,BRONZE_II,47,18,18379,24,0,27,0,BRONZE_I,70,18,21077,188,0,199,0,SILVER_III,0,18,20534,247,0,263,0,SILVER_IV,0,16,16434
26,0,14,0,GOLD_II,20,18,19846,9,0,5,0,BRONZE_I,45,18,18483,15,0,17,0,SILVER_II,37,16,14852,15,0,17,0,SILVER_II,37,16,14982,26,0,29,0,SILVER_I,63,16,16074,13,0,11,0,SILVER_II,68,18,23046,9,0,6,0,SILVER_I,0,17,17869,8,0,3,0,SILVER_III,17,18,22401,155,0,151,0,GOLD_IV,1,16,16238,65,0,65,0,GOLD_III,50,16,15994
12,0,19,0,SILVER_II,62,12,9419,9,0,5,0,BRONZE_I,45,13,11089,61,0,67,0,PLATINUM_IV,33,15,13515,155,0,151,0,GOLD_IV,1,13,10263,8,0,9,0,SILVER_II,28,12,9571,77,0,92,0,SILVER_III,31,13,10309,13,0,16,0,SILVER_III,22,11,8010,96,0,92,0,PLATINUM_IV,0,12,9425,25,0,28,0,SILVER_I,43,10,7228,15,0,11,0,SILVER_I,47,10,6943
10,0,17,0,BRONZE_II,81,15,14228,9,0,5,0,BRONZE_I,45,14,12334,45,0,55,0,SILVER_IV,16,14,12011,12,0,10,0,SILVER_IV,62,15,13727,29,0,42,0,BRONZE_III,57,13,10299,45,0,42,0,GOLD_IV,31,13,10278,6,0,7,0,BRONZE_III,37,11,7645,23,0,20,0,BRONZE_II,73,12,9795,37,0,70,0,BRONZE_IV,59,11,8462,22,0,26,0,SILVER_IV,60,10,6871
36,0,42,0,SILVER_II,0,15,13155,9,0,5,0,BRONZE_I,45,16,15084,9,0,5,0,BRONZE_I,45,12,9902,18,0,18,0,SILVER_IV,42,12,9285,81,0,70,0,GOLD_IV,30,12,9208,31,0,25,0,SILVER_II,65,13,10641,5,0,9,0,BRONZE_I,90,12,8952,63,0,75,0,SILVER_I,0,12,9659,86,0,75,0,GOLD_IV,33,12,9351,16,0,18,0,SILVER_IV,17,9,5715
24,0,7,0,GOLD_I,25,12,9765,9,0,5,0,BRONZE_I,45,13,11219,146,0,154,0,SILVER_IV,46,12,8730,13,0,12,0,SILVER_II,54,11,8278,112,0,39,0,GOLD_IV,53,11,8298,21,0,41,0,BRONZE_I,7,9,5887,7,0,14,0,BRONZE_I,0,10,6499,246,0,234,0,GOLD_III,56,11,7782,246,0,234,0,GOLD_III,56,10,6588,45,0,53,0,SILVER_II,64,9,5153
38,0,52,0,BRONZE_I,2,16,15069,132,0,135,0,BRONZE_I,0,16,16224,367,0,365,0,BRONZE_II,88,15,14001,163,0,161,0,BRONZE_I,15,16,15007,221,0,230,0,BRONZE_II,0,13,10681,13,0,12,0,BRONZE_I,43,15,13654,13,0,11,0,BRONZE_IV,48,16,14752,70,0,68,0,BRONZE_I,60,17,16680,12,0,21,0,BRONZE_II,35,16,15482,129,0,131,0,BRONZE_I,1,15,13790
53,0,59,0,BRONZE_III,0,17,16961,74,0,85,0,BRONZE_III,10,15,14476,32,0,23,0,BRONZE_IV,37,15,13286,33,0,36,0,BRONZE_II,26,16,16381,109,0,106,0,BRONZE_I,16,14,12912,13,0,12,0,BRONZE_I,43,16,15869,13,0,11,0,BRONZE_IV,48,16,15748,60,0,82,0,BRONZE_IV,54,17,16921,47,0,45,0,BRONZE_I,18,14,12622,53,0,59,0,BRONZE_III,0,15,13561
59,0,69,0,SILVER_IV,75,17,16745,20,0,15,0,BRONZE_II,8,14,12067,18,0,29,0,BRONZE_II,80,14,12353,38,0,54,0,BRONZE_IV,3,14,11488,44,0,35,0,SILVER_II,47,13,10783,13,0,12,0,BRONZE_I,43,12,9291,16,0,13,0,BRONZE_III,40,14,11631,131,0,141,0,BRONZE_II,75,15,13199,32,0,40,0,BRONZE_I,53,14,12887,13,0,11,0,BRONZE_IV,48,12,9761
13,0,11,0,BRONZE_IV,48,12,9416,233,0,227,0,SILVER_IV,69,12,9812,145,0,154,0,SILVER_IV,0,12,9263,110,0,104,0,GOLD_IV,0,11,8115,267,0,252,0,PLATINUM_II,0,11,8034,79,0,102,0,BRONZE_III,37,15,13359,57,0,57,0,BRONZE_I,100,14,12005,224,0,228,0,GOLD_IV,80,15,13766,276,0,281,0,PLATINUM_IV,30,12,8642,276,0,281,0,PLATINUM_IV,30,12,8750
345,0,309,0,GOLD_III,14,18,24569,152,0,148,0,SILVER_IV,11,18,23820,330,0,271,0,PLATINUM_IV,12,18,21693,16,0,17,0,SILVER_IV,80,18,23273,111,0,115,0,GOLD_IV,16,18,21383,139,0,103,0,GOLD_II,5,18,29116,57,0,57,0,BRONZE_I,100,18,22241,8,0,9,0,BRONZE_I,79,18,28662,8,0,9,0,BRONZE_I,79,18,25377,48,0,87,0,SILVER_IV,41,17,18077
42,0,54,0,BRONZE_II,36,18,23142,136,0,126,0,SILVER_IV,27,18,18486,157,0,137,0,SILVER_III,13,18,19490,91,0,85,0,GOLD_IV,91,18,23069,6,0,10,0,BRONZE_II,92,16,16268,134,0,124,0,GOLD_IV,0,17,17149,57,0,57,0,BRONZE_I,100,17,18043,8,0,9,0,BRONZE_I,79,18,24535,6,0,12,0,BRONZE_III,71,17,17982,139,0,103,0,GOLD_II,5,18,25424
39,0,48,0,SILVER_IV,74,17,17583,73,0,94,0,SILVER_III,30,15,14312,35,0,34,0,SILVER_III,20,17,17305,79,0,95,0,SILVER_III,0,15,13596,98,0,81,0,SILVER_III,60,14,11638,58,0,79,0,SILVER_III,46,15,13934,163,0,142,0,SILVER_II,76,14,11815,44,0,43,0,BRONZE_I,53,14,12170,179,0,199,0,SILVER_III,49,13,10779,115,0,92,0,SILVER_III,25,12,9298
182,0,151,0,SILVER_IV,57,14,12187,28,0,27,0,SILVER_IV,0,15,14476,27,0,24,0,SILVER_IV,0,16,15496,11,0,24,0,BRONZE_IV,44,15,13935,6,0,18,0,SILVER_III,0,15,14297,163,0,142,0,SILVER_II,76,18,18491,432,0,420,0,SILVER_III,32,17,16845,44,0,43,0,BRONZE_I,53,16,15983,162,0,156,0,SILVER_II,16,16,15457,136,0,137,0,SILVER_III,0,13,10885
244,0,241,0,BRONZE_IV,90,15,13665,177,0,169,0,BRONZE_IV,71,12,9952,226,0,261,0,BRONZE_IV,79,15,13597,70,0,67,0,BRONZE_I,58,14,11606,26,0,34,0,IRON_II,48,12,8897,226,0,229,0,BRONZE_III,58,12,9223,60,0,53,0,BRONZE_IV,46,10,7016,60,0,72,0,BRONZE_IV,77,13,11210,156,0,147,0,BRONZE_III,33,12,8952,3,0,16,0,BRONZE_IV,48,9,5842
161,0,142,0,BRONZE_I,100,14,12096,6,0,11,0,BRONZE_IV,0,11,8270,33,0,42,0,BRONZE_II,99,13,11282,70,0,67,0,BRONZE_I,58,12,9267,270,0,258,0,BRONZE_I,0,11,7929,222,0,233,0,SILVER_IV,34,16,15007,250,0,266,0,SILVER_IV,0,14,12854,49,0,55,0,BRONZE_II,64,15,13046,178,0,183,0,SILVER_IV,48,14,11919,17,0,20,0,BRONZE_II,21,13,10212
244,0,234,0,BRONZE_I,0,17,18073,136,0,161,0,SILVER_IV,56,16,15854,118,0,127,0,SILVER_IV,12,16,15688,70,0,67,0,BRONZE_I,58,17,17323,161,0,165,0,BRONZE_I,74,14,11525,160,0,167,0,BRONZE_I,18,16,15333,168,0,178,0,SILVER_IV,96,14,12102,173,0,156,0,BRONZE_I,24,14,12276,127,0,127,0,SILVER_IV,44,15,14093,310,0,314,0,SILVER_IV,37,12,9783
107,0,117,0,BRONZE_II,33,18,18562,54,0,55,0,SILVER_IV,0,17,16509,196,0,209,0,BRONZE_I,20,18,18941,70,0,67,0,BRONZE_I,58,17,16885,53,0,57,0,BRONZE_II,77,15,13672,147,0,158,0,SILVER_II,44,16,15598,162,0,162,0,BRONZE_II,73,14,11793,171,0,188,0,BRONZE_IV,36,16,16102,143,0,164,0,BRONZE_II,57,16,14885,228,0,233,0,BRONZE_I,41,14,11536
77,0,77,0,SILVER_IV,1,16,16301,111,0,117,0,SILVER_IV,51,16,14732,21,0,21,0,SILVER_III,66,17,16616,70,0,67,0,BRONZE_I,58,14,12957,235,0,238,0,SILVER_III,27,14,12041,95,0,112,0,BRONZE_I,0,15,14279,441,0,442,0,SILVER_III,49,14,11913,348,0,325,0,SILVER_IV,12,14,11841,142,0,139,0,SILVER_IV,12,13,11327,403,0,417,0,SILVER_IV,40,13,11023
16,0,17,0,BRONZE_I,100,15,13270,31,0,35,0,SILVER_IV,46,16,16129,14,0,15,0,BRONZE_I,60,16,16357,18,0,21,0,BRONZE_I,100,14,11465,25,0,22,0,BRONZE_I,63,13,10504,11,0,6,0,BRONZE_I,47,12,9707,14,0,24,0,BRONZE_I,37,12,9581,7,0,10,0,BRONZE_I,11,14,12340,7,0,10,0,BRONZE_I,11,14,12362,30,0,31,0,SILVER_III,0,12,9710
87,0,107,0,SILVER_III,51,16,16136,47,0,50,0,SILVER_IV,55,14,13018,88,0,74,0,SILVER_III,50,14,12369,333,0,337,0,SILVER_IV,92,15,13108,14,0,22,0,SILVER_IV,14,13,10413,11,0,6,0,BRONZE_I,47,16,15793,180,0,176,0,SILVER_I,31,18,18363,11,0,7,0,BRONZE_II,73,15,13684,60,0,65,0,SILVER_III,55,15,13732,194,0,175,0,SILVER_III,73,14,11666
10,0,15,0,SILVER_IV,4,14,12339,65,0,79,0,SILVER_IV,0,13,10088,15,0,19,0,BRONZE_I,71,13,10108,10,0,10,0,SILVER_III,22,12,9174,10,0,10,0,BRONZE_II,52,12,8639,11,0,6,0,BRONZE_I,47,15,14230,57,0,36,0,SILVER_I,70,15,14130,6,0,10,0,SILVER_IV,0,14,12490,6,0,10,0,SILVER_IV,0,12,9878,16,0,23,0,BRONZE_I,17,12,9377
20,0,31,0,BRONZE_II,70,10,6130,12,0,25,0,BRONZE_III,42,9,5137,7,0,5,0,BRONZE_III,83,10,7001,14,0,22,0,BRONZE_II,95,8,4822,13,0,20,0,BRONZE_II,88,7,3887,11,0,6,0,BRONZE_I,47,9,5946,38,0,20,0,PLATINUM_II,1,11,8279,35,0,46,0,BRONZE_II,29,10,6720,11,0,6,0,BRONZE_I,47,9,5914,11,0,9,0,BRONZE_II,19,8,4624
69,0,70,0,SILVER_I,18,18,20167,230,0,250,0,SILVER_IV,0,16,15748,57,0,60,0,BRONZE_I,13,16,16450,137,0,160,0,BRONZE_IV,46,16,15568,64,0,67,0,BRONZE_II,97,14,11658,11,0,6,0,BRONZE_I,47,17,16825,27,0,13,0,SILVER_III,14,18,19066,14,0,25,0,SILVER_IV,0,18,18849,504,0,467,0,BRONZE_IV,41,17,16833,54,0,60,0,BRONZE_I,61,15,14661
15,0,24,0,BRONZE_I,31,12,9560,258,0,290,0,BRONZE_III,75,11,7924,32,0,44,0,BRONZE_I,25,13,10198,137,0,134,0,SILVER_IV,0,10,7127,5,0,11,0,BRONZE_II,46,10,6593,31,0,27,0,BRONZE_I,6,13,11081,79,0,83,0,SILVER_IV,63,13,11016,66,0,45,0,BRONZE_I,100,13,10628,129,0,122,0,SILVER_IV,1,12,9101,168,0,169,0,SILVER_IV,35,12,8800
7,0,20,0,BRONZE_II,7,18,19911,61,0,58,0,BRONZE_I,32,15,14072,54,0,68,0,BRONZE_III,75,15,14265,33,0,39,0,BRONZE_II,76,16,15751,5,0,11,0,BRONZE_IV,82,15,13046,31,0,27,0,BRONZE_I,6,18,22979,197,0,208,0,BRONZE_I,17,17,16825,9,0,2,0,BRONZE_II,28,18,19776,55,0,73,0,BRONZE_IV,45,17,16556,11,0,12,0,SILVER_IV,1,15,13597
265,0,240,0,SILVER_III,0,18,26330,266,0,255,0,SILVER_I,51,18,28587,7,0,16,0,BRONZE_IV,77,18,24865,205,0,173,0,SILVER_III,66,18,28138,18,0,25,0,BRONZE_I,15,18,22824,31,0,27,0,BRONZE_I,6,18,29329,176,0,162,0,SILVER_IV,55,18,26293,134,0,150,0,SILVER_IV,30,18,21139,228,0,245,0,SILVER_IV,2,17,18040,75,0,73,0,SILVER_IV,58,17,18327
123,0,112,0,SILVER_IV,13,17,18091,303,0,288,0,SILVER_IV,45,13,11228,71,0,66,0,BRONZE_I,0,15,14103,366,0,350,0,SILVER_IV,23,14,12922,358,0,361,0,SILVER_IV,86,13,11317,31,0,27,0,BRONZE_I,6,17,17976,176,0,162,0,SILVER_IV,55,17,18059,71,0,78,0,SILVER_IV,39,17,17818,136,0,159,0,SILVER_IV,32,17,17088,87,0,121,0,SILVER_IV,0,15,13535
776,0,783,0,BRONZE_I,40,13,11269,365,0,386,0,SILVER_IV,10,15,14384,20,0,21,0,BRONZE_II,35,9,5309,43,0,38,0,BRONZE_I,5,13,11125,86,0,81,0,BRONZE_I,29,13,10430,121,0,136,0,BRONZE_III,47,16,15474,256,0,255,0,SILVER_III,0,15,13783,161,0,174,0,SILVER_II,12,15,13470,235,0,206,0,SILVER_IV,54,14,12044,151,0,122,0,SILVER_IV,24,13,11011
377,0,380,0,BRONZE_I,6,16,15969,162,0,189,0,BRONZE_I,43,14,13005,27,0,47,0,BRONZE_III,51,14,12941,43,0,38,0,BRONZE_I,5,15,13242,163,0,169,0,SILVER_IV,0,13,10804,210,0,227,0,SILVER_IV,85,15,14157,279,0,259,0,BRONZE_III,0,16,14816,60,0,63,0,SILVER_I,83,16,15043,102,0,130,0,BRONZE_III,58,16,15781,84,0,131,0,BRONZE_I,53,14,12686
86,0,94,0,BRONZE_IV,65,16,15771,119,0,102,0,SILVER_IV,1,15,14454,12,0,10,0,BRONZE_II,62,13,10460,43,0,38,0,BRONZE_I,5,16,15839,15,0,17,0,BRONZE_I,50,14,11540,16,0,23,0,BRONZE_III,84,13,10982,17,0,16,0,BRONZE_II,80,12,9697,25,0,28,0,BRONZE_II,19,14,11896,24,0,24,0,BRONZE_II,39,13,10441,12,0,20,0,BRONZE_II,46,11,8503
73,0,70,0,BRONZE_I,33,18,22279,93,0,105,0,SILVER_III,37,18,22214,273,0,227,0,GOLD_IV,35,18,19954,43,0,38,0,BRONZE_I,5,17,17505,116,0,139,0,BRONZE_IV,43,15,13554,49,0,64,0,BRONZE_II,56,18,20861,308,0,323,0,BRONZE_II,50,18,20826,210,0,196,0,SILVER_II,50,18,19196,4,0,7,0,BRONZE_I,70,18,19587,153,0,219,0,BRONZE_IV,0,16,15387
524,0,557,0,BRONZE_IV,85,13,10568,124,0,99,0,SILVER_II,60,12,8968,445,0,472,0,SILVER_IV,0,14,11777,43,0,38,0,BRONZE_I,5,11,8316,528,0,542,0,BRONZE_I,60,10,6518,228,0,264,0,SILVER_IV,14,13,11198,139,0,138,0,SILVER_III,44,15,13506,74,0,80,0,SILVER_IV,69,14,11620,382,0,369,0,SILVER_IV,41,13,10229,241,0,265,0,BRONZE_III,98,11,8176
82,0,69,0,SILVER_IV,46,15,14332,221,0,199,0,BRONZE_III,2,14,11948,93,0,120,0,BRONZE_I,0,13,11046,702,0,731,0,SILVER_IV,0,15,13971,52,0,48,0,BRONZE_I,0,14,11791,187,0,190,0,SILVER_IV,60,18,19691,224,0,231,0,BRONZE_II,2,15,13635,128,0,141,0,SILVER_IV,0,18,18387,147,0,141,0,BRONZE_I,30,16,14744,145,0,147,0,SILVER_III,22,13,10658
110,0,112,0,SILVER_IV,0,18,18595,54,0,69,0,BRONZE_III,29,12,9621,160,0,174,0,SILVER_IV,13,14,12746,302,0,320,0,BRONZE_III,45,14,12923,52,0,48,0,BRONZE_I,0,13,11398,270,0,267,0,SILVER_IV,56,15,14676,84,0,100,0,BRONZE_I,48,15,14126,53,0,62,0,SILVER_IV,91,16,14838,164,0,139,0,SILVER_IV,75,14,12153,92,0,70,0,SILVER_IV,71,11,8504
41,0,53,0,BRONZE_II,55,15,13088,123,0,134,0,BRONZE_II,63,16,16118,250,0,252,0,SILVER_III,40,14,12519,187,0,161,0,SILVER_III,11,15,14562,52,0,48,0,BRONZE_I,0,13,11038,33,0,35,0,SILVER_IV,68,14,12427,126,0,125,0,BRONZE_I,13,13,10135,77,0,82,0,BRONZE_III,57,14,11657,118,0,128,0,SILVER_IV,0,13,10685,101,0,110,0,BRONZE_I,1,10,6876
53,0,50,0,SILVER_IV,49,17,16480,325,0,313,0,BRONZE_I,8,15,14090,458,0,456,0,SILVER_II,88,15,14483,406,0,398,0,SILVER_III,14,15,13252,52,0,48,0,BRONZE_I,0,15,13305,114,0,134,0,BRONZE_IV,46,14,12428,170,0,144,0,BRONZE_I,79,13,10497,438,0,425,0,SILVER_IV,27,15,13530,68,0,73,0,SILVER_IV,46,13,10706,104,0,100,0,SILVER_IV,75,13,10977
52,0,48,0,BRONZE_I,0,15,13212,191,0,192,0,SILVER_II,44,15,13520,14,0,10,0,BRONZE_I,76,16,16083,59,0,51,0,GOLD_I,12,15,13179,130,0,138,0,BRONZE_I,0,14,12065,537,0,509,0,SILVER_II,26,15,13971,13,0,25,0,BRONZE_IV,48,13,10408,33,0,46,0,SILVER_IV,36,15,13743,33,0,46,0,SILVER_IV,36,11,7764,12,0,24,0,BRONZE_III,37,10,7270
12,0,24,0,BRONZE_III,37,14,12854,12,0,24,0,BRONZE_III,37,13,11159,14,0,10,0,BRONZE_I,76,10,7251,10,0,12,0,SILVER_II,38,13,10395,191,0,192,0,SILVER_II,44,10,6437,6,0,7,0,SILVER_IV,47,15,13724,12,0,8,0,BRONZE_II,92,15,13604,22,0,16,0,SILVER_II,47,14,12959,15,0,13,0,SILVER_IV,66,15,13200,79,0,81,0,SILVER_IV,80,13,11306
79,0,81,0,SILVER_IV,80,13,11023,79,0,81,0,SILVER_IV,80,14,12173,14,0,10,0,BRONZE_I,76,13,10019,10,0,12,0,SILVER_II,38,13,11431,191,0,192,0,SILVER_II,44,14,11628,201,0,226,0,BRONZE_II,36,13,11137,110,0,112,0,BRONZE_II,25,13,10070,65,0,72,0,SILVER_III,91,13,10226,65,0,72,0,SILVER_III,91,13,10439,19,0,17,0,SILVER_II,1,11,8105
23,0,30,0,BRONZE_I,51,17,16485,63,0,81,0,SILVER_IV,65,14,12127,14,0,10,0,BRONZE_I,76,14,11593,191,0,192,0,SILVER_II,44,12,9779,553,0,547,0,SILVER_II,27,13,10527,205,0,200,0,SILVER_III,74,14,12389,79,0,64,0,SILVER_IV,0,12,9744,31,0,17,0,SILVER_IV,76,13,10334,120,0,113,0,GOLD_IV,1,11,8021,134,0,125,0,SILVER_II,25,12,9387
41,0,61,0,SILVER_III,13,16,16382,191,0,192,0,SILVER_II,44,17,18092,14,0,10,0,BRONZE_I,76,15,14516,261,0,256,0,SILVER_III,40,17,16670,41,0,38,0,SILVER_IV,43,14,12496,173,0,174,0,SILVER_III,32,14,12876,166,0,181,0,BRONZE_II,37,14,12956,163,0,146,0,GOLD_IV,56,16,15268,90,0,95,0,SILVER_IV,0,14,12585,56,0,54,0,SILVER_III,1,13,10446
12,0,7,0,BRONZE_I,9,14,12893,14,0,8,0,SILVER_IV,13,14,12359,66,0,48,0,SILVER_I,22,16,15406,59,0,58,0,SILVER_III,48,12,8811,6,0,8,0,BRONZE_I,92,12,9468,40,0,42,0,SILVER_IV,59,14,12593,41,0,53,0,SILVER_IV,21,12,8974,9,0,19,0,BRONZE_I,1,13,10453,54,0,80,0,SILVER_IV,26,13,10189,22,0,38,0,BRONZE_II,0,12,9436
169,0,175,0,SILVER_III,56,12,9598,57,0,54,0,SILVER_I,9,12,9677,61,0,50,0,SILVER_I,0,14,11807,52,0,54,0,SILVER_III,15,12,9065,147,0,142,0,SILVER_II,36,11,7897,21,0,51,0,BRONZE_II,40,14,11711,14,0,20,0,SILVER_IV,33,11,7494,9,0,19,0,BRONZE_I,1,12,8910,8,0,9,0,BRONZE_I,27,6,2817,118,0,121,0,SILVER_III,50,11,7773
143,0,150,0,GOLD_IV,0,15,14477,32,0,27,0,BRONZE_I,79,14,12110,52,0,50,0,GOLD_II,31,14,12420,102,0,110,0,GOLD_IV,0,14,11591,18,0,23,0,SILVER_IV,47,12,9058,11,0,11,0,SILVER_IV,1,12,9239,24,0,21,0,SILVER_III,89,11,8432,9,0,19,0,BRONZE_I,1,11,7379,25,0,18,0,SILVER_I,50,12,9468,144,0,123,0,SILVER_III,14,12,8812
36,0,43,0,SILVER_IV,63,10,7255,199,0,215,0,BRONZE_II,2,8,4570,222,0,226,0,SILVER_III,34,7,3350,200,0,190,0,GOLD_IV,23,9,6100,15,0,8,0,SILVER_I,0,8,4702,25,0,23,0,SILVER_III,20,10,6335,117,0,102,0,SILVER_II,57,9,5131,9,0,19,0,BRONZE_I,1,6,3019,29,0,34,0,BRONZE_II,56,8,4432,538,0,566,0,SILVER_IV,3,6,2796
48,0,31,0,SILVER_II,41,18,19895,49,0,56,0,SILVER_II,44,15,13484,85,0,74,0,SILVER_II,72,16,14735,178,0,161,0,SILVER_I,84,15,14451,33,0,29,0,SILVER_II,28,14,12968,65,0,77,0,SILVER_IV,32,16,15727,23,0,14,0,SILVER_I,89,16,14885,18,0,24,0,SILVER_II,79,16,15070,97,0,107,0,SILVER_II,15,15,13218,8,0,5,0,BRONZE_I,15,14,11757
70,0,87,0,GOLD_IV,2,11,7385,131,0,136,0,PLATINUM_III,0,10,6986,33,0,18,0,PLATINUM_IV,50,9,5064,9,0,32,0,SILVER_II,11,9,5552,72,0,60,0,PLATINUM_IV,60,11,8088,183,0,180,0,DIAMOND_IV,62,12,9535,96,0,110,0,PLATINUM_IV,14,11,7803,156,0,115,0,PLATINUM_IV,92,11,7823,81,0,80,0,PLATINUM_I,29,11,8421,8,0,5,0,BRONZE_I,15,10,6938
22,0,37,0,SILVER_II,13,18,18486,35,0,41,0,SILVER_II,9,17,17487,68,0,78,0,SILVER_I,0,17,17739,24,0,36,0,SILVER_I,5,17,17780,23,0,34,0,SILVER_II,12,14,12477,133,0,151,0,SILVER_II,0,18,18641,66,0,80,0,SILVER_I,46,17,16734,108,0,102,0,PLATINUM_IV,2,15,13435,29,0,32,0,SILVER_III,62,13,10013,8,0,5,0,BRONZE_I,15,17,17536
41,0,53,0,BRONZE_I,33,12,9270,9,0,4,0,SILVER_II,23,13,10644,66,0,53,0,GOLD_IV,85,16,15883,47,0,57,0,GOLD_IV,40,14,12790,175,0,168,0,SILVER_II,83,13,10195,140,0,106,0,PLATINUM_I,24,17,17023,14,0,13,0,SILVER_IV,74,16,14967,46,0,42,0,GOLD_III,92,15,13632,29,0,32,0,SILVER_III,62,13,10663,8,0,5,0,BRONZE_I,15,15,13457
89,0,114,0,SILVER_III,81,14,12608,34,0,36,0,SILVER_IV,94,12,9382,39,0,23,0,SILVER_I,79,14,12470,72,0,81,0,SILVER_III,35,14,11710,20,0,18,0,SILVER_I,27,12,9613,158,0,155,0,GOLD_IV,36,16,15858,18,0,13,0,SILVER_I,34,17,16822,99,0,111,0,GOLD_IV,28,14,12757,29,0,32,0,SILVER_III,62,13,10133,8,0,5,0,BRONZE_I,15,16,14700
41,0,58,0,BRONZE_IV,0,16,15239,5,0,6,0,BRONZE_I,1,14,11905,21,0,22,0,SILVER_I,3,17,16532,21,0,22,0,SILVER_I,3,16,15250,21,0,22,0,SILVER_I,3,15,14002,21,0,22,0,SILVER_I,3,17,16710,51,0,62,0,GOLD_II,0,18,20701,51,0,62,0,GOLD_II,0,13,11204,21,0,27,0,SILVER_I,1,16,16332,193,0,190,0,PLATINUM_IV,29,16,15991
44,0,49,0,SILVER_III,43,12,9704,46,0,42,0,GOLD_IV,0,11,8459,140,0,122,0,SILVER_II,72,11,7689,4,0,11,0,BRONZE_I,25,10,7028,22,0,22,0,SILVER_IV,33,8,4751,72,0,81,0,SILVER_IV,59,13,10146,39,0,30,0,SILVER_III,16,12,8936,35,0,23,0,SILVER_I,72,13,11010,8,0,16,0,BRONZE_I,84,11,8359,71,0,53,0,SILVER_I,22,12,8886
8,0,15,0,BRONZE_I,37,17,17738,10,0,12,0,BRONZE_III,95,17,16928,12,0,7,0,BRONZE_I,1,15,14175,4,0,11,0,BRONZE_I,25,16,15268,28,0,14,0,SILVER_I,78,15,13319,128,0,129,0,SILVER_I,44,17,18075,66,0,58,0,SILVER_II,66,17,18316,16,0,7,0,SILVER_IV,28,18,18535,10,0,10,0,BRONZE_I,54,16,16360,37,0,52,0,SILVER_IV,0,15,14693
269,0,272,0,SILVER_III,78,17,17619,23,0,21,0,BRONZE_I,18,14,12634,102,0,92,0,BRONZE_I,77,17,17507,39,0,44,0,BRONZE_I,90,15,14641,309,0,333,0,SILVER_IV,67,16,14906,44,0,44,0,BRONZE_I,62,17,16666,12,0,20,0,BRONZE_II,0,14,12319,15,0,12,0,SILVER_IV,0,16,15451,78,0,82,0,BRONZE_II,0,15,14463,118,0,115,0,SILVER_IV,17,13,10913
74,0,70,0,BRONZE_III,0,15,13180,23,0,21,0,BRONZE_I,18,14,12133,28,0,34,0,BRONZE_I,65,14,12281,11,0,13,0,SILVER_IV,8,17,16800,39,0,44,0,BRONZE_I,90,14,12794,21,0,19,0,BRONZE_I,9,17,17143,21,0,19,0,BRONZE_I,9,16,15602,29,0,22,0,SILVER_IV,74,18,21180,156,0,181,0,SILVER_IV,58,15,14207,156,0,181,0,SILVER_IV,58,14,12136
15,0,16,0,BRONZE_II,58,16,14724,23,0,21,0,BRONZE_I,18,14,12415,24,0,24,0,BRONZE_I,14,15,14506,232,0,225,0,SILVER_IV,18,15,13848,39,0,44,0,BRONZE_I,90,15,13921,18,0,15,0,BRONZE_I,51,18,19067,22,0,37,0,BRONZE_I,28,16,16366,269,0,255,0,SILVER_IV,60,17,16737,269,0,255,0,SILVER_IV,60,17,16596,31,0,22,0,BRONZE_I,87,15,14028
13,0,7,0,BRONZE_I,92,13,11261,7,0,8,0,BRONZE_I,34,12,8688,41,0,37,0,SILVER_III,46,12,8634,10,0,13,0,BRONZE_I,100,12,9567,26,0,36,0,SILVER_IV,0,10,6395,16,0,11,0,BRONZE_I,88,13,10344,18,0,25,0,BRONZE_I,19,10,7171,17,0,9,0,BRONZE_I,100,11,8170,11,0,9,0,BRONZE_I,37,9,5237,13,0,13,0,SILVER_IV,0,9,5124
16,0,16,0,BRONZE_I,100,14,12759,5,0,5,0,BRONZE_I,27,14,12044,93,0,99,0,SILVER_III,47,16,14959,102,0,92,0,SILVER_IV,38,14,11461,102,0,92,0,SILVER_IV,38,13,11146,16,0,10,0,SILVER_IV,0,14,12807,17,0,12,0,BRONZE_I,100,14,11877,21,0,42,0,SILVER_IV,0,13,11163,11,0,9,0,BRONZE_I,37,13,10869,12,0,19,0,BRONZE_I,17,11,8143
51,0,43,0,SILVER_II,33,13,10979,6,0,13,0,BRONZE_II,0,10,7080,6,0,13,0,BRONZE_II,0,13,11413,29,0,34,0,SILVER_IV,0,12,9571,39,0,42,0,SILVER_III,80,11,8504,50,0,45,0,SILVER_I,49,15,14494,21,0,23,0,SILVER_IV,39,15,13556,21,0,23,0,SILVER_IV,39,14,12051,11,0,9,0,BRONZE_I,37,12,9763,6,0,5,0,BRONZE_III,56,12,9936
35,0,29,0,GOLD_III,0,9,5235,17,0,27,0,SILVER_IV,17,7,3752,17,0,8,0,GOLD_IV,24,7,4021,18,0,11,0,GOLD_IV,60,7,3550,102,0,124,0,SILVER_I,0,6,3016,102,0,124,0,SILVER_I,0,3,1055,102,0,124,0,SILVER_I,0,1,110,10,0,6,0,BRONZE_I,67,8,4436,10,0,7,0,SILVER_IV,46,6,2924,10,0,9,0,SILVER_II,31,6,2893
10,0,9,0,SILVER_III,54,16,16464,10,0,9,0,SILVER_III,54,15,14413,11,0,7,0,SILVER_I,0,14,11710,10,0,9,0,SILVER_III,56,13,11169,18,0,14,0,GOLD_IV,0,13,10291,10,0,9,0,SILVER_II,31,13,10669,6,0,6,0,SILVER_I,50,12,8872,10,0,6,0,BRONZE_I,67,12,9888,57,0,50,0,PLATINUM_IV,0,14,11813,24,0,24,0,SILVER_I,100,11,8041
25,0,19,0,GOLD_IV,18,13,11310,20,0,20,0,SILVER_II,19,11,8326,149,0,149,0,GOLD_IV,89,14,12538,10,0,3,0,SILVER_III,79,13,10038,43,0,16,0,PLATINUM_IV,1,12,9714,152,0,153,0,GOLD_IV,60,12,9566,152,0,153,0,GOLD_IV,60,13,10020,10,0,6,0,BRONZE_I,67,11,8161,5,0,6,0,SILVER_III,28,12,9843,31,0,21,0,GOLD_IV,30,11,8104
172,0,172,0,PLATINUM_IV,37,12,9168,7,0,3,0,SILVER_III,1,11,7847,37,0,44,0,GOLD_IV,45,13,10341,38,0,39,0,GOLD_II,32,9,5704,14,0,12,0,SILVER_I,46,10,6402,11,0,4,0,SILVER_I,0,15,13033,11,0,4,0,SILVER_I,0,12,8716,10,0,6,0,BRONZE_I,67,13,11371,25,0,14,0,SILVER_I,93,12,8743,16,0,7,0,GOLD_IV,0,11,7493
53,0,54,0,GOLD_I,19,18,18553,3,0,7,0,SILVER_III,47,18,20250,16,0,10,0,SILVER_I,6,18,23619,17,0,20,0,SILVER_I,17,17,17903,6,0,11,0,GOLD_IV,0,17,17075,40,0,34,0,GOLD_I,57,16,16284,43,0,38,0,PLATINUM_IV,8,16,15504,10,0,6,0,BRONZE_I,67,17,18339,20,0,10,0,GOLD_II,73,18,18547,23,0,20,0,GOLD_III,59,15,13843
44,0,61,0,SILVER_II,22,14,12221,269,0,269,0,GOLD_II,88,12,9944,269,0,269,0,GOLD_II,88,13,11362,50,0,51,0,GOLD_IV,1,13,10615,144,0,127,0,PLATINUM_IV,4,11,8393,85,0,64,0,PLATINUM_IV,0,13,11187,62,0,54,0,DIAMOND_IV,1,11,8427,17,0,20,0,BRONZE_I,47,12,9324,43,0,40,0,SILVER_I,32,11,8039,15,0,19,0,BRONZE_I,71,10,6600
17,0,20,0,BRONZE_I,47,12,9112,39,0,54,0,SILVER_IV,68,11,8265,38,0,38,0,PLATINUM_IV,29,14,12066,31,0,17,0,GOLD_IV,0,12,9652,8,0,7,0,SILVER_III,86,11,7997,62,0,54,0,DIAMOND_IV,1,14,13004,62,0,54,0,DIAMOND_IV,1,14,12316,17,0,20,0,BRONZE_I,47,13,11072,14,0,23,0,SILVER_II,0,14,12674,180,0,168,0,SILVER_IV,60,13,10145
8,0,7,0,SILVER_III,86,11,8131,8,0,7,0,SILVER_III,86,13,11155,22,0,17,0,PLATINUM_IV,19,14,12228,22,0,17,0,PLATINUM_IV,19,10,7273,138,0,147,0,GOLD_III,48,10,6856,22,0,23,0,PLATINUM_IV,99,12,9340,7,0,10,0,BRONZE_I,0,10,6712,9,0,13,0,PLATINUM_II,21,13,10057,24,0,18,0,GOLD_IV,41,10,6897,24,0,18,0,GOLD_IV,41,10,6522
24,0,18,0,GOLD_IV,41,13,10551,24,0,18,0,GOLD_IV,41,14,11785,24,0,18,0,GOLD_IV,41,15,13031,32,0,30,0,GOLD_IV,87,14,11665,11,0,12,0,SILVER_I,28,15,13923,12,0,2,0,GOLD_II,30,17,17621,7,0,10,0,BRONZE_I,0,14,12329,9,0,13,0,PLATINUM_II,21,17,16897,24,0,18,0,GOLD_IV,41,16,16234,24,0,18,0,GOLD_IV,41,12,9296
132,0,132,0,BRONZE_III,74,13,10300,307,0,315,0,BRONZE_II,33,12,9388,163,0,156,0,BRONZE_I,90,12,9321,99,0,99,0,BRONZE_IV,78,12,9118,237,0,242,0,BRONZE_II,0,9,5487,93,0,111,0,BRONZE_III,5,9,5403,278,0,273,0,BRONZE_II,47,10,6896,292,0,288,0,BRONZE_II,23,10,6604,90,0,87,0,BRONZE_II,22,10,7115,484,0,433,0,BRONZE_II,5,10,6673
155,0,159,0,BRONZE_III,41,13,10557,278,0,273,0,BRONZE_II,47,12,9285,163,0,156,0,BRONZE_I,90,13,10053,99,0,99,0,BRONZE_IV,78,11,7829,55,0,49,0,BRONZE_II,24,9,5699,151,0,165,0,BRONZE_II,14,12,8954,70,0,77,0,BRONZE_II,22,11,7951,96,0,124,0,BRONZE_IV,35,8,4842,122,0,159,0,BRONZE_III,58,10,6199,200,0,180,0,BRONZE_II,33,10,6423
278,0,273,0,BRONZE_II,47,16,14918,8,0,12,0,BRONZE_IV,46,16,14928,163,0,156,0,BRONZE_I,90,16,15436,99,0,99,0,BRONZE_IV,78,16,14866,25,0,18,0,BRONZE_III,90,13,11403,156,0,227,0,IRON_IV,48,16,15576,5,0,14,0,SILVER_IV,15,15,14579,290,0,322,0,BRONZE_III,47,15,14229,100,0,119,0,BRONZE_II,30,15,13303,59,0,84,0,BRONZE_IV,75,13,10620
33,0,32,0,BRONZE_II,86,16,15277,209,0,206,0,SILVER_III,70,17,17855,186,0,164,0,SILVER_III,17,17,16875,41,0,50,0,BRONZE_I,37,16,14957,351,0,347,0,BRONZE_I,66,14,12747,17,0,22,0,SILVER_II,34,16,16070,7,0,8,0,BRONZE_III,69,15,14228,43,0,44,0,BRONZE_I,56,15,13249,207,0,196,0,BRONZE_III,48,14,12701,62,0,85,0,SILVER_IV,5,14,11513
18,0,25,0,BRONZE_I,27,17,18292,209,0,206,0,SILVER_III,70,18,25091,148,0,145,0,SILVER_IV,52,18,21224,41,0,50,0,BRONZE_I,37,18,19503,214,0,199,0,SILVER_IV,45,17,17854,188,0,198,0,SILVER_IV,0,18,21720,39,0,72,0,SILVER_III,64,18,18463,152,0,167,0,SILVER_III,15,18,20509,16,0,29,0,SILVER_IV,24,17,18349,115,0,143,0,SILVER_IV,28,16,16149
24,0,27,0,SILVER_IV,1,15,14039,209,0,206,0,SILVER_III,70,15,14019,33,0,30,0,BRONZE_I,68,14,12003,41,0,50,0,BRONZE_I,37,14,11849,108,0,106,0,SILVER_III,37,13,10925,234,0,229,0,SILVER_III,0,15,13606,186,0,188,0,SILVER_III,61,12,9940,232,0,230,0,SILVER_IV,64,13,10132,24,0,21,0,SILVER_IV,34,13,10485,44,0,45,0,BRONZE_I,29,11,8473
393,0,403,0,SILVER_IV,0,13,10614,74,0,96,0,SILVER_IV,0,11,8377,134,0,146,0,SILVER_IV,1,12,9610,41,0,50,0,BRONZE_I,37,11,8027,209,0,206,0,SILVER_III,70,10,6656,65,0,85,0,SILVER_IV,0,14,12076,297,0,300,0,BRONZE_II,10,13,10564,84,0,89,0,SILVER_III,9,14,11982,120,0,123,0,SILVER_IV,17,12,8791,240,0,215,0,SILVER_I,1,11,8005
27,0,56,0,IRON_I,0,16,16250,35,0,65,0,IRON_I,24,15,13456,27,0,13,0,SILVER_IV,1,16,16419,41,0,50,0,BRONZE_I,37,17,16501,164,0,163,0,BRONZE_I,55,16,15352,248,0,251,0,BRONZE_II,85,15,13135,15,0,25,0,BRONZE_II,41,14,11719,39,0,43,0,BRONZE_I,66,16,15576,46,0,48,0,SILVER_III,12,15,14596,46,0,48,0,SILVER_III,12,14,11835
248,0,245,0,SILVER_IV,28,17,17004,291,0,274,0,BRONZE_I,100,16,15747,63,0,79,0,BRONZE_II,71,16,15526,190,0,193,0,BRONZE_II,15,15,13342,58,0,92,0,BRONZE_IV,36,13,11337,29,0,40,0,BRONZE_III,51,18,20491,40,0,47,0,BRONZE_III,61,17,17723,173,0,187,0,BRONZE_II,13,16,16073,25,0,8,0,BRONZE_I,63,17,17251,30,0,42,0,IRON_II,35,15,14320
96,0,98,0,SILVER_IV,12,18,19450,337,0,338,0,IRON_III,65,14,12857,158,0,149,0,GOLD_IV,8,18,18463,307,0,336,0,SILVER_III,4,18,19248,113,0,121,0,SILVER_IV,29,16,15080,412,0,432,0,BRONZE_II,30,17,17494,53,0,64,0,BRONZE_III,82,15,14046,170,0,201,0,BRONZE_III,75,16,15319,25,0,8,0,BRONZE_I,63,16,15850,30,0,42,0,IRON_II,35,13,10088
77,0,45,0,SILVER_I,47,18,19705,69,0,53,0,SILVER_III,0,17,17494,156,0,151,0,SILVER_IV,52,15,14137,141,0,132,0,BRONZE_I,19,14,12674,5,0,15,0,BRONZE_III,13,14,12184,38,0,41,0,BRONZE_I,78,17,17667,22,0,21,0,SILVER_IV,43,14,12019,39,0,50,0,BRONZE_I,64,15,13659,25,0,8,0,BRONZE_I,63,16,14968,30,0,42,0,IRON_II,35,15,13219
58,0,62,0,BRONZE_III,30,13,10394,615,0,634,0,BRONZE_II,44,13,10171,312,0,301,0,SILVER_III,12,13,10937,336,0,319,0,SILVER_III,47,12,8892,264,0,288,0,BRONZE_III,62,12,9197,86,0,75,0,SILVER_II,27,15,13506,98,0,100,0,BRONZE_II,18,14,11678,424,0,432,0,SILVER_III,45,15,13809,25,0,8,0,BRONZE_I,63,15,14123,30,0,42,0,IRON_II,35,10,6939
54,0,44,0,SILVER_IV,91,17,17244,114,0,137,0,BRONZE_II,28,15,13548,44,0,34,0,IRON_I,100,15,14296,356,0,397,0,BRONZE_III,19,15,14195,470,0,465,0,BRONZE_III,95,16,14851,281,0,265,0,SILVER_III,59,17,17114,45,0,56,0,IRON_I,54,16,16239,65,0,93,0,SILVER_III,33,17,18002,25,0,8,0,BRONZE_I,63,18,19508,30,0,42,0,IRON_II,35,14,12723
44,0,54,0,SILVER_IV,8,18,19201,37,0,34,0,BRONZE_II,30,14,12664,40,0,40,0,BRONZE_II,0,16,15192,78,0,88,0,BRONZE_III,62,14,11897,107,0,101,0,SILVER_III,78,13,11363,185,0,173,0,SILVER_III,12,13,11063,142,0,129,0,SILVER_IV,13,15,13477,6,0,6,0,BRONZE_I,42,14,12992,23,0,32,0,BRONZE_II,51,12,9361,21,0,32,0,BRONZE_III,45,13,10288
83,0,64,0,GOLD_II,0,16,15018,245,0,245,0,GOLD_III,48,14,11659,24,0,17,0,GOLD_I,20,16,15899,113,0,113,0,GOLD_IV,29,12,9840,107,0,100,0,SILVER_I,70,11,8314,142,0,129,0,SILVER_IV,13,15,13755,105,0,92,0,GOLD_IV,93,16,15015,6,0,6,0,BRONZE_I,42,16,15198,105,0,92,0,GOLD_IV,93,13,10905,21,0,19,0,BRONZE_IV,53,13,10373
21,0,19,0,BRONZE_IV,53,15,13392,33,0,42,0,GOLD_IV,77,15,14372,33,0,42,0,GOLD_IV,77,16,15542,11,0,15,0,IRON_I,100,15,13120,11,0,15,0,IRON_I,100,14,11794,142,0,129,0,SILVER_IV,13,15,13809,105,0,92,0,GOLD_IV,93,17,18071,6,0,6,0,BRONZE_I,42,16,15886,105,0,92,0,GOLD_IV,93,15,13133,21,0,19,0,BRONZE_IV,53,14,11860
168,0,164,0,SILVER_III,17,14,12319,84,0,74,0,GOLD_II,15,16,14953,122,0,114,0,GOLD_IV,42,15,13845,351,0,326,0,GOLD_IV,3,13,10926,25,0,23,0,BRONZE_II,1,12,8716,174,0,164,0,GOLD_IV,25,13,11079,30,0,31,0,BRONZE_I,46,11,7741,6,0,6,0,BRONZE_I,42,12,8776,154,0,152,0,SILVER_III,62,12,8781,270,0,276,0,SILVER_IV,75,11,8468
33,0,59,0,SILVER_IV,0,18,18695,126,0,111,0,SILVER_IV,55,17,16869,220,0,233,0,SILVER_IV,59,17,17223,237,0,254,0,SILVER_IV,0,17,16773,56,0,79,0,BRONZE_IV,0,15,13466,218,0,212,0,SILVER_III,13,17,16579,160,0,186,0,BRONZE_I,28,18,19237,63,0,47,0,BRONZE_II,92,18,20509,157,0,143,0,BRONZE_I,16,18,18491,179,0,156,0,BRONZE_I,16,17,18169
187,0,209,0,BRONZE_II,13,12,9596,188,0,166,0,BRONZE_I,17,11,7892,235,0,231,0,BRONZE_II,22,11,8191,173,0,152,0,BRONZE_I,14,11,7888,222,0,222,0,BRONZE_I,16,10,6863,288,0,302,0,SILVER_IV,38,15,13678,380,0,395,0,SILVER_IV,0,12,9935,129,0,136,0,BRONZE_I,51,14,12035,141,0,157,0,BRONZE_II,53,13,11125,179,0,156,0,BRONZE_I,16,11,7975
179,0,156,0,BRONZE_I,16,14,12457,300,0,313,0,SILVER_IV,29,13,10005,186,0,180,0,BRONZE_II,69,12,9687,7,0,8,0,BRONZE_II,60,11,7853,34,0,44,0,BRONZE_IV,40,11,7778,8,0,12,0,BRONZE_II,51,14,12229,16,0,16,0,SILVER_IV,0,13,10670,48,0,65,0,BRONZE_II,22,15,14574,75,0,84,0,BRONZE_III,91,13,10580,179,0,156,0,BRONZE_I,16,13,11305
9,0,21,0,BRONZE_III,44,8,4734,24,0,24,0,BRONZE_II,66,3,840,8,0,23,0,BRONZE_IV,54,8,4479,77,0,98,0,BRONZE_II,10,6,3128,28,0,34,0,BRONZE_III,0,6,2771,349,0,323,0,SILVER_IV,1,9,5073,67,0,85,0,BRONZE_IV,34,7,3431,72,0,79,0,BRONZE_II,29,7,3408,52,0,60,0,SILVER_IV,60,7,3323,179,0,156,0,BRONZE_I,16,7,3577
293,0,307,0,BRONZE_I,81,11,8535,99,0,125,0,BRONZE_I,0,10,6489,224,0,183,0,SILVER_IV,0,11,8569,249,0,261,0,BRONZE_II,46,9,5471,12,0,53,0,IRON_IV,0,7,3755,50,0,63,0,BRONZE_III,43,13,10295,32,0,35,0,BRONZE_I,31,12,8647,156,0,180,0,BRONZE_II,53,12,8909,236,0,244,0,BRONZE_II,75,11,8000,179,0,156,0,BRONZE_I,16,11,7468
43,0,38,0,GOLD_IV,0,18,20349,18,0,18,0,SILVER_IV,73,17,16969,18,0,18,0,SILVER_IV,73,18,19771,103,0,98,0,GOLD_IV,79,18,18608,80,0,92,0,GOLD_IV,0,17,16513,8,0,9,0,SILVER_IV,64,17,17044,9,0,11,0,BRONZE_I,73,17,18290,201,0,245,0,SILVER_IV,0,16,16270,17,0,21,0,SILVER_I,7,15,14597,41,0,62,0,SILVER_III,86,14,12525
24,0,26,0,SILVER_II,0,17,17063,30,0,33,0,SILVER_II,41,16,15798,1507,0,1494,0,GOLD_IV,60,16,15119,29,0,30,0,GOLD_IV,18,16,15706,60,0,57,0,SILVER_I,0,14,12693,67,0,66,0,SILVER_I,33,17,17776,9,0,11,0,BRONZE_I,73,18,19172,32,0,27,0,SILVER_III,57,17,17882,17,0,21,0,SILVER_I,7,16,15477,197,0,181,0,GOLD_II,66,15,14216
85,0,93,0,GOLD_II,0,15,13597,171,0,183,0,SILVER_IV,16,13,10471,41,0,40,0,GOLD_IV,19,14,12129,205,0,206,0,SILVER_II,68,13,11432,85,0,86,0,GOLD_III,44,11,8129,50,0,40,0,GOLD_III,26,14,11985,9,0,11,0,BRONZE_I,73,12,8976,11,0,18,0,SILVER_III,33,13,11367,17,0,21,0,SILVER_I,7,12,8633,122,0,126,0,GOLD_IV,75,10,6693
77,0,45,0,GOLD_III,46,10,7009,78,0,64,0,GOLD_IV,0,9,5647,24,0,21,0,SILVER_II,75,10,6959,95,0,96,0,GOLD_IV,13,8,4393,181,0,167,0,GOLD_III,25,7,3608,58,0,44,0,SILVER_IV,55,10,7091,9,0,11,0,BRONZE_I,73,8,4770,210,0,229,0,GOLD_IV,56,10,6879,27,0,26,0,GOLD_IV,66,11,8430,17,0,21,0,SILVER_I,7,9,5168
22,0,24,0,SILVER_II,86,14,12940,28,0,27,0,SILVER_I,0,12,8957,20,0,20,0,SILVER_III,80,13,10548,12,0,22,0,SILVER_IV,0,11,8246,8,0,13,0,BRONZE_II,51,10,7245,19,0,24,0,SILVER_II,24,15,13700,9,0,11,0,BRONZE_I,73,12,8697,20,0,19,0,SILVER_I,23,15,14338,14,0,17,0,SILVER_IV,8,15,13713,17,0,21,0,SILVER_I,7,13,10677
56,0,71,0,SILVER_III,20,14,12097,60,0,44,0,SILVER_III,39,12,9670,60,0,44,0,SILVER_III,39,13,10112,86,0,85,0,GOLD_III,15,13,11095,125,0,104,0,SILVER_II,30,11,8146,93,0,92,0,SILVER_IV,28,11,8032,102,0,78,0,SILVER_IV,28,9,5479,107,0,102,0,BRONZE_I,7,10,7256,135,0,151,0,SILVER_IV,76,10,6484,135,0,151,0,SILVER_IV,76,6,2812
51,0,68,0,GOLD_IV,0,17,17855,84,0,87,0,SILVER_III,32,15,14530,45,0,51,0,GOLD_IV,14,16,16361,33,0,48,0,BRONZE_II,65,14,12434,51,0,67,0,SILVER_III,3,13,10541,6,0,5,0,BRONZE_I,54,12,9267,168,0,163,0,GOLD_IV,56,14,12247,107,0,102,0,BRONZE_I,7,16,15426,135,0,151,0,SILVER_IV,76,14,12430,93,0,92,0,SILVER_IV,28,12,9515
330,0,339,0,SILVER_IV,22,16,14764,11,0,16,0,BRONZE_II,79,14,12228,162,0,186,0,BRONZE_III,23,16,16479,113,0,107,0,SILVER_III,84,17,17661,225,0,219,0,SILVER_IV,18,14,11986,188,0,198,0,SILVER_IV,48,17,18126,43,0,54,0,SILVER_IV,0,18,21061,127,0,112,0,BRONZE_I,25,16,16125,27,0,30,0,BRONZE_I,3,16,16100,568,0,594,0,SILVER_IV,0,16,14786
17,0,26,0,BRONZE_II,55,18,20565,189,0,140,0,BRONZE_I,34,18,19803,326,0,324,0,BRONZE_II,76,17,18184,263,0,240,0,SILVER_IV,0,16,16313,53,0,39,0,BRONZE_II,10,15,14163,63,0,63,0,BRONZE_II,75,18,22136,17,0,16,0,SILVER_IV,25,18,22545,85,0,85,0,BRONZE_I,73,18,21727,27,0,30,0,BRONZE_I,3,18,19489,41,0,58,0,BRONZE_IV,62,18,18929
158,0,160,0,BRONZE_I,1,15,13674,27,0,25,0,BRONZE_III,82,16,15741,162,0,189,0,BRONZE_III,28,16,15913,4,0,8,0,BRONZE_I,53,16,16275,27,0,48,0,BRONZE_IV,34,14,11776,38,0,37,0,SILVER_I,36,18,20280,350,0,307,0,BRONZE_II,93,16,15122,68,0,71,0,BRONZE_IV,22,16,14795,27,0,30,0,BRONZE_I,3,15,13715,77,0,59,0,SILVER_III,30,15,13685
723,0,713,0,BRONZE_II,37,15,14084,33,0,39,0,SILVER_III,57,15,14069,82,0,69,0,BRONZE_III,19,17,16658,654,0,612,0,SILVER_IV,12,14,12386,19,0,19,0,BRONZE_I,8,12,9844,31,0,51,0,BRONZE_IV,20,15,14475,193,0,226,0,IRON_II,74,14,11841,17,0,15,0,SILVER_I,100,18,19653,27,0,30,0,BRONZE_I,3,14,12466,17,0,24,0,BRONZE_I,100,14,11816
32,0,31,0,SILVER_IV,52,14,12934,202,0,193,0,SILVER_III,15,15,13736,133,0,143,0,SILVER_III,24,16,15507,21,0,28,0,SILVER_IV,49,14,11737,12,0,17,0,BRONZE_I,51,13,10228,220,0,248,0,SILVER_III,17,17,17673,63,0,69,0,SILVER_III,33,15,14340,19,0,12,0,BRONZE_I,72,17,18345,23,0,14,0,SILVER_IV,31,15,13329,25,0,15,0,SILVER_IV,39,15,13137
543,0,475,0,SILVER_IV,38,14,12371,198,0,221,0,SILVER_IV,21,14,11903,111,0,120,0,BRONZE_III,45,15,13999,30,0,34,0,SILVER_I,79,14,12000,87,0,87,0,SILVER_III,28,13,10795,15,0,15,0,SILVER_II,24,16,14925,319,0,310,0,SILVER_IV,72,15,13937,19,0,12,0,BRONZE_I,72,16,14800,536,0,567,0,BRONZE_I,59,16,16454,48,0,38,0,SILVER_IV,77,14,12582
246,0,206,0,BRONZE_II,82,16,15024,107,0,104,0,SILVER_IV,42,13,10949,134,0,119,0,SILVER_III,51,16,14824,267,0,272,0,SILVER_IV,14,14,12625,29,0,55,0,BRONZE_I,4,13,10214,51,0,54,0,SILVER_IV,30,16,14914,551,0,551,0,SILVER_IV,0,16,16035,19,0,12,0,BRONZE_I,72,17,17321,77,0,90,0,SILVER_IV,0,15,13400,172,0,170,0,SILVER_III,67,15,13325
17,0,21,0,BRONZE_I,75,15,13739,87,0,83,0,BRONZE_III,54,14,11989,141,0,150,0,SILVER_IV,45,13,11049,13,0,23,0,BRONZE_IV,52,13,10385,22,0,30,0,BRONZE_III,11,12,9490,8,0,12,0,BRONZE_III,97,16,15583,73,0,92,0,SILVER_IV,0,15,13178,299,0,296,0,SILVER_IV,56,15,13182,36,0,33,0,BRONZE_I,74,15,13872,14,0,11,0,BRONZE_II,9,15,13410
116,0,140,0,SILVER_IV,0,15,14679,106,0,109,0,SILVER_IV,31,16,14935,27,0,23,0,BRONZE_I,100,14,12558,141,0,148,0,SILVER_III,29,16,15886,129,0,145,0,BRONZE_III,0,15,13225,17,0,18,0,BRONZE_I,90,16,14920,20,0,25,0,BRONZE_I,63,15,13779,359,0,359,0,BRONZE_II,16,16,15389,20,0,25,0,BRONZE_I,47,13,10329,252,0,267,0,BRONZE_I,20,13,10769
131,0,101,0,GOLD_IV,82,17,16979,341,0,364,0,BRONZE_IV,12,15,13991,98,0,112,0,SILVER_III,13,15,14586,150,0,148,0,SILVER_IV,14,13,10911,17,0,28,0,BRONZE_II,53,11,8412,36,0,42,0,SILVER_III,20,13,10456,65,0,66,0,BRONZE_I,100,10,7118,26,0,28,0,SILVER_IV,1,13,10329,20,0,25,0,BRONZE_I,47,12,9335,204,0,215,0,BRONZE_IV,47,11,8376
260,0,266,0,SILVER_I,0,13,10102,333,0,359,0,SILVER_II,75,15,14006,54,0,50,0,SILVER_III,54,15,13215,186,0,178,0,SILVER_III,1,13,10872,119,0,130,0,SILVER_IV,17,14,11714,130,0,120,0,SILVER_III,34,16,15595,92,0,110,0,SILVER_IV,48,15,13288,203,0,219,0,SILVER_IV,0,15,14624,20,0,25,0,BRONZE_I,47,15,13891,214,0,238,0,SILVER_III,20,14,11959
60,0,49,0,SILVER_III,0,16,15580,255,0,235,0,BRONZE_IV,93,15,14299,185,0,203,0,SILVER_IV,32,17,16760,736,0,712,0,BRONZE_IV,71,13,11095,248,0,232,0,SILVER_II,16,10,6856,93,0,87,0,BRONZE_I,100,15,14143,311,0,296,0,GOLD_IV,0,16,15835,264,0,277,0,SILVER_IV,22,17,16814,20,0,25,0,BRONZE_I,47,15,14348,280,0,307,0,BRONZE_IV,65,15,13249
59,0,66,0,SILVER_IV,28,14,11815,27,0,37,0,BRONZE_III,62,12,8992,143,0,149,0,SILVER_IV,15,13,10674,295,0,288,0,SILVER_II,12,13,10402,49,0,53,0,BRONZE_I,88,12,8778,62,0,55,0,SILVER_IV,50,16,15776,141,0,155,0,SILVER_IV,0,15,13473,99,0,102,0,SILVER_III,30,14,12201,20,0,25,0,BRONZE_I,47,15,13237,208,0,207,0,SILVER_III,47,14,11471
37,0,28,0,SILVER_III,94,17,17546,34,0,36,0,SILVER_II,21,15,13144,6,0,8,0,SILVER_IV,14,15,13760,8,0,6,0,SILVER_II,1,14,11898,36,0,37,0,SILVER_I,50,13,10457,10,0,2,0,BRONZE_I,97,18,22258,12,0,5,0,SILVER_I,31,17,18181,15,0,11,0,BRONZE_I,95,18,19644,36,0,31,0,SILVER_III,70,15,14660,9,0,2,0,SILVER_III,42,15,14170
17,0,12,0,SILVER_II,28,12,9910,17,0,12,0,SILVER_II,28,12,8942,14,0,17,0,SILVER_III,51,13,10062,9,0,6,0,BRONZE_II,23,10,7232,346,0,341,0,SILVER_IV,0,9,5210,10,0,2,0,BRONZE_I,97,14,11825,23,0,37,0,SILVER_IV,85,12,8685,15,0,11,0,BRONZE_I,95,12,9540,5,0,6,0,BRONZE_I,17,11,8194,15,0,17,0,SILVER_IV,21,9,6075
15,0,17,0,SILVER_IV,21,12,9865,48,0,30,0,GOLD_IV,0,12,8903,189,0,190,0,SILVER_III,34,11,8502,11,0,9,0,BRONZE_II,48,10,6589,218,0,197,0,BRONZE_I,15,9,6015,461,0,452,0,SILVER_II,67,14,12511,23,0,24,0,BRONZE_I,36,11,8551,75,0,68,0,GOLD_II,9,13,10976,415,0,426,0,SILVER_IV,40,13,11395,401,0,397,0,SILVER_IV,9,12,8784
47,0,28,0,GOLD_II,22,15,13108,48,0,30,0,GOLD_IV,0,15,13188,189,0,190,0,SILVER_III,34,13,10843,11,0,9,0,BRONZE_II,48,12,9610,218,0,197,0,BRONZE_I,15,11,7674,401,0,397,0,SILVER_IV,9,12,9830,401,0,397,0,SILVER_IV,9,9,5339,401,0,397,0,SILVER_IV,9,13,11020,401,0,397,0,SILVER_IV,9,10,6974,401,0,397,0,SILVER_IV,9,11,7620
47,0,28,0,GOLD_II,22,12,9873,48,0,30,0,GOLD_IV,0,10,6972,189,0,190,0,SILVER_III,34,11,8495,11,0,9,0,BRONZE_II,48,10,6222,218,0,197,0,BRONZE_I,15,9,5483,218,0,197,0,BRONZE_I,15,11,7516,218,0,197,0,BRONZE_I,15,9,5352,218,0,197,0,BRONZE_I,15,9,5361,218,0,197,0,BRONZE_I,15,7,3688,218,0,197,0,BRONZE_I,15,8,4355
47,0,28,0,GOLD_II,22,18,19584,48,0,30,0,GOLD_IV,0,16,15877,189,0,190,0,SILVER_III,34,16,16160,11,0,9,0,BRONZE_II,48,15,14365,218,0,197,0,BRONZE_I,15,14,11602,25,0,38,0,SILVER_IV,0,14,12262,267,0,233,0,GOLD_III,55,14,12140,24,0,27,0,SILVER_III,7,14,11619,84,0,77,0,GOLD_IV,9,14,12995,8,0,5,0,BRONZE_I,0,14,12477
41,0,48,0,SILVER_IV,8,15,13205,15,0,7,0,SILVER_IV,39,13,10603,6,0,5,0,BRONZE_I,56,14,11531,17,0,24,0,SILVER_III,47,11,8083,8,0,11,0,BRONZE_IV,69,10,6302,134,0,159,0,SILVER_III,34,15,14036,18,0,21,0,BRONZE_I,100,14,11991,19,0,19,0,SILVER_II,12,14,12241,111,0,96,0,PLATINUM_IV,15,14,12845,27,0,17,0,SILVER_I,38,13,11200
84,0,83,0,GOLD_IV,33,17,18013,15,0,7,0,SILVER_IV,39,16,15541,6,0,5,0,BRONZE_I,56,15,13672,21,0,23,0,SILVER_III,0,15,13679,42,0,37,0,SILVER_II,68,15,13102,6,0,7,0,BRONZE_I,17,16,15892,37,0,38,0,SILVER_IV,1,14,12358,11,0,15,0,BRONZE_I,12,15,13371,10,0,22,0,BRONZE_I,0,13,11336,58,0,46,0,SILVER_I,1,15,13694
92,0,89,0,SILVER_III,28,10,7156,15,0,7,0,SILVER_IV,39,10,6236,6,0,5,0,BRONZE_I,56,11,7300,54,0,77,0,SILVER_IV,71,9,5741,9,0,3,0,BRONZE_III,64,9,5675,14,0,15,0,BRONZE_I,58,10,6551,14,0,34,0,BRONZE_II,2,8,4598,9,0,27,0,SILVER_IV,45,9,5713,62,0,85,0,SILVER_IV,0,7,3720,40,0,75,0,IRON_III,58,7,3867
89,0,108,0,BRONZE_III,91,10,6649,18,0,15,0,BRONZE_I,88,12,8606,6,0,5,0,BRONZE_I,56,8,4608,8,0,23,0,BRONZE_III,75,10,7174,15,0,7,0,SILVER_IV,39,9,6014,14,0,9,0,BRONZE_I,14,12,9276,14,0,16,0,BRONZE_I,55,11,8238,73,0,73,0,SILVER_I,18,11,8395,166,0,145,0,GOLD_IV,50,10,6833,9,0,3,0,BRONZE_III,64,11,7913
40,0,50,0,BRONZE_II,63,15,14425,51,0,63,0,SILVER_IV,13,15,14295,246,0,241,0,BRONZE_II,39,14,12224,236,0,235,0,BRONZE_IV,2,15,13329,15,0,11,0,BRONZE_I,14,14,11866,147,0,159,0,BRONZE_III,74,13,11157,23,0,38,0,BRONZE_IV,75,13,10578,825,0,846,0,SILVER_III,41,14,11626,8,0,12,0,BRONZE_II,0,14,12344,98,0,99,0,BRONZE_II,26,13,10325
5,0,8,0,BRONZE_III,13,15,13052,6,0,4,0,BRONZE_I,61,11,7386,46,0,43,0,SILVER_II,75,13,10947,46,0,43,0,SILVER_II,75,12,9095,147,0,183,0,SILVER_IV,92,12,8736,21,0,22,0,SILVER_II,8,15,14012,18,0,13,0,SILVER_II,12,14,12349,33,0,39,0,SILVER_IV,69,14,11978,13,0,8,0,BRONZE_I,100,13,10550,13,0,8,0,BRONZE_I,100,12,9765
13,0,8,0,BRONZE_I,100,3,886,6,0,4,0,BRONZE_I,61,4,1145,17,0,20,0,SILVER_IV,69,4,1175,28,0,22,0,SILVER_II,10,3,755,6,0,6,0,SILVER_III,28,3,695,13,0,14,0,BRONZE_I,79,4,1175,7,0,6,0,BRONZE_II,72,3,985,14,0,13,0,SILVER_IV,37,3,1056,14,0,13,0,BRONZE_I,75,2,572,26,0,22,0,SILVER_II,0,1,0
26,0,22,0,SILVER_II,0,14,11796,6,0,4,0,BRONZE_I,61,13,11000,11,0,7,0,SILVER_IV,86,13,10520,16,0,16,0,SILVER_IV,24,13,10831,9,0,11,0,SILVER_III,47,11,8209,9,0,11,0,SILVER_III,47,13,11070,9,0,11,0,SILVER_III,47,11,7942,16,0,12,0,SILVER_I,45,11,8236,4,0,7,0,BRONZE_I,72,11,8303,8,0,12,0,SILVER_IV,53,11,8252
8,0,12,0,SILVER_IV,53,12,9920,8,0,12,0,SILVER_IV,53,10,7137,11,0,12,0,SILVER_IV,33,12,9135,11,0,12,0,SILVER_IV,33,11,8565,16,0,14,0,SILVER_I,52,11,7549,9,0,9,0,SILVER_III,75,10,6860,11,0,14,0,SILVER_IV,0,11,8468,4,0,10,0,BRONZE_I,32,11,7412,12,0,9,0,SILVER_II,48,9,5918,7,0,6,0,BRONZE_I,82,9,5421
7,0,6,0,BRONZE_I,82,13,11412,7,0,6,0,BRONZE_I,82,11,8547,7,0,6,0,BRONZE_I,82,12,9835,16,0,17,0,SILVER_II,75,11,7514,6,0,5,0,BRONZE_I,53,11,7433,19,0,7,0,SILVER_IV,96,14,13002,9,0,9,0,SILVER_III,75,13,10164,11,0,11,0,SILVER_II,11,13,10125,9,0,4,0,SILVER_III,30,14,11725,7,0,6,0,BRONZE_I,82,12,9323
15,0,12,0,SILVER_IV,54,15,14096,15,0,12,0,SILVER_IV,54,13,11339,15,0,12,0,SILVER_IV,54,14,12995,8,0,5,0,SILVER_I,13,14,12209,23,0,17,0,SILVER_II,31,13,10325,7,0,11,0,SILVER_IV,42,14,12735,27,0,28,0,SILVER_III,0,14,11720,11,0,21,0,SILVER_IV,12,12,9868,11,0,21,0,SILVER_IV,12,10,6209,7,0,6,0,BRONZE_I,82,12,9146
15,0,19,0,SILVER_II,28,12,9699,15,0,19,0,SILVER_II,28,14,11668,7,0,5,0,SILVER_IV,73,16,15906,7,0,5,0,SILVER_IV,73,15,14290,17,0,10,0,SILVER_I,14,15,13460,23,0,17,0,SILVER_II,31,15,13069,21,0,24,0,SILVER_III,47,14,12053,22,0,18,0,GOLD_IV,31,14,11849,5,0,8,0,SILVER_I,0,14,11721,7,0,6,0,BRONZE_I,82,12,8958
9,0,6,0,SILVER_I,22,17,18163,9,0,6,0,SILVER_II,31,16,15612,9,0,6,0,SILVER_II,31,15,14523,9,0,6,0,SILVER_II,31,15,13860,8,0,7,0,SILVER_II,85,13,11278,17,0,10,0,SILVER_I,14,15,13285,7,0,6,0,BRONZE_I,82,16,15076,12,0,15,0,SILVER_IV,50,12,9762,9,0,6,0,SILVER_I,22,13,9996,7,0,6,0,BRONZE_I,82,14,12226
175,0,176,0,SILVER_IV,25,14,11805,91,0,112,0,SILVER_IV,61,14,11710,152,0,171,0,BRONZE_III,0,14,11651,32,0,36,0,BRONZE_I,61,12,9743,43,0,45,0,BRONZE_I,6,11,8218,67,0,56,0,BRONZE_I,21,14,11790,123,0,109,0,SILVER_III,57,14,11673,163,0,147,0,BRONZE_I,60,14,11830,130,0,129,0,BRONZE_II,84,14,12557,34,0,35,0,BRONZE_I,80,13,10009
197,0,182,0,SILVER_IV,9,15,14647,34,0,37,0,BRONZE_I,24,18,18662,189,0,180,0,BRONZE_III,0,18,20281,6,0,6,0,BRONZE_I,50,16,15345,31,0,37,0,BRONZE_II,26,17,18318,35,0,40,0,BRONZE_I,100,18,26114,33,0,37,0,BRONZE_I,45,18,20935,145,0,146,0,SILVER_III,37,17,16480,130,0,129,0,BRONZE_II,84,18,18693,34,0,35,0,BRONZE_I,80,18,20363
108,0,112,0,BRONZE_I,80,12,8619,220,0,213,0,BRONZE_I,1,10,6869,188,0,184,0,BRONZE_I,0,11,8115,204,0,195,0,SILVER_IV,36,11,8464,47,0,72,0,BRONZE_III,39,10,6877,534,0,517,0,SILVER_IV,13,14,12169,124,0,126,0,BRONZE_I,88,12,9928,130,0,129,0,BRONZE_II,84,13,10429,410,0,406,0,BRONZE_III,24,11,8066,34,0,35,0,BRONZE_I,80,14,11730
133,0,138,0,BRONZE_I,68,18,19170,9,0,14,0,BRONZE_IV,71,17,18259,290,0,282,0,SILVER_III,5,17,16591,290,0,308,0,SILVER_IV,46,16,15371,32,0,22,0,BRONZE_I,20,16,15401,126,0,120,0,BRONZE_III,32,16,14899,32,0,27,0,BRONZE_I,0,16,15719,34,0,48,0,BRONZE_II,43,15,14055,130,0,129,0,BRONZE_II,84,16,15087,34,0,35,0,BRONZE_I,80,16,15008
39,0,60,0,GOLD_IV,0,17,16970,114,0,114,0,DIAMOND_III,52,18,21011,147,0,147,0,PLATINUM_IV,0,17,17979,273,0,220,0,GOLD_III,0,18,19345,13,0,14,0,BRONZE_I,56,15,14439,335,0,327,0,GOLD_III,44,18,18860,15,0,18,0,SILVER_III,90,18,18630,38,0,33,0,GOLD_I,100,18,23387,86,0,71,0,GOLD_III,63,17,17817,31,0,20,0,GOLD_I,100,17,17066
39,0,60,0,GOLD_IV,0,3,1000,114,0,114,0,DIAMOND_III,52,2,421,147,0,147,0,PLATINUM_IV,0,1,0,273,0,220,0,GOLD_III,0,2,490,13,0,14,0,BRONZE_I,56,2,430,76,0,62,0,PLATINUM_IV,37,4,1175,177,0,166,0,GOLD_II,49,3,833,42,0,33,0,PLATINUM_IV,50,3,745,42,0,38,0,PLATINUM_III,23,3,662,7,0,6,0,BRONZE_II,73,2,602
39,0,60,0,GOLD_IV,0,18,20307,114,0,114,0,DIAMOND_III,52,18,20382,147,0,147,0,PLATINUM_IV,0,17,16914,273,0,220,0,GOLD_III,0,16,15912,13,0,14,0,BRONZE_I,56,15,13250,159,0,145,0,PLATINUM_IV,24,18,18804,10,0,9,0,GOLD_II,14,15,14295,57,0,60,0,GOLD_III,0,17,17149,10,0,11,0,SILVER_I,74,16,14845,10,0,11,0,SILVER_I,74,15,14078
39,0,60,0,GOLD_IV,0,16,14969,114,0,114,0,DIAMOND_III,52,16,16272,147,0,147,0,PLATINUM_IV,0,18,19569,273,0,220,0,GOLD_III,0,14,12987,13,0,14,0,BRONZE_I,56,13,10132,253,0,244,0,GOLD_IV,90,15,13492,253,0,244,0,GOLD_IV,90,13,11362,143,0,140,0,PLATINUM_IV,25,16,15973,55,0,63,0,SILVER_III,71,13,10196,39,0,25,0,GOLD_IV,20,12,9082
114,0,114,0,DIAMOND_III,52,14,11508,147,0,147,0,PLATINUM_IV,0,13,10033,39,0,60,0,GOLD_IV,0,14,12529,39,0,60,0,GOLD_IV,0,11,7594,13,0,14,0,BRONZE_I,56,11,7867,13,0,14,0,BRONZE_I,56,12,8917,13,0,14,0,BRONZE_I,56,11,7512,187,0,164,0,DIAMOND_IV,1,14,11606,366,0,349,0,PLATINUM_III,24,13,11038,215,0,204,0,PLATINUM_IV,16,13,10837
131,0,131,0,SILVER_IV,63,12,8835,156,0,136,0,SILVER_IV,0,11,7529,65,0,82,0,BRONZE_III,20,12,8944,214,0,208,0,GOLD_IV,45,10,6340,112,0,111,0,SILVER_II,12,11,7827,63,0,76,0,BRONZE_III,32,13,10111,59,0,34,0,SILVER_IV,29,14,12329,59,0,34,0,SILVER_IV,29,13,10754,254,0,212,0,GOLD_IV,9,13,11354,11,0,4,0,BRONZE_I,85,11,8022
11,0,4,0,BRONZE_I,85,17,17060,6,0,7,0,SILVER_IV,40,16,15223,64,0,66,0,SILVER_IV,96,14,12963,61,0,59,0,SILVER_IV,54,16,15495,146,0,173,0,IRON_IV,93,15,13355,63,0,76,0,BRONZE_III,32,16,14810,26,0,24,0,BRONZE_III,83,13,10044,45,0,53,0,SILVER_IV,0,13,10949,254,0,212,0,GOLD_IV,9,13,10430,11,0,4,0,BRONZE_I,85,15,13115
17,0,9,0,BRONZE_III,93,18,20268,5,0,6,0,BRONZE_III,23,17,18353,24,0,39,0,BRONZE_III,43,16,16332,120,0,108,0,SILVER_IV,40,18,21744,567,0,548,0,GOLD_IV,1,16,15380,63,0,76,0,BRONZE_III,32,18,24550,41,0,57,0,BRONZE_III,15,17,17322,41,0,57,0,BRONZE_III,15,18,23622,254,0,212,0,GOLD_IV,9,18,19161,11,0,4,0,BRONZE_I,85,18,19240
88,0,76,0,SILVER_III,61,18,21720,134,0,110,0,SILVER_IV,76,16,14972,114,0,121,0,BRONZE_IV,42,14,11790,32,0,39,0,SILVER_II,33,16,16464,10,0,14,0,BRONZE_IV,78,15,13568,63,0,76,0,BRONZE_III,32,18,20822,63,0,76,0,BRONZE_III,32,16,14968,166,0,164,0,GOLD_IV,14,17,18128,254,0,212,0,GOLD_IV,9,18,19735,11,0,4,0,BRONZE_I,85,18,19851
4,0,9,0,BRONZE_II,63,14,12494,35,0,26,0,SILVER_III,15,12,8780,29,0,40,0,SILVER_IV,0,13,10816,174,0,150,0,GOLD_IV,54,12,9344,491,0,501,0,SILVER_I,32,13,10628,491,0,501,0,SILVER_I,32,11,7966,80,0,97,0,SILVER_III,46,11,7838,10,0,17,0,BRONZE_III,49,11,7738,9,0,27,0,BRONZE_IV,0,10,7273,18,0,21,0,BRONZE_I,59,9,6061
28,0,30,0,SILVER_IV,22,17,17543,19,0,42,0,BRONZE_III,75,16,15453,16,0,17,0,BRONZE_I,90,16,15843,146,0,144,0,GOLD_IV,71,16,15886,146,0,144,0,GOLD_IV,71,16,15997,9,0,16,0,BRONZE_I,21,18,18658,37,0,68,0,SILVER_IV,0,15,14176,140,0,145,0,SILVER_IV,20,15,14341,14,0,18,0,SILVER_IV,68,14,12444,18,0,21,0,BRONZE_I,59,14,12722
7,0,11,0,BRONZE_II,45,12,9857,307,0,274,0,SILVER_IV,31,14,11660,14,0,12,0,SILVER_IV,0,14,12842,17,0,22,0,BRONZE_I,41,12,9896,21,0,17,0,BRONZE_I,75,12,9941,7,0,8,0,BRONZE_I,73,16,15658,35,0,34,0,SILVER_IV,25,15,13247,338,0,343,0,BRONZE_I,12,15,13130,13,0,10,0,BRONZE_I,79,15,13428,42,0,61,0,BRONZE_I,17,15,13169
46,0,28,0,SILVER_II,99,18,21675,50,0,51,0,SILVER_III,42,17,18212,37,0,32,0,SILVER_III,51,18,21540,17,0,22,0,BRONZE_I,41,17,16895,28,0,29,0,SILVER_III,15,16,14773,70,0,74,0,SILVER_III,16,18,19708,26,0,29,0,SILVER_IV,18,18,18742,122,0,144,0,SILVER_III,0,18,21643,14,0,25,0,BRONZE_I,31,17,18144,40,0,24,0,SILVER_I,0,16,15886
17,0,33,0,BRONZE_I,70,13,10453,17,0,33,0,BRONZE_I,70,11,7338,8,0,15,0,BRONZE_I,37,12,8806,42,0,52,0,SILVER_IV,46,11,7971,397,0,398,0,GOLD_II,60,9,5737,79,0,87,0,SILVER_IV,45,11,7737,157,0,161,0,SILVER_III,70,14,12072,177,0,175,0,GOLD_IV,18,13,10507,56,0,67,0,SILVER_IV,19,13,10806,56,0,67,0,SILVER_IV,19,9,5959
11,0,13,0,BRONZE_I,24,14,11599,17,0,33,0,BRONZE_I,70,13,10636,8,0,15,0,BRONZE_I,37,14,11493,17,0,18,0,BRONZE_I,100,15,13189,8,0,15,0,BRONZE_I,37,12,8803,16,0,4,0,SILVER_IV,40,14,12988,16,0,4,0,SILVER_IV,40,14,12356,16,0,23,0,BRONZE_II,95,15,14697,8,0,13,0,BRONZE_I,12,15,14198,6,0,11,0,BRONZE_I,85,15,13133
18,0,34,0,SILVER_III,13,13,10237,16,0,17,0,SILVER_IV,84,11,7723,8,0,15,0,BRONZE_I,37,11,8015,19,0,33,0,SILVER_IV,41,11,8569,17,0,33,0,BRONZE_I,70,10,6232,10,0,4,0,SILVER_III,82,14,12798,14,0,15,0,SILVER_IV,72,13,10881,72,0,79,0,SILVER_III,21,12,9337,12,0,6,0,GOLD_IV,1,12,9196,155,0,165,0,BRONZE_I,63,10,6545
9,0,4,0,BRONZE_II,56,18,19403,12,0,8,0,BRONZE_I,91,17,17699,8,0,15,0,BRONZE_I,37,17,18286,15,0,17,0,SILVER_IV,10,17,18196,17,0,33,0,BRONZE_I,70,15,14505,14,0,18,0,BRONZE_I,66,16,14765,3,0,9,0,SILVER_IV,29,17,17237,23,0,21,0,SILVER_IV,70,17,16865,8,0,13,0,BRONZE_I,12,17,16571,6,0,11,0,BRONZE_I,85,17,17124
10,0,12,0,BRONZE_III,95,11,7662,9,0,18,0,BRONZE_I,0,12,9173,8,0,15,0,BRONZE_I,37,12,9712,24,0,22,0,BRONZE_II,53,11,7809,110,0,94,0,BRONZE_I,69,9,5431,52,0,52,0,SILVER_II,34,11,7900,218,0,220,0,SILVER_III,47,9,5155,314,0,284,0,BRONZE_II,28,10,6569,109,0,124,0,SILVER_IV,68,10,6770,21,0,21,0,BRONZE_I,38,8,4263
